method,male_cutoff_hz,female_cutoff_hz,male_si_sdr_db,female_si_sdr_db,avg_si_sdr_db,min_si_sdr_db,male_snr_db,female_snr_db,male_corr,female_corr,avg_corr,male_spectral_l1,female_spectral_l1,reconstruction_error,balanced_score
Butterworth,900.0,1000.0,0.8746472129214155,-5.437883716707361,-2.281618251892973,-5.437883716707361,2.8944907817183427,1.0693602762523324,0.7417406890691861,0.47152258227845506,0.6066316356738206,nan,nan,0.05794644407625775,-3.903189727051528
Butterworth,950.0,1050.0,0.9252372478621034,-5.49754194063834,-2.286152346388118,-5.49754194063834,2.8998966564318795,1.050142636776611,0.7436803066474288,0.46900692321338777,0.6063436149304082,nan,nan,0.05532547557646882,-3.932887037999409
Butterworth,1000.0,1100.0,0.9850208582244385,-5.568745696316885,-2.291862419046223,-5.568745696316885,2.9152658060467793,1.0290609497103442,0.7459628184880208,0.4660121061985364,0.6059874623432786,nan,nan,0.0518877924382964,-3.9680359273947015
Butterworth,850.0,1000.0,0.8546389815117222,-5.437883716707361,-2.2916223675978196,-5.437883716707361,2.9157078505843255,1.0693602762523324,0.7409715394020552,0.47152258227845506,0.6062470608402551,nan,nan,0.08850263229201977,-3.9750753688550287
Butterworth,900.0,1050.0,0.8746472129214155,-5.49754194063834,-2.3114473638584623,-5.49754194063834,2.8944907817183427,1.050142636776611,0.7417406890691861,0.46900692321338777,0.605373806141287,nan,nan,0.08368684693715633,-4.016844415769371
Butterworth,1050.0,1150.0,1.0383221238613074,-5.656044366179178,-2.3088611211589356,-5.656044366179178,2.9287769274046154,1.0054278801034555,0.7479889935909808,0.46235201680570703,0.6051705051983439,nan,nan,0.0474973405982383,-4.021536975048313
Butterworth,800.0,1000.0,0.8770437141142815,-5.437883716707361,-2.28042000129654,-5.437883716707361,2.973529339629064,1.0693602762523324,0.7418327374065814,0.47152258227845506,0.6066776598425182,nan,nan,0.12294215875539792,-4.03189085747598
Butterworth,950.0,1100.0,0.9252372478621034,-5.568745696316885,-2.3217542242273908,-5.568745696316885,2.8998966564318795,1.0290609497103442,0.7436803066474288,0.4660121061985364,0.6048462064229826,nan,nan,0.0793296092906488,-4.055093878121166
Butterworth,750.0,1000.0,0.9280517203757344,-5.437883716707361,-2.2549159981658136,-5.437883716707361,3.058759962521724,1.0693602762523324,0.7437879956691509,0.47152258227845506,0.6076552889738029,nan,nan,0.16344734738371702,-4.085441973339322
Butterworth,850.0,1050.0,0.8546389815117222,-5.49754194063834,-2.3214514795633088,-5.49754194063834,2.9157078505843255,1.050142636776611,0.7409715394020552,0.46900692321338777,0.6049892313077214,nan,nan,0.11263426732082474,-4.085512521908686
Butterworth,1100.0,1200.0,1.0783652848124894,-5.759559192735174,-2.3405969539613425,-5.759559192735174,2.9354980505374364,0.9791430106224086,0.7495056463710354,0.45802914138630985,0.6037673938786726,nan,nan,0.04345075722238286,-4.0997432770163496
Butterworth,1000.0,1150.0,0.9850208582244385,-5.656044366179178,-2.3355117539773698,-5.656044366179178,2.9152658060467793,1.0054278801034555,0.7459628184880208,0.46235201680570703,0.6041574176468639,nan,nan,0.073658219915344,-4.102535541603919
Butterworth,900.0,1100.0,0.8746472129214155,-5.568745696316885,-2.347049241697735,-5.568745696316885,2.8944907817183427,1.0290609497103442,0.7417406890691861,0.4660121061985364,0.6038763976338613,nan,nan,0.106574106374238,-4.13681750733693
Butterworth,800.0,1050.0,0.8770437141142815,-5.49754194063834,-2.310249113262029,-5.49754194063834,2.973529339629064,1.050142636776611,0.7418327374065814,0.46900692321338777,0.6054198303099846,nan,nan,0.1447526463866147,-4.1376857157344595
Butterworth,700.0,1000.0,0.9804949609694873,-5.437883716707361,-2.228694377868937,-5.437883716707361,3.153645726888363,1.0693602762523324,0.7457903874061279,0.47152258227845506,0.6086564848422915,nan,nan,0.20798250288732423,-4.146288272312683
Butterworth,1050.0,1200.0,1.0383221238613074,-5.759559192735174,-2.3606185344369335,-5.759559192735174,2.9287769274046154,0.9791430106224086,0.7479889935909808,0.45802914138630985,0.6030090674886454,nan,nan,0.06748091593108471,-4.169341827689398
Butterworth,750.0,1050.0,0.9280517203757344,-5.49754194063834,-2.2847451101313028,-5.49754194063834,3.058759962521724,1.050142636776611,0.7437879956691509,0.46900692321338777,0.6063974594412693,nan,nan,0.18256157035213258,-4.185844302272199
Butterworth,950.0,1150.0,0.9252372478621034,-5.656044366179178,-2.3654035591585374,-5.656044366179178,2.8998966564318795,1.0054278801034555,0.7436803066474288,0.46235201680570703,0.6030161617265679,nan,nan,0.10019647340775677,-4.1877863656105045
Butterworth,850.0,1100.0,0.8546389815117222,-5.568745696316885,-2.3570533574025814,-5.568745696316885,2.9157078505843255,1.0290609497103442,0.7409715394020552,0.4660121061985364,0.6034918228002958,nan,nan,0.13396940266727708,-4.202381365294986
Butterworth,1150.0,1250.0,1.104330534406345,-5.882182324044294,-2.3889258948189744,-5.882182324044294,2.934923931305802,0.9497370818840387,0.7504865372135556,0.4529329775681296,0.6017097573908426,nan,nan,0.04106141822668254,-4.208720378512802
Butterworth,650.0,1000.0,1.033408859082625,-5.437883716707361,-2.202237428812368,-5.437883716707361,3.2626587984970317,1.0693602762523324,0.7478025735595151,0.47152258227845506,0.609662577918985,nan,nan,0.25347893282273404,-4.208811996973546
Butterworth,700.0,1050.0,0.9804949609694873,-5.49754194063834,-2.258523489834426,-5.49754194063834,3.153645726888363,1.050142636776611,0.7457903874061279,0.46900692321338777,0.6073986553097579,nan,nan,0.2245990598774217,-4.241695269288924
Butterworth,600.0,1000.0,1.1399825854541727,-5.437883716707361,-2.148950565626594,-5.437883716707361,3.427581850960247,1.0693602762523324,0.7518300738151249,0.47152258227845506,0.61167632804679,nan,nan,0.30194334999247496,-4.248426467871645
Butterworth,1000.0,1200.0,0.9850208582244385,-5.759559192735174,-2.3872691672553676,-5.759559192735174,2.9152658060467793,0.9791430106224086,0.7459628184880208,0.45802914138630985,0.6019959799371654,nan,nan,0.09273101917974191,-4.2485188421081075
Butterworth,800.0,1100.0,0.8770437141142815,-5.568745696316885,-2.345850991101302,-5.568745696316885,2.973529339629064,1.0290609497103442,0.7418327374065814,0.4660121061985364,0.603922421802559,nan,nan,0.1640282948495062,-4.250435585353639
Butterworth,1100.0,1250.0,1.0783652848124894,-5.882182324044294,-2.401908519615902,-5.882182324044294,2.9354980505374364,0.9497370818840387,0.7495056463710354,0.4529329775681296,0.6012193119695826,nan,nan,0.0627251079619703,-4.266011273622825
Butterworth,900.0,1150.0,0.8746472129214155,-5.656044366179178,-2.3906985766288815,-5.656044366179178,2.8944907817183427,1.0054278801034555,0.7417406890691861,0.46235201680570703,0.6020463529374466,nan,nan,0.126297459973242,-4.267222973790061
Butterworth,750.0,1100.0,0.9280517203757344,-5.568745696316885,-2.3203469879705754,-5.568745696316885,3.058759962521724,1.0290609497103442,0.7437879956691509,0.4660121061985364,0.6049000509338436,nan,nan,0.19947107427243602,-4.293861882806203
Butterworth,650.0,1050.0,1.033408859082625,-5.49754194063834,-2.2320665407778573,-5.49754194063834,3.2626587984970317,1.050142636776611,0.7478025735595151,0.46900692321338777,0.6084047483864514,nan,nan,0.2679996478691726,-4.300027310062469
Butterworth,850.0,1150.0,0.8546389815117222,-5.656044366179178,-2.400702692333728,-5.656044366179178,2.9157078505843255,1.0054278801034555,0.7409715394020552,0.46235201680570703,0.6016617781038811,nan,nan,0.15228990797078815,-4.329981135157132
Butterworth,950.0,1200.0,0.9252372478621034,-5.759559192735174,-2.4171609724365353,-5.759559192735174,2.8998966564318795,0.9791430106224086,0.7436803066474288,0.45802914138630985,0.6008547240168693,nan,nan,0.11822487812234714,-4.331680877015078
Butterworth,1050.0,1250.0,1.0383221238613074,-5.882182324044294,-2.421930100091493,-5.882182324044294,2.9287769274046154,0.9497370818840387,0.7479889935909808,0.4529329775681296,0.6004609855795552,nan,nan,0.08575857755797732,-4.333616446070484
Butterworth,600.0,1050.0,1.1399825854541727,-5.49754194063834,-2.1787796775920834,-5.49754194063834,3.427581850960247,1.050142636776611,0.7518300738151249,0.46900692321338777,0.6104184985142563,nan,nan,0.3145987852689445,-4.335911221420631
Butterworth,700.0,1100.0,0.9804949609694873,-5.568745696316885,-2.294125367673699,-5.568745696316885,3.153645726888363,1.0290609497103442,0.7457903874061279,0.4660121061985364,0.6059012468023321,nan,nan,0.23929197716403527,-4.345279676555547
Butterworth,1200.0,1300.0,1.1174682889944023,-6.027748121106018,-2.455139916055808,-6.027748121106018,2.927770067275372,0.9168516932019282,0.7509820738325408,0.44691921003788004,0.5989506419352104,nan,nan,0.040103355189867934,-4.351319403118133
Butterworth,800.0,1150.0,0.8770437141142815,-5.656044366179178,-2.389500326032448,-5.656044366179178,2.973529339629064,1.0054278801034555,0.7418327374065814,0.46235201680570703,0.6020923771061442,nan,nan,0.18061357482721715,-4.374564904564183
Butterworth,1150.0,1300.0,1.104330534406345,-6.027748121106018,-2.4617087933498367,-6.027748121106018,2.934923931305802,0.9168516932019282,0.7504865372135556,0.44691921003788004,0.5987028736257178,nan,nan,0.060262447599589965,-4.398702001850591
Butterworth,650.0,1100.0,1.033408859082625,-5.568745696316885,-2.26766841861713,-5.568745696316885,3.2626587984970317,1.0290609497103442,0.7478025735595151,0.4660121061985364,0.6069073398790257,nan,nan,0.280835466684908,-4.399897520387337
Butterworth,900.0,1200.0,0.8746472129214155,-5.759559192735174,-2.4424559899068794,-5.759559192735174,2.8944907817183427,0.9791430106224086,0.7417406890691861,0.45802914138630985,0.599884915227748,nan,nan,0.14318220370905543,-4.408830163237081
Butterworth,1000.0,1250.0,0.9850208582244385,-5.882182324044294,-2.4485807329099276,-5.882182324044294,2.9152658060467793,0.9497370818840387,0.7459628184880208,0.4529329775681296,0.5994478980280752,nan,nan,0.10987518532707283,-4.410526469530071
Butterworth,750.0,1150.0,0.9280517203757344,-5.656044366179178,-2.363996322901722,-5.656044366179178,3.058759962521724,1.0054278801034555,0.7437879956691509,0.46235201680570703,0.603070006237429,nan,nan,0.2140896639866193,-4.414057821489692
Butterworth,600.0,1100.0,1.1399825854541727,-5.568745696316885,-2.214381555431356,-5.568745696316885,3.427581850960247,1.0290609497103442,0.7518300738151249,0.4660121061985364,0.6089210900068307,nan,nan,0.3258074283296319,-4.4325270802354
Butterworth,1100.0,1300.0,1.0783652848124894,-6.027748121106018,-2.4746914181467643,-6.027748121106018,2.9354980505374364,0.9168516932019282,0.7495056463710354,0.44691921003788004,0.5982124282044577,nan,nan,0.08101837988367999,-4.454177382058218
Butterworth,700.0,1150.0,0.9804949609694873,-5.656044366179178,-2.3377747026048454,-5.656044366179178,3.153645726888363,1.0054278801034555,0.7457903874061279,0.46235201680570703,0.6040712021059175,nan,nan,0.25204639675571244,-4.461747274994024
Butterworth,850.0,1200.0,0.8546389815117222,-5.759559192735174,-2.452460105611726,-5.759559192735174,2.9157078505843255,0.9791430106224086,0.7409715394020552,0.45802914138630985,0.5995003403941825,nan,nan,0.16791414861149798,-4.469067318413944
Butterworth,950.0,1250.0,0.9252372478621034,-5.882182324044294,-2.4784725380910952,-5.882182324044294,2.8998966564318795,0.9497370818840387,0.7436803066474288,0.4529329775681296,0.5983066421077792,nan,nan,0.1342046667369963,-4.491359749371676
Butterworth,800.0,1200.0,0.8770437141142815,-5.759559192735174,-2.441257739310446,-5.759559192735174,2.973529339629064,0.9791430106224086,0.7418327374065814,0.45802914138630985,0.5999309393964456,nan,nan,0.19478108344393896,-4.51073762377302
Butterworth,650.0,1150.0,1.033408859082625,-5.656044366179178,-2.3113177535482765,-5.656044366179178,3.2626587984970317,1.0054278801034555,0.7478025735595151,0.46235201680570703,0.6050772951826111,nan,nan,0.2920153341418964,-4.513216014556436
Butterworth,1050.0,1300.0,1.0383221238613074,-6.027748121106018,-2.4947129986223553,-6.027748121106018,2.9287769274046154,0.9168516932019282,0.7479889935909808,0.44691921003788004,0.5974541018144304,nan,nan,0.10289207040132184,-4.519462996349148
Butterworth,1250.0,1350.0,1.1189120954285767,-6.196447181004769,-2.5387675427880962,-6.196447181004769,2.9142968472452346,0.880806178560508,0.75103650047833,0.44000018299013616,0.5955183417342331,nan,nan,0.03941354942720974,-4.524781548676434
Butterworth,600.0,1150.0,1.1399825854541727,-5.656044366179178,-2.2580308903625026,-5.656044366179178,3.427581850960247,1.0054278801034555,0.7518300738151249,0.46235201680570703,0.6070910453104159,nan,nan,0.33560877510118264,-4.543088533033625
Butterworth,750.0,1200.0,0.9280517203757344,-5.759559192735174,-2.41575373617972,-5.759559192735174,3.058759962521724,0.9791430106224086,0.7437879956691509,0.45802914138630985,0.6009085685277303,nan,nan,0.22663862952940267,-4.546993454550652
Butterworth,1200.0,1350.0,1.1174682889944023,-6.196447181004769,-2.5394894460051836,-6.196447181004769,2.927770067275372,0.880806178560508,0.7509820738325408,0.44000018299013616,0.5954911284113384,nan,nan,0.05907381768718937,-4.56487841505927
Butterworth,900.0,1250.0,0.8746472129214155,-5.882182324044294,-2.5037675555614394,-5.882182324044294,2.8944907817183427,0.9497370818840387,0.7417406890691861,0.4529329775681296,0.5973368333186578,nan,nan,0.1580089275528692,-4.566202906052009
Butterworth,700.0,1200.0,0.9804949609694873,-5.759559192735174,-2.3895321158828433,-5.759559192735174,3.153645726888363,0.9791430106224086,0.7457903874061279,0.45802914138630985,0.6019097643962189,nan,nan,0.2630508270680577,-4.591593837594108
Butterworth,1000.0,1300.0,0.9850208582244385,-6.027748121106018,-2.52136363144079,-6.027748121106018,2.9152658060467793,0.9168516932019282,0.7459628184880208,0.44691921003788004,0.5964410142629504,nan,nan,0.1257523033400274,-4.593860270147953
Butterworth,1150.0,1350.0,1.104330534406345,-6.196447181004769,-2.5460583232992122,-6.196447181004769,2.934923931305802,0.880806178560508,0.7504865372135556,0.44000018299013616,0.5952433601018459,nan,nan,0.07854671539040366,-4.610888624378712
Butterworth,850.0,1250.0,0.8546389815117222,-5.882182324044294,-2.513771671266286,-5.882182324044294,2.9157078505843255,0.9497370818840387,0.7409715394020552,0.4529329775681296,0.5969522584850924,nan,nan,0.18157609055957144,-4.624110497437391
Butterworth,650.0,1200.0,1.033408859082625,-5.759559192735174,-2.3630751668262744,-5.759559192735174,3.2626587984970317,0.9791430106224086,0.7478025735595151,0.45802914138630985,0.6029158574729124,nan,nan,0.30170308310538063,-4.6404292144587975
Butterworth,800.0,1250.0,0.8770437141142815,-5.882182324044294,-2.5025693049650064,-5.882182324044294,2.973529339629064,0.9497370818840387,0.7418327374065814,0.4529329775681296,0.5973828574873555,nan,nan,0.20717913693176776,-4.663253025875978
Butterworth,1100.0,1350.0,1.0783652848124894,-6.196447181004769,-2.55904094809614,-6.196447181004769,2.9354980505374364,0.880806178560508,0.7495056463710354,0.44000018299013616,0.5947529146805858,nan,nan,0.09833358220097065,-4.664425873639295
Butterworth,600.0,1200.0,1.1399825854541727,-5.759559192735174,-2.3097883036405005,-5.759559192735174,3.427581850960247,0.9791430106224086,0.7518300738151249,0.45802914138630985,0.6049296076007173,nan,nan,0.3441391429532767,-4.667986970713207
Butterworth,950.0,1300.0,0.9252372478621034,-6.027748121106018,-2.5512554366219575,-6.027748121106018,2.8998966564318795,0.9168516932019282,0.7436803066474288,0.44691921003788004,0.5952997583426545,nan,nan,0.14885345202747935,-4.672236884544617
Butterworth,750.0,1250.0,0.9280517203757344,-5.882182324044294,-2.47706530183428,-5.882182324044294,3.058759962521724,0.9497370818840387,0.7437879956691509,0.4529329775681296,0.5983604866186403,nan,nan,0.23766559132752008,-4.696766673274187
Butterworth,1300.0,1400.0,1.109773592028699,-6.384788276478276,-2.6375073422247883,-6.384788276478276,2.8946508840173673,0.8423392193141666,0.7506919040912008,0.4323419219948575,0.5915169130430291,nan,nan,0.038478807794700184,-4.723825269967268
Butterworth,1050.0,1350.0,1.0383221238613074,-6.196447181004769,-2.579062528571731,-6.196447181004769,2.9287769274046154,0.880806178560508,0.7479889935909808,0.44000018299013616,0.5939945882905585,nan,nan,0.11902215982444177,-4.727341262141882
Butterworth,700.0,1250.0,0.9804949609694873,-5.882182324044294,-2.4508436815374033,-5.882182324044294,3.153645726888363,0.9497370818840387,0.7457903874061279,0.4529329775681296,0.5993616824871287,nan,nan,0.2727668062153016,-4.738745091015896
Butterworth,900.0,1300.0,0.8746472129214155,-6.027748121106018,-2.5765504540923017,-6.027748121106018,2.8944907817183427,0.9168516932019282,0.7417406890691861,0.44691921003788004,0.594329949553533,nan,nan,0.17150763847839143,-4.7447798924950275
Butterworth,1250.0,1400.0,1.1189120954285767,-6.384788276478276,-2.6329380905248496,-6.384788276478276,2.9142968472452346,0.8423392193141666,0.75103650047833,0.4323419219948575,0.5916892112365938,nan,nan,0.05790557989786759,-4.757764966086535
Butterworth,650.0,1250.0,1.033408859082625,-5.882182324044294,-2.4243867324808344,-5.882182324044294,3.2626587984970317,0.9497370818840387,0.7478025735595151,0.4529329775681296,0.6003677755638224,nan,nan,0.31029340953563955,-4.785329162446615
Butterworth,1200.0,1400.0,1.1174682889944023,-6.384788276478276,-2.633659993741937,-6.384788276478276,2.927770067275372,0.8423392193141666,0.7509820738325408,0.4323419219948575,0.5916619979136991,nan,nan,0.07700562664975497,-4.796741389453187
Butterworth,1000.0,1350.0,0.9850208582244385,-6.196447181004769,-2.6057131613901654,-6.196447181004769,2.9152658060467793,0.880806178560508,0.7459628184880208,0.44000018299013616,0.5929815007390785,nan,nan,0.14062116557605525,-4.799216081566504
Butterworth,850.0,1300.0,0.8546389815117222,-6.027748121106018,-2.586554569797148,-6.027748121106018,2.9157078505843255,0.9168516932019282,0.7409715394020552,0.44691921003788004,0.5939453747199677,nan,nan,0.19397813125523305,-4.800494143420687
Butterworth,600.0,1250.0,1.1399825854541727,-5.882182324044294,-2.3710998692950604,-5.882182324044294,3.427581850960247,0.9497370818840387,0.7518300738151249,0.4529329775681296,0.6023815256916273,nan,nan,0.3517344729534113,-4.810896925840774
Butterworth,800.0,1300.0,0.8770437141142815,-6.027748121106018,-2.5753522034958687,-6.027748121106018,2.973529339629064,0.9168516932019282,0.7418327374065814,0.44691921003788004,0.5943759737222307,nan,nan,0.21844653488523652,-4.83736738637489
Butterworth,1150.0,1400.0,1.104330534406345,-6.384788276478276,-2.6402288710359656,-6.384788276478276,2.934923931305802,0.8423392193141666,0.7504865372135556,0.4323419219948575,0.5914142296042065,nan,nan,0.09572690746511063,-4.841248364996911
Butterworth,750.0,1300.0,0.9280517203757344,-6.027748121106018,-2.549848200365142,-6.027748121106018,3.058759962521724,0.9168516932019282,0.7437879956691509,0.44691921003788004,0.5953536028535155,nan,nan,0.24772697175707212,-4.868468998725265
Butterworth,950.0,1350.0,0.9252372478621034,-6.196447181004769,-2.635604966571333,-6.196447181004769,2.8998966564318795,0.880806178560508,0.7436803066474288,0.44000018299013616,0.5918402448187825,nan,nan,0.16251044758093006,-4.875168962598013
Butterworth,1100.0,1400.0,1.0783652848124894,-6.384788276478276,-2.6532114958328936,-6.384788276478276,2.9354980505374364,0.8423392193141666,0.7495056463710354,0.4323419219948575,0.5909237841829464,nan,nan,0.11455151244570891,-4.892861090597557
Butterworth,700.0,1300.0,0.9804949609694873,-6.027748121106018,-2.5236265800682656,-6.027748121106018,3.153645726888363,0.9168516932019282,0.7457903874061279,0.44691921003788004,0.5963547987220039,nan,nan,0.2816733069421509,-4.908137657061569
Butterworth,900.0,1350.0,0.8746472129214155,-6.196447181004769,-2.660899984041677,-6.196447181004769,2.8944907817183427,0.880806178560508,0.7417406890691861,0.44000018299013616,0.5908704360296612,nan,nan,0.1840578077065583,-4.945498317897856
Butterworth,1350.0,1450.0,1.0918579014791656,-6.5900881911126845,-2.7491151448167592,-6.5900881911126845,2.8696781287397073,0.8019369154931164,0.7500156093879496,0.4240768550451735,0.5870462322165616,nan,nan,0.037755103712619156,-4.945576983365217
Butterworth,650.0,1300.0,1.033408859082625,-6.027748121106018,-2.4971696310116966,-6.027748121106018,3.2626587984970317,0.9168516932019282,0.7478025735595151,0.44691921003788004,0.5973608917986976,nan,nan,0.31820096423970007,-4.952723836446711
Butterworth,1050.0,1400.0,1.0383221238613074,-6.384788276478276,-2.6732330763084846,-6.384788276478276,2.9287769274046154,0.8423392193141666,0.7479889935909808,0.4323419219948575,0.5901654577929192,nan,nan,0.13410933109310735,-4.953514961147999
Butterworth,1300.0,1450.0,1.109773592028699,-6.5900881911126845,-2.740157299541993,-6.5900881911126845,2.8946508840173673,0.8019369154931164,0.7506919040912008,0.4240768550451735,0.5873843795681871,nan,nan,0.05670538802313109,-4.973843412008223
Butterworth,600.0,1300.0,1.1399825854541727,-6.027748121106018,-2.4438827678259227,-6.027748121106018,3.427581850960247,0.9168516932019282,0.7518300738151249,0.44691921003788004,0.5993746419265025,nan,nan,0.35875387711271595,-4.976515298751359
Butterworth,850.0,1350.0,0.8546389815117222,-6.196447181004769,-2.6709040997465237,-6.196447181004769,2.9157078505843255,0.880806178560508,0.7409715394020552,0.44000018299013616,0.5904858611960957,nan,nan,0.205504904601259,-4.999165777059234
Butterworth,1250.0,1450.0,1.1189120954285767,-6.5900881911126845,-2.735588047842054,-6.5900881911126845,2.9142968472452346,0.8019369154931164,0.75103650047833,0.4240768550451735,0.5875566777617518,nan,nan,0.07555402439433483,-5.006626836663562
Butterworth,1000.0,1400.0,0.9850208582244385,-6.384788276478276,-2.6998837091269188,-6.384788276478276,2.9152658060467793,0.8423392193141666,0.7459628184880208,0.4323419219948575,0.5891523702414392,nan,nan,0.15451940601097436,-5.0230119189051265
Butterworth,800.0,1350.0,0.8770437141142815,-6.196447181004769,-2.659701733445244,-6.196447181004769,2.973529339629064,0.880806178560508,0.7418327374065814,0.44000018299013616,0.5909164601983588,nan,nan,0.22894391272978823,-5.033980229010488
Butterworth,1200.0,1450.0,1.1174682889944023,-6.5900881911126845,-2.736309951059141,-6.5900881911126845,2.927770067275372,0.8019369154931164,0.7509820738325408,0.4240768550451735,0.5875294644388571,nan,nan,0.09396397856790621,-5.044223074873582
Butterworth,750.0,1350.0,0.9280517203757344,-6.196447181004769,-2.6341977303145176,-6.196447181004769,3.058759962521724,0.880806178560508,0.7437879956691509,0.44000018299013616,0.5918940893296435,nan,nan,0.25714263140113613,-5.062918404959888
Butterworth,1150.0,1450.0,1.104330534406345,-6.5900881911126845,-2.7428788283531698,-6.5900881911126845,2.934923931305802,0.8019369154931164,0.7504865372135556,0.4240768550451735,0.5872816961293645,nan,nan,0.11187763821179894,-5.08711480807438
Butterworth,950.0,1400.0,0.9252372478621034,-6.384788276478276,-2.7297755143080864,-6.384788276478276,2.8998966564318795,0.8423392193141666,0.7436803066474288,0.4323419219948575,0.5880111143211432,nan,nan,0.17527293562619342,-5.096693295157325
Butterworth,700.0,1350.0,0.9804949609694873,-6.196447181004769,-2.607976110017641,-6.196447181004769,3.153645726888363,0.880806178560508,0.7457903874061279,0.44000018299013616,0.5928952851981321,nan,nan,0.2900486250707846,-5.1005063802653305
Butterworth,1100.0,1450.0,1.0783652848124894,-6.5900881911126845,-2.7558614531500973,-6.5900881911126845,2.9354980505374364,0.8019369154931164,0.7495056463710354,0.4240768550451735,0.5867912507081045,nan,nan,0.12975786737492373,-5.136838782040078
Butterworth,650.0,1350.0,1.033408859082625,-6.196447181004769,-2.581519160961072,-6.196447181004769,3.2626587984970317,0.880806178560508,0.7478025735595151,0.44000018299013616,0.5939013782748256,nan,nan,0.32566889166502627,-5.143277778243858
Butterworth,900.0,1400.0,0.8746472129214155,-6.384788276478276,-2.7550705317784305,-6.384788276478276,2.8944907817183427,0.8423392193141666,0.7417406890691861,0.4323419219948575,0.5870413055320218,nan,nan,0.19579238604949267,-5.16496683105251
Butterworth,600.0,1350.0,1.1399825854541727,-6.196447181004769,-2.5282322977752982,-6.196447181004769,3.427581850960247,0.880806178560508,0.7518300738151249,0.44000018299013616,0.5959151284026305,nan,nan,0.3654085646008243,-5.16544276067407
Butterworth,1400.0,1500.0,1.0674082257116568,-6.81393040492715,-2.8732610896077464,-6.81393040492715,2.840752396514999,0.7595856033449253,0.7490911168599563,0.4151673444863404,0.5821292306731484,nan,nan,0.03777752235288659,-5.191522875430797
Butterworth,1050.0,1450.0,1.0383221238613074,-6.5900881911126845,-2.7758830336256883,-6.5900881911126845,2.9287769274046154,0.8019369154931164,0.7479889935909808,0.4240768550451735,0.5860329243180772,nan,nan,0.148254947681917,-5.1953711759097105
Butterworth,1350.0,1500.0,1.0918579014791656,-6.81393040492715,-2.8610362517239922,-6.81393040492715,2.8696781287397073,0.7595856033449253,0.7500156093879496,0.4151673444863404,0.582591476937145,nan,nan,0.05620992572904959,-5.215238351771378
Butterworth,850.0,1400.0,0.8546389815117222,-6.384788276478276,-2.765074647483277,-6.384788276478276,2.9157078505843255,0.8423392193141666,0.7409715394020552,0.4323419219948575,0.5866567306984564,nan,nan,0.21630220698972405,-5.216759738304951
Butterworth,1300.0,1500.0,1.109773592028699,-6.81393040492715,-2.852078406449225,-6.81393040492715,2.8946508840173673,0.7595856033449253,0.7506919040912008,0.4151673444863404,0.5829296242887706,nan,nan,0.07454049309006325,-5.242265346515385
Butterworth,800.0,1400.0,0.8770437141142815,-6.384788276478276,-2.753872281181997,-6.384788276478276,2.973529339629064,0.8423392193141666,0.7418327374065814,0.4323419219948575,0.5870873297007194,nan,nan,0.23881157504293543,-5.249714910105568
Butterworth,1000.0,1450.0,0.9850208582244385,-6.5900881911126845,-2.802533666444123,-6.5900881911126845,2.9152658060467793,0.8019369154931164,0.7459628184880208,0.4240768550451735,0.5850198367665972,nan,nan,0.1675671110693716,-5.262672310606014
Butterworth,1250.0,1500.0,1.1189120954285767,-6.81393040492715,-2.8475091547492863,-6.81393040492715,2.9142968472452346,0.7595856033449253,0.75103650047833,0.4151673444863404,0.5831019224823353,nan,nan,0.09265145369513506,-5.27357341963846
Butterworth,750.0,1400.0,0.9280517203757344,-6.384788276478276,-2.728368278051271,-6.384788276478276,3.058759962521724,0.8423392193141666,0.7437879956691509,0.4323419219948575,0.5880649588320042,nan,nan,0.2660367755452206,-5.276706049716842
Butterworth,1200.0,1500.0,1.1174682889944023,-6.81393040492715,-2.8482310579663737,-6.81393040492715,2.927770067275372,0.7595856033449253,0.7509820738325408,0.4151673444863404,0.5830747091594406,nan,nan,0.11025860614067348,-5.309564054392414
Butterworth,700.0,1400.0,0.9804949609694873,-6.384788276478276,-2.7021466577543944,-6.384788276478276,3.153645726888363,0.8423392193141666,0.7457903874061279,0.4323419219948575,0.5890661547004927,nan,nan,0.2979999826382535,-5.312408451869054
Butterworth,950.0,1450.0,0.9252372478621034,-6.5900881911126845,-2.8324254716252906,-6.5900881911126845,2.8998966564318795,0.8019369154931164,0.7436803066474288,0.4240768550451735,0.5838785808463012,nan,nan,0.18727661288267344,-5.334265631254377
Butterworth,1150.0,1500.0,1.104330534406345,-6.81393040492715,-2.8547999352604023,-6.81393040492715,2.934923931305802,0.7595856033449253,0.7504865372135556,0.4151673444863404,0.582826940849948,nan,nan,0.1273129754776379,-5.350737206979357
Butterworth,650.0,1400.0,1.033408859082625,-6.384788276478276,-2.6756897086978255,-6.384788276478276,3.2626587984970317,0.8423392193141666,0.7478025735595151,0.4323419219948575,0.5900722477771863,nan,nan,0.33278925493587086,-5.353517861254332
Butterworth,600.0,1400.0,1.1399825854541727,-6.384788276478276,-2.6224028455120516,-6.384788276478276,3.427581850960247,0.8423392193141666,0.7518300738151249,0.4323419219948575,0.5920859979049912,nan,nan,0.3717777153468688,-5.374180418634945
Butterworth,1100.0,1500.0,1.0783652848124894,-6.81393040492715,-2.8677825600573303,-6.81393040492715,2.9354980505374364,0.7595856033449253,0.7495056463710354,0.4151673444863404,0.5823364954286879,nan,nan,0.14425941749314708,-5.398593606649823
Butterworth,900.0,1450.0,0.8746472129214155,-6.5900881911126845,-2.8577204890956347,-6.5900881911126845,2.8944907817183427,0.8019369154931164,0.7417406890691861,0.4240768550451735,0.5829087720571798,nan,nan,0.20685457445266117,-5.40065618944294
Butterworth,850.0,1450.0,0.8546389815117222,-6.5900881911126845,-2.867724604800481,-6.5900881911126845,2.9157078505843255,0.8019369154931164,0.7409715394020552,0.4240768550451735,0.5825241972236144,nan,nan,0.22651085080291197,-5.450742007515418
Butterworth,1050.0,1500.0,1.0383221238613074,-6.81393040492715,-2.8878041405329213,-6.81393040492715,2.9287769274046154,0.7595856033449253,0.7479889935909808,0.4151673444863404,0.5815781690386606,nan,nan,0.16175227625000665,-5.455117557419188
Butterworth,1450.0,1550.0,1.0381296920892606,-7.061374335787307,-3.011622321849023,-7.061374335787307,2.8088967553958266,0.7151013451759916,0.7479816936533927,0.40544677818118635,0.5767142359172895,nan,nan,0.03841801462999008,-5.465717047168077
Butterworth,800.0,1450.0,0.8770437141142815,-6.5900881911126845,-2.8565222384992017,-6.5900881911126845,2.973529339629064,0.8019369154931164,0.7418327374065814,0.4240768550451735,0.5829547962258774,nan,nan,0.24817891800340294,-5.482014577610594
Butterworth,1400.0,1550.0,1.0674082257116568,-7.061374335787307,-2.996983055037825,-7.061374335787307,2.840752396514999,0.7151013451759916,0.7490911168599563,0.40544677818118635,0.5772689475205713,nan,nan,0.056729123194286704,-5.4865905742789085
Butterworth,750.0,1450.0,0.9280517203757344,-6.5900881911126845,-2.831018235368475,-6.5900881911126845,3.058759962521724,0.8019369154931164,0.7437879956691509,0.4240768550451735,0.5839324253571622,nan,nan,0.27452196758026565,-5.507241415371024
Butterworth,1350.0,1550.0,1.0918579014791656,-7.061374335787307,-2.984758217154071,-7.061374335787307,2.8696781287397073,0.7151013451759916,0.7500156093879496,0.40544677818118635,0.5777311937845679,nan,nan,0.07458830196888859,-5.509159601416366
Butterworth,1000.0,1500.0,0.9850208582244385,-6.81393040492715,-2.9144547733513555,-6.81393040492715,2.9152658060467793,0.7595856033449253,0.7459628184880208,0.4151673444863404,0.5805650814871806,nan,nan,0.18004372383605702,-5.520377260512682
Butterworth,1300.0,1550.0,1.109773592028699,-7.061374335787307,-2.975800371879304,-7.061374335787307,2.8946508840173673,0.7151013451759916,0.7506919040912008,0.40544677818118635,0.5780693411361936,nan,nan,0.09217689132890355,-5.534702640158376
Butterworth,700.0,1450.0,0.9804949609694873,-6.5900881911126845,-2.8047966150715986,-6.5900881911126845,3.153645726888363,0.8019369154931164,0.7457903874061279,0.4240768550451735,0.5849336212256507,nan,nan,0.3056229974022083,-5.541219462981056
Butterworth,1250.0,1550.0,1.1189120954285767,-7.061374335787307,-2.971231120179365,-7.061374335787307,2.9142968472452346,0.7151013451759916,0.75103650047833,0.40544677818118635,0.5782416393297583,nan,nan,0.10944879858755695,-5.564332606588616
Butterworth,650.0,1450.0,1.033408859082625,-6.5900881911126845,-2.7783396660150297,-6.5900881911126845,3.2626587984970317,0.8019369154931164,0.7478025735595151,0.4240768550451735,0.5859397143023443,nan,nan,0.3396445065010026,-5.580793345968689
Butterworth,950.0,1500.0,0.9252372478621034,-6.81393040492715,-2.944346578532523,-6.81393040492715,2.8998966564318795,0.7595856033449253,0.7436803066474288,0.4151673444863404,0.5794238255668847,nan,nan,0.19878730574427936,-5.590038741350887
Butterworth,1200.0,1550.0,1.1174682889944023,-7.061374335787307,-2.9719530233964524,-7.061374335787307,2.927770067275372,0.7151013451759916,0.7509820738325408,0.40544677818118635,0.5782144260068636,nan,nan,0.12618243278878258,-5.598576204853944
Butterworth,600.0,1450.0,1.1399825854541727,-6.5900881911126845,-2.7250528028292558,-6.5900881911126845,3.427581850960247,0.8019369154931164,0.7518300738151249,0.4240768550451735,0.5879534644301492,nan,nan,0.3779321963278022,-5.600054362180904
Butterworth,1150.0,1550.0,1.104330534406345,-7.061374335787307,-2.978521900690481,-7.061374335787307,2.934923931305802,0.7151013451759916,0.7504865372135556,0.40544677818118635,0.577966657697371,nan,nan,0.142347974507963,-5.637971702205318
Butterworth,900.0,1500.0,0.8746472129214155,-6.81393040492715,-2.9696415960028673,-6.81393040492715,2.8944907817183427,0.7595856033449253,0.7417406890691861,0.4151673444863404,0.5784540167777632,nan,nan,0.2174953789336889,-5.654689522778294
Butterworth,1100.0,1550.0,1.0783652848124894,-7.061374335787307,-2.991504525487409,-7.061374335787307,2.9354980505374364,0.7151013451759916,0.7495056463710354,0.40544677818118635,0.5774762122761109,nan,nan,0.15837481029428074,-5.683988889417402
Butterworth,850.0,1500.0,0.8546389815117222,-6.81393040492715,-2.9796457117077138,-6.81393040492715,2.9157078505843255,0.7595856033449253,0.7409715394020552,0.4151673444863404,0.5780694419441978,nan,nan,0.2363647835796538,-5.703201597442201
Butterworth,800.0,1500.0,0.8770437141142815,-6.81393040492715,-2.968443345406434,-6.81393040492715,2.973529339629064,0.7595856033449253,0.7418327374065814,0.4151673444863404,0.5785000409464609,nan,nan,0.2572585237344649,-5.732925513446017
Butterworth,1050.0,1550.0,1.0383221238613074,-7.061374335787307,-3.011526105963,-7.061374335787307,2.9287769274046154,0.7151013451759916,0.7479889935909808,0.40544677818118635,0.5767178858860835,nan,nan,0.1749112281684558,-5.738599958421398
Butterworth,750.0,1500.0,0.9280517203757344,-6.81393040492715,-2.9429393422757077,-6.81393040492715,3.058759962521724,0.7595856033449253,0.7437879956691509,0.4151673444863404,0.5794776700777456,nan,nan,0.28278656546120273,-5.756522335506197
Butterworth,1500.0,1600.0,1.0047096502178579,-7.337855787053851,-3.1665730684179962,-7.337855787053851,2.7743305042293005,0.6685686459122522,0.7467122366775553,0.3947505033496969,0.5707313700136261,nan,nan,0.03910661200536877,-5.772251445928407
Butterworth,700.0,1500.0,0.9804949609694873,-6.81393040492715,-2.916717721978831,-6.81393040492715,3.153645726888363,0.7595856033449253,0.7457903874061279,0.4151673444863404,0.5804788659462341,nan,nan,0.3130830632573736,-5.788891319064685
Butterworth,1450.0,1600.0,1.0381296920892606,-7.337855787053851,-3.1498630474822953,-7.337855787053851,2.8088967553958266,0.6685686459122522,0.7479816936533927,0.3947505033496969,0.5713660985015449,nan,nan,0.05774081605721086,-5.791540376120553
Butterworth,1000.0,1550.0,0.9850208582244385,-7.061374335787307,-3.0381767387814342,-7.061374335787307,2.9152658060467793,0.7151013451759916,0.7459628184880208,0.40544677818118635,0.5757047983346035,nan,nan,0.1922442788830735,-5.801942867772027
Butterworth,1400.0,1600.0,1.0674082257116568,-7.337855787053851,-3.135223780671097,-7.337855787053851,2.840752396514999,0.6685686459122522,0.7490911168599563,0.3947505033496969,0.5719208101048266,nan,nan,0.07558293635301865,-5.811475926694406
Butterworth,650.0,1500.0,1.033408859082625,-6.81393040492715,-2.8902607729222622,-6.81393040492715,3.2626587984970317,0.7595856033449253,0.7478025735595151,0.4151673444863404,0.5814849590229277,nan,nan,0.3463804427524963,-5.827016942844974
Butterworth,1350.0,1600.0,1.0918579014791656,-7.337855787053851,-3.1229989427873424,-7.337855787053851,2.8696781287397073,0.6685686459122522,0.7500156093879496,0.3947505033496969,0.5723830563688233,nan,nan,0.09279557621222342,-5.832751876001068
Butterworth,600.0,1500.0,1.1399825854541727,-6.81393040492715,-2.8369739097364883,-6.81393040492715,3.427581850960247,0.7595856033449253,0.7518300738151249,0.4151673444863404,0.5834987091507327,nan,nan,0.38400076426448915,-5.8449432224275775
Butterworth,1300.0,1600.0,1.109773592028699,-7.337855787053851,-3.114041097512576,-7.337855787053851,2.8946508840173673,0.6685686459122522,0.7506919040912008,0.3947505033496969,0.5727212037204489,nan,nan,0.1095919713216474,-5.856710526241899
Butterworth,950.0,1550.0,0.9252372478621034,-7.061374335787307,-3.068068543962602,-7.061374335787307,2.8998966564318795,0.7151013451759916,0.7436803066474288,0.40544677818118635,0.5745635424143076,nan,nan,0.2100837990303771,-5.869796225088394
Butterworth,1250.0,1600.0,1.1189120954285767,-7.337855787053851,-3.109471845812637,-7.337855787053851,2.9142968472452346,0.6685686459122522,0.75103650047833,0.3947505033496969,0.5728935019140134,nan,nan,0.12599161104033177,-5.8845959575921984
Butterworth,1200.0,1600.0,1.1174682889944023,-7.337855787053851,-3.1101937490297242,-7.337855787053851,2.927770067275372,0.6685686459122522,0.7509820738325408,0.3947505033496969,0.5728662885911189,nan,nan,0.14183599445313078,-5.917061054280674
Butterworth,900.0,1550.0,0.8746472129214155,-7.061374335787307,-3.093363561432946,-7.061374335787307,2.8944907817183427,0.7151013451759916,0.7417406890691861,0.40544677818118635,0.5735937336251862,nan,nan,0.2279769584075823,-5.9328171788913915
Butterworth,1150.0,1600.0,1.104330534406345,-7.337855787053851,-3.116762626323753,-7.337855787053851,2.934923931305802,0.6685686459122522,0.7504865372135556,0.3947505033496969,0.5726185202816263,nan,nan,0.15711996828199637,-5.95469341585142
Butterworth,850.0,1550.0,0.8546389815117222,-7.061374335787307,-3.1033676771377925,-7.061374335787307,2.9157078505843255,0.7151013451759916,0.7409715394020552,0.40544677818118635,0.5732091587916208,nan,nan,0.24610840987554958,-5.979853347199303
Butterworth,1100.0,1600.0,1.0783652848124894,-7.337855787053851,-3.1297452511206805,-7.337855787053851,2.9354980505374364,0.6685686459122522,0.7495056463710354,0.3947505033496969,0.5721280748603662,nan,nan,0.1722603556099209,-5.998937706146715
Butterworth,800.0,1550.0,0.8770437141142815,-7.061374335787307,-3.0921653108365126,-7.061374335787307,2.973529339629064,0.7151013451759916,0.7418327374065814,0.40544677818118635,0.5736397577938839,nan,nan,0.2662746726767162,-6.008122308495832
Butterworth,750.0,1550.0,0.9280517203757344,-7.061374335787307,-3.0666613077057865,-7.061374335787307,3.058759962521724,0.7151013451759916,0.7437879956691509,0.40544677818118635,0.5746173869251686,nan,nan,0.2910322993352705,-6.030178300419643
Butterworth,1050.0,1600.0,1.0383221238613074,-7.337855787053851,-3.1497668315962715,-7.337855787053851,2.9287769274046154,0.6685686459122522,0.7479889935909808,0.3947505033496969,0.5713697484703388,nan,nan,0.18789350164171015,-6.05174223146594
Butterworth,700.0,1550.0,0.9804949609694873,-7.061374335787307,-3.04043968740891,-7.061374335787307,3.153645726888363,0.7151013451759916,0.7457903874061279,0.40544677818118635,0.5756185827936571,nan,nan,0.3205605637430154,-6.06101081720128
Butterworth,650.0,1550.0,1.033408859082625,-7.061374335787307,-3.013982738352341,-7.061374335787307,3.2626587984970317,0.7151013451759916,0.7478025735595151,0.40544677818118635,0.5766246758703507,nan,nan,0.3531586960682531,-6.0977379466418
Butterworth,1000.0,1600.0,0.9850208582244385,-7.337855787053851,-3.176417464414706,-7.337855787053851,2.9152658060467793,0.6685686459122522,0.7459628184880208,0.3947505033496969,0.5703566609188588,nan,nan,0.2043288475588406,-6.113289731221596
Butterworth,600.0,1550.0,1.1399825854541727,-7.061374335787307,-2.960695875166567,-7.061374335787307,3.427581850960247,0.7151013451759916,0.7518300738151249,0.40544677818118635,0.5786384259981556,nan,nan,0.3901281999394623,-6.114362590942834
Butterworth,1500.0,1650.0,1.0047096502178579,-7.647273504218511,-3.321281927000326,-7.647273504218511,2.7743305042293005,0.6204679245928247,0.7467122366775553,0.3829933949677203,0.5648528158226378,nan,nan,0.05851452245261487,-6.132242092369535
Butterworth,1450.0,1650.0,1.0381296920892606,-7.647273504218511,-3.3045719060646253,-7.647273504218511,2.8088967553958266,0.6204679245928247,0.7479816936533927,0.3829933949677203,0.5654875443105565,nan,nan,0.0767555139923754,-6.150744597537518
Butterworth,1400.0,1650.0,1.0674082257116568,-7.647273504218511,-3.289932639253427,-7.647273504218511,2.840752396514999,0.6204679245928247,0.7490911168599563,0.3829933949677203,0.5660422559138383,nan,nan,0.09406578402073139,-6.16961644757647
Butterworth,950.0,1600.0,0.9252372478621034,-7.337855787053851,-3.2063092695958737,-7.337855787053851,2.8998966564318795,0.6685686459122522,0.7436803066474288,0.3947505033496969,0.5692154049985628,nan,nan,0.22132099200375402,-6.179448337133182
Butterworth,1350.0,1650.0,1.0918579014791656,-7.647273504218511,-3.2777078013696723,-7.647273504218511,2.8696781287397073,0.6204679245928247,0.7500156093879496,0.3829933949677203,0.566504502177835,nan,nan,0.1106057471245125,-6.189547043372283
Butterworth,1300.0,1650.0,1.109773592028699,-7.647273504218511,-3.268749956094906,-7.647273504218511,2.8946508840173673,0.6204679245928247,0.7506919040912008,0.3829933949677203,0.5668426495294605,nan,nan,0.12661272210200272,-6.2119268533492455
Butterworth,1250.0,1650.0,1.1189120954285767,-7.647273504218511,-3.264180704394967,-7.647273504218511,2.9142968472452346,0.6204679245928247,0.75103650047833,0.3829933949677203,0.5670149477230252,nan,nan,0.14216018078055503,-6.238107922619282
Butterworth,900.0,1600.0,0.8746472129214155,-7.337855787053851,-3.231604287066218,-7.337855787053851,2.8944907817183427,0.6685686459122522,0.7417406890691861,0.3947505033496969,0.5682455962094415,nan,nan,0.23844727213858968,-6.24093553245144
Butterworth,1200.0,1650.0,1.1174682889944023,-7.647273504218511,-3.264902607612054,-7.647273504218511,2.927770067275372,0.6204679245928247,0.7509820738325408,0.3829933949677203,0.5669877344001305,nan,nan,0.15714613903529512,-6.268856168991639
Butterworth,850.0,1600.0,0.8546389815117222,-7.337855787053851,-3.2416084027710643,-7.337855787053851,2.9157078505843255,0.6685686459122522,0.7409715394020552,0.3947505033496969,0.567861021375876,nan,nan,0.2558813195799155,-6.286576892706068
Butterworth,1150.0,1650.0,1.104330534406345,-7.647273504218511,-3.271471484906083,-7.647273504218511,2.934923931305802,0.6204679245928247,0.7504865372135556,0.3829933949677203,0.5667399660906379,nan,nan,0.17159061753951552,-6.304809539913094
Butterworth,800.0,1600.0,0.8770437141142815,-7.337855787053851,-3.230406036469785,-7.337855787053851,2.973529339629064,0.6685686459122522,0.7418327374065814,0.3947505033496969,0.5682916203781392,nan,nan,0.27535672339371337,-6.313464136027859
Butterworth,750.0,1600.0,0.9280517203757344,-7.337855787053851,-3.2049020333390583,-7.337855787053851,3.058759962521724,0.6685686459122522,0.7437879956691509,0.3947505033496969,0.5692692495094239,nan,nan,0.29937722440797115,-6.334045876663078
Butterworth,1100.0,1650.0,1.0783652848124894,-7.647273504218511,-3.2844541097030104,-7.647273504218511,2.9354980505374364,0.6204679245928247,0.7495056463710354,0.3829933949677203,0.5662495206693778,nan,nan,0.18589978487980635,-6.347391390233123
Butterworth,700.0,1600.0,0.9804949609694873,-7.337855787053851,-3.1786804130421817,-7.337855787053851,3.153645726888363,0.6685686459122522,0.7457903874061279,0.3947505033496969,0.5702704453779124,nan,nan,0.3281621754762451,-6.363391766765773
Butterworth,1050.0,1650.0,1.0383221238613074,-7.647273504218511,-3.3044756901786014,-7.647273504218511,2.9287769274046154,0.6204679245928247,0.7479889935909808,0.3829933949677203,0.5654911942793506,nan,nan,0.20069527873019388,-6.398520611189543
Butterworth,650.0,1600.0,1.033408859082625,-7.337855787053851,-3.152223463985613,-7.337855787053851,3.2626587984970317,0.6685686459122522,0.7478025735595151,0.3947505033496969,0.571276538454606,nan,nan,0.36007608789130735,-6.398750456385941
Butterworth,600.0,1600.0,1.1399825854541727,-7.337855787053851,-3.098936600799839,-7.337855787053851,3.427581850960247,0.6685686459122522,0.7518300738151249,0.3947505033496969,0.5732902885824109,nan,nan,0.3964027109222302,-6.414089339006402
Butterworth,1000.0,1650.0,0.9850208582244385,-7.647273504218511,-3.331126322997036,-7.647273504218511,2.9152658060467793,0.6204679245928247,0.7459628184880208,0.3829933949677203,0.5644781067278706,nan,nan,0.21630013815547117,-6.458407137961493
Butterworth,950.0,1650.0,0.9252372478621034,-7.647273504218511,-3.3610181281782037,-7.647273504218511,2.8998966564318795,0.6204679245928247,0.7436803066474288,0.3829933949677203,0.5633368508075746,nan,nan,0.23250509116716872,-6.522991361006647
Butterworth,1500.0,1700.0,1.0047096502178579,-7.992445707343924,-3.493868028563033,-7.992445707343924,2.7743305042293005,0.571521573772689,0.7467122366775553,0.3701519014748787,0.558432069076217,nan,nan,0.07741526993751072,-6.528057283957582
Butterworth,1450.0,1700.0,1.0381296920892606,-7.992445707343924,-3.477158007627332,-7.992445707343924,2.8088967553958266,0.571521573772689,0.7479816936533927,0.3701519014748787,0.5590667975641357,nan,nan,0.09518806077636731,-6.545623387723757
Butterworth,1400.0,1700.0,1.0674082257116568,-7.992445707343924,-3.4625187408161335,-7.992445707343924,2.840752396514999,0.571521573772689,0.7490911168599563,0.3701519014748787,0.5596215091674175,nan,nan,0.11192867259130033,-6.563355921335861
Butterworth,1350.0,1700.0,1.0918579014791656,-7.992445707343924,-3.450293902932379,-7.992445707343924,2.8696781287397073,0.571521573772689,0.7500156093879496,0.3701519014748787,0.5600837554314142,nan,nan,0.12779686640559143,-6.5819429785526955
Butterworth,900.0,1650.0,0.8746472129214155,-7.647273504218511,-3.386313145648548,-7.647273504218511,2.8944907817183427,0.6204679245928247,0.7417406890691861,0.3829933949677203,0.5623670420184532,nan,nan,0.24891452023338598,-6.583044854187668
Butterworth,1300.0,1700.0,1.109773592028699,-7.992445707343924,-3.4413360576576126,-7.992445707343924,2.8946508840173673,0.571521573772689,0.7506919040912008,0.3701519014748787,0.5604219027830397,nan,nan,0.1430463659327706,-6.602807837629037
Butterworth,850.0,1650.0,0.8546389815117222,-7.647273504218511,-3.3963172613533943,-7.647273504218511,2.9157078505843255,0.6204679245928247,0.7409715394020552,0.3829933949677203,0.5619824671848878,nan,nan,0.26569210775869295,-6.62737329461026
Butterworth,1250.0,1700.0,1.1189120954285767,-7.992445707343924,-3.4367668059576735,-7.992445707343924,2.9142968472452346,0.571521573772689,0.75103650047833,0.3701519014748787,0.5605942009766044,nan,nan,0.15779190683974342,-6.6273850713559135
Butterworth,800.0,1650.0,0.8770437141142815,-7.647273504218511,-3.385114895052115,-7.647273504218511,2.973529339629064,0.6204679245928247,0.7418327374065814,0.3829933949677203,0.5624130661871508,nan,nan,0.2845131957210614,-6.652951906229191
Butterworth,1200.0,1700.0,1.1174682889944023,-7.992445707343924,-3.437488709174761,-7.992445707343924,2.927770067275372,0.571521573772689,0.7509820738325408,0.3701519014748787,0.5605669876537097,nan,nan,0.1719781101950775,-6.656533807929459
Butterworth,750.0,1650.0,0.9280517203757344,-7.647273504218511,-3.3596108919213883,-7.647273504218511,3.058759962521724,0.6204679245928247,0.7437879956691509,0.3829933949677203,0.5633906953184356,nan,nan,0.30782867563711036,-6.672123604667993
Butterworth,1150.0,1700.0,1.104330534406345,-7.992445707343924,-3.4440575864687895,-7.992445707343924,2.934923931305802,0.571521573772689,0.7504865372135556,0.3701519014748787,0.5603192193442171,nan,nan,0.18564680406584896,-6.690935609584015
Butterworth,700.0,1650.0,0.9804949609694873,-7.647273504218511,-3.3333892716245117,-7.647273504218511,3.153645726888363,0.6204679245928247,0.7457903874061279,0.3829933949677203,0.5643918911869241,nan,nan,0.33589465037976063,-6.70003154211944
Butterworth,1100.0,1700.0,1.0783652848124894,-7.992445707343924,-3.457040211265717,-7.992445707343924,2.9354980505374364,0.571521573772689,0.7495056463710354,0.3701519014748787,0.559828773922957,nan,nan,0.19919473443900534,-6.731994985969776
Butterworth,650.0,1650.0,1.033408859082625,-7.647273504218511,-3.306932322567943,-7.647273504218511,3.2626587984970317,0.6204679245928247,0.7478025735595151,0.3829933949677203,0.5653979842636176,nan,nan,0.3671392384912681,-6.734051583132499
Butterworth,600.0,1650.0,1.1399825854541727,-7.647273504218511,-3.253645459382169,-7.647273504218511,3.427581850960247,0.6204679245928247,0.7518300738151249,0.3829933949677203,0.5674117343914226,nan,nan,0.40283042848521494,-6.748119599679009
Butterworth,1050.0,1700.0,1.0383221238613074,-7.992445707343924,-3.477061791741308,-7.992445707343924,2.9287769274046154,0.571521573772689,0.7479889935909808,0.3701519014748787,0.5590704475329298,nan,nan,0.21322712937143082,-6.781598009090272
Butterworth,1000.0,1700.0,0.9850208582244385,-7.992445707343924,-3.5037124245597426,-7.992445707343924,2.9152658060467793,0.571521573772689,0.7459628184880208,0.3701519014748787,0.5580573599814498,nan,nan,0.22807458857673352,-6.839969735422272
Butterworth,950.0,1700.0,0.9252372478621034,-7.992445707343924,-3.5336042297409103,-7.992445707343924,2.8998966564318795,0.571521573772689,0.7436803066474288,0.3701519014748787,0.5569161040611538,nan,nan,0.24355748081901227,-6.903109836928589
Butterworth,900.0,1700.0,0.8746472129214155,-7.992445707343924,-3.5588992472112544,-7.992445707343924,2.8944907817183427,0.571521573772689,0.7417406890691861,0.3701519014748787,0.5559462952720324,nan,nan,0.2593039801602745,-6.9618374706597
Butterworth,1500.0,1750.0,1.0047096502178579,-8.376300336192488,-3.6857953429873147,-8.376300336192488,2.7743305042293005,0.522540965902732,0.7467122366775553,0.3562203554338501,0.5514662960557026,nan,nan,0.09558394161444546,-6.962180802201044
Butterworth,1450.0,1750.0,1.0381296920892606,-8.376300336192488,-3.6690853220516138,-8.376300336192488,2.8088967553958266,0.522540965902732,0.7479816936533927,0.3562203554338501,0.5521010245436214,nan,nan,0.112836740367636,-6.978706921795887
Butterworth,1400.0,1750.0,1.0674082257116568,-8.376300336192488,-3.6544460552404154,-8.376300336192488,2.840752396514999,0.522540965902732,0.7490911168599563,0.3562203554338501,0.5526557361469032,nan,nan,0.1289900759647245,-6.995264902972303
Butterworth,850.0,1700.0,0.8546389815117222,-7.992445707343924,-3.568903362916101,-7.992445707343924,2.9157078505843255,0.571521573772689,0.7409715394020552,0.3701519014748787,0.555561720438467,nan,nan,0.27546985101217697,-7.004942477735482
Butterworth,1350.0,1750.0,1.0918579014791656,-8.376300336192488,-3.642221217356661,-8.376300336192488,2.8696781287397073,0.522540965902732,0.7500156093879496,0.3562203554338501,0.5531179824108998,nan,nan,0.1442038034669132,-7.012543027564932
Butterworth,800.0,1700.0,0.8770437141142815,-7.992445707343924,-3.5577009966148214,-7.992445707343924,2.973529339629064,0.571521573772689,0.7418327374065814,0.3701519014748787,0.55599231944073,nan,nan,0.29367625070285036,-7.029291712811024
Butterworth,1300.0,1750.0,1.109773592028699,-8.376300336192488,-3.6332633720818945,-8.376300336192488,2.8946508840173673,0.522540965902732,0.7506919040912008,0.3562203554338501,0.5534561297625255,nan,nan,0.15874217883483757,-7.031985638322763
Butterworth,750.0,1700.0,0.9280517203757344,-7.992445707343924,-3.532196993484095,-7.992445707343924,3.058759962521724,0.571521573772689,0.7437879956691509,0.3701519014748787,0.5569699485720148,nan,nan,0.31632295173528385,-7.047125853482595
Butterworth,1250.0,1750.0,1.1189120954285767,-8.376300336192488,-3.6286941203819554,-8.376300336192488,2.9142968472452346,0.522540965902732,0.75103650047833,0.3562203554338501,0.5536284279560901,nan,nan,0.17274955968038747,-7.055086551926794
Butterworth,700.0,1700.0,0.9804949609694873,-7.992445707343924,-3.5059753731872183,-7.992445707343924,3.153645726888363,0.571521573772689,0.7457903874061279,0.3701519014748787,0.5579711444405033,nan,nan,0.34369897025460305,-7.07365387848738
Butterworth,1200.0,1750.0,1.1174682889944023,-8.376300336192488,-3.6294160235990427,-8.376300336192488,2.927770067275372,0.522540965902732,0.7509820738325408,0.3562203554338501,0.5536012146331954,nan,nan,0.18620651776917005,-7.082776797967236
Butterworth,650.0,1700.0,1.033408859082625,-7.992445707343924,-3.4795184241306494,-7.992445707343924,3.2626587984970317,0.571521573772689,0.7478025735595151,0.3701519014748787,0.5589772375171969,nan,nan,0.3742942829472244,-7.106375368662666
Butterworth,1150.0,1750.0,1.104330534406345,-8.376300336192488,-3.6359849008930714,-8.376300336192488,2.934923931305802,0.522540965902732,0.7504865372135556,0.3562203554338501,0.5533534463237029,nan,nan,0.1991725226821632,-7.115773221706236
Butterworth,600.0,1700.0,1.1399825854541727,-7.992445707343924,-3.4262315609448755,-7.992445707343924,3.427581850960247,0.571521573772689,0.7518300738151249,0.3701519014748787,0.5609909876450018,nan,nan,0.4093627914462265,-7.119198022219287
Butterworth,1100.0,1750.0,1.0783652848124894,-8.376300336192488,-3.648967525689999,-8.376300336192488,2.9354980505374364,0.522540965902732,0.7495056463710354,0.3562203554338501,0.5528630009024428,nan,nan,0.21203450284740535,-7.155460697676168
Butterworth,1050.0,1750.0,1.0383221238613074,-8.376300336192488,-3.66898910616559,-8.376300336192488,2.9287769274046154,0.522540965902732,0.7479889935909808,0.3562203554338501,0.5521046745124154,nan,nan,0.22538106041742131,-7.203692046071846
Butterworth,1000.0,1750.0,0.9850208582244385,-8.376300336192488,-3.6956397389840245,-8.376300336192488,2.9152658060467793,0.522540965902732,0.7459628184880208,0.3562203554338501,0.5510915869609354,nan,nan,0.23954608643303968,-7.260698906024477
Butterworth,950.0,1750.0,0.9252372478621034,-8.376300336192488,-3.725531544165192,-8.376300336192488,2.8998966564318795,0.522540965902732,0.7436803066474288,0.3562203554338501,0.5499503310406395,nan,nan,0.25437391052052427,-7.3225288712212055
Butterworth,900.0,1750.0,0.8746472129214155,-8.376300336192488,-3.7508265616355363,-8.376300336192488,2.8944907817183427,0.522540965902732,0.7417406890691861,0.3562203554338501,0.548980522251518,nan,nan,0.2695140157346871,-7.380043716698117
Butterworth,850.0,1750.0,0.8546389815117222,-8.376300336192488,-3.760830677340383,-8.376300336192488,2.9157078505843255,0.522540965902732,0.7409715394020552,0.3562203554338501,0.5485959474179527,nan,nan,0.28511573429341686,-7.422020419187555
Butterworth,1500.0,1800.0,1.0047096502178579,-8.801591055745511,-3.8984407027638266,-8.801591055745511,2.7743305042293005,0.4743881214865573,0.7467122366775553,0.3412242915018534,0.5439682640897043,nan,nan,0.11282170370413448,-7.436943109865442
Butterworth,800.0,1750.0,0.8770437141142815,-8.376300336192488,-3.7496283110391033,-8.376300336192488,2.973529339629064,0.522540965902732,0.7418327374065814,0.3562203554338501,0.5490265464202158,nan,nan,0.3027503081965978,-7.445226002688111
Butterworth,1450.0,1800.0,1.0381296920892606,-8.801591055745511,-3.8817306818281256,-8.801591055745511,2.8088967553958266,0.4743881214865573,0.7479816936533927,0.3412242915018534,0.544602992577623,nan,nan,0.12953008872368307,-7.452380401993001
Butterworth,750.0,1750.0,0.9280517203757344,-8.376300336192488,-3.724124307908377,-8.376300336192488,3.058759962521724,0.522540965902732,0.7437879956691509,0.3562203554338501,0.5500041755515005,nan,nan,0.3247689863801974,-7.461804097662014
Butterworth,1400.0,1800.0,1.0674082257116568,-8.801591055745511,-3.8670914150169273,-8.801591055745511,2.840752396514999,0.4743881214865573,0.7490911168599563,0.3412242915018534,0.5451577041809048,nan,nan,0.14509920433534607,-7.467769943198566
Butterworth,1350.0,1800.0,1.0918579014791656,-8.801591055745511,-3.8548665771331727,-8.801591055745511,2.8696781287397073,0.4743881214865573,0.7500156093879496,0.3412242915018534,0.5456199504449015,nan,nan,0.15969004345916477,-7.483802291034454
Butterworth,700.0,1750.0,0.9804949609694873,-8.376300336192488,-3.6979026876115,-8.376300336192488,3.153645726888363,0.522540965902732,0.7457903874061279,0.3562203554338501,0.551005371419989,nan,nan,0.3514898991295542,-7.487021911126875
Butterworth,1300.0,1800.0,1.109773592028699,-8.801591055745511,-3.8459087318584064,-8.801591055745511,2.8946508840173673,0.4743881214865573,0.7506919040912008,0.3412242915018534,0.545958097796527,nan,nan,0.17357254194617797,-7.501933148030464
Butterworth,650.0,1750.0,1.033408859082625,-8.376300336192488,-3.6714457385549313,-8.376300336192488,3.2626587984970317,0.522540965902732,0.7478025735595151,0.3562203554338501,0.5520114644966826,nan,nan,0.3814617404086979,-7.518496458475205
Butterworth,1250.0,1800.0,1.1189120954285767,-8.801591055745511,-3.8413394801584673,-8.801591055745511,2.9142968472452346,0.4743881214865573,0.75103650047833,0.3412242915018534,0.5461303959900917,nan,nan,0.18691125675361714,-7.523696729558274
Butterworth,600.0,1750.0,1.1399825854541727,-8.376300336192488,-3.6181588753691574,-8.376300336192488,3.427581850960247,0.522540965902732,0.7518300738151249,0.3562203554338501,0.5540252146244875,nan,nan,0.41592686399405926,-7.530112342204545
Butterworth,1200.0,1800.0,1.1174682889944023,-8.801591055745511,-3.8420613833755546,-8.801591055745511,2.927770067275372,0.4743881214865573,0.7509820738325408,0.3412242915018534,0.5461031826671972,nan,nan,0.1997137297227132,-7.550078005359342
Butterworth,1150.0,1800.0,1.104330534406345,-8.801591055745511,-3.8486302606695832,-8.801591055745511,2.934923931305802,0.4743881214865573,0.7504865372135556,0.3412242915018534,0.5458554143577046,nan,nan,0.21205225720681178,-7.581819474240554
Butterworth,1100.0,1800.0,1.0783652848124894,-8.801591055745511,-3.861612885466511,-8.801591055745511,2.9354980505374364,0.4743881214865573,0.7495056463710354,0.3412242915018534,0.5453649689364444,nan,nan,0.22430410053571523,-7.620286676537808
Butterworth,1050.0,1800.0,1.0383221238613074,-8.801591055745511,-3.881634465942102,-8.801591055745511,2.9287769274046154,0.4743881214865573,0.7479889935909808,0.3412242915018534,0.5446066425464171,nan,nan,0.23704117953483658,-7.6672990677916975
Butterworth,1000.0,1800.0,0.9850208582244385,-8.801591055745511,-3.9082850987605364,-8.801591055745511,2.9152658060467793,0.4743881214865573,0.7459628184880208,0.3412242915018534,0.5435935549949371,nan,nan,0.2505975357056774,-7.7230885880547735
Butterworth,950.0,1800.0,0.9252372478621034,-8.801591055745511,-3.938176903941704,-8.801591055745511,2.8998966564318795,0.4743881214865573,0.7436803066474288,0.3412242915018534,0.5424522990746411,nan,nan,0.2648372466378242,-7.783742326940827
Butterworth,900.0,1800.0,0.8746472129214155,-8.801591055745511,-3.963471921412048,-8.801591055745511,2.8944907817183427,0.4743881214865573,0.7417406890691861,0.3412242915018534,0.5414824902855198,nan,nan,0.2794284337019491,-7.840159336117662
Butterworth,850.0,1800.0,0.8546389815117222,-8.801591055745511,-3.9734760371168947,-8.801591055745511,2.9157078505843255,0.4743881214865573,0.7409715394020552,0.3412242915018534,0.5410979154519543,nan,nan,0.2945152946454767,-7.881106323376694
Butterworth,800.0,1800.0,0.8770437141142815,-8.801591055745511,-3.962273670815615,-8.801591055745511,2.973529339629064,0.4743881214865573,0.7418327374065814,0.3412242915018534,0.5415285144542175,nan,nan,0.3116237639981536,-7.903259697776244
Butterworth,750.0,1800.0,0.9280517203757344,-8.801591055745511,-3.9367696676848887,-8.801591055745511,3.058759962521724,0.4743881214865573,0.7437879956691509,0.3412242915018534,0.5425061435855021,nan,nan,0.33305914376794943,-7.918671195922539
Butterworth,700.0,1800.0,0.9804949609694873,-8.801591055745511,-3.910548047388012,-8.801591055745511,3.153645726888363,0.4743881214865573,0.7457903874061279,0.3412242915018534,0.5435073394539907,nan,nan,0.3591653494380271,-7.94265959522884
Butterworth,1500.0,1850.0,1.0047096502178579,-9.268637411378046,-4.131963880580094,-9.268637411378046,2.7743305042293005,0.42799977240752163,0.7467122366775553,0.3252976692259469,0.5360049529517511,nan,nan,0.12891846608819915,-7.952109612542014
Butterworth,1450.0,1850.0,1.0381296920892606,-9.268637411378046,-4.115253859644393,-9.268637411378046,2.8088967553958266,0.42799977240752163,0.7479816936533927,0.3252976692259469,0.5366396814396698,nan,nan,0.14508623650609742,-7.966465675466272
Butterworth,650.0,1800.0,1.033408859082625,-8.801591055745511,-3.884091098331443,-8.801591055745511,3.2626587984970317,0.4743881214865573,0.7478025735595151,0.3412242915018534,0.5445134325306842,nan,nan,0.38854625642421553,-7.97295227399126
Butterworth,1400.0,1850.0,1.0674082257116568,-9.268637411378046,-4.100614592833194,-9.268637411378046,2.840752396514999,0.42799977240752163,0.7490911168599563,0.3252976692259469,0.5371943930429516,nan,nan,0.16009564781823138,-7.980735808072778
Butterworth,600.0,1800.0,1.1399825854541727,-8.801591055745511,-3.8308042351456693,-8.801591055745511,3.427581850960247,0.4743881214865573,0.7518300738151249,0.3412242915018534,0.5465271826584892,nan,nan,0.42243410002269055,-7.983413597746827
Butterworth,1350.0,1850.0,1.0918579014791656,-9.268637411378046,-4.08838975494944,-9.268637411378046,2.8696781287397073,0.42799977240752163,0.7500156093879496,0.3252976692259469,0.5376566393069483,nan,nan,0.174108934245194,-7.9956130505149545
Butterworth,1300.0,1850.0,1.109773592028699,-9.268637411378046,-4.079431909674674,-9.268637411378046,2.8946508840173673,0.42799977240752163,0.7506919040912008,0.3252976692259469,0.5379947866585738,nan,nan,0.18739807226090086,-8.012557186568351
Butterworth,1250.0,1850.0,1.1189120954285767,-9.268637411378046,-4.074862657974735,-9.268637411378046,2.9142968472452346,0.42799977240752163,0.75103650047833,0.3252976692259469,0.5381670848521385,nan,nan,0.20014109445660316,-8.033129382872687
Butterworth,1200.0,1850.0,1.1174682889944023,-9.268637411378046,-4.075584561191822,-9.268637411378046,2.927770067275372,0.42799977240752163,0.7509820738325408,0.3252976692259469,0.5381398715292438,nan,nan,0.21236508375342938,-8.058353691329216
Butterworth,1150.0,1850.0,1.104330534406345,-9.268637411378046,-4.08215343848585,-9.268637411378046,2.934923931305802,0.42799977240752163,0.7504865372135556,0.3252976692259469,0.5378921032197512,nan,nan,0.22415132652993308,-8.088990590795236
Butterworth,1100.0,1850.0,1.0783652848124894,-9.268637411378046,-4.095136063282778,-9.268637411378046,2.9354980505374364,0.42799977240752163,0.7495056463710354,0.3252976692259469,0.5374016577984911,nan,nan,0.23586760509352162,-8.126386663561863
Butterworth,1050.0,1850.0,1.0383221238613074,-9.268637411378046,-4.115157643758369,-9.268637411378046,2.9287769274046154,0.42799977240752163,0.7479889935909808,0.3252976692259469,0.5366433314084639,nan,nan,0.2480693638259216,-8.172328414282306
Butterworth,1000.0,1850.0,0.9850208582244385,-9.268637411378046,-4.141808276576804,-9.268637411378046,2.9152658060467793,0.42799977240752163,0.7459628184880208,0.3252976692259469,0.5356302438569839,nan,nan,0.26108913962190516,-8.22704477379567
Butterworth,950.0,1850.0,0.9252372478621034,-9.268637411378046,-4.1717000817579715,-9.268637411378046,2.8998966564318795,0.42799977240752163,0.7436803066474288,0.3252976692259469,0.5344889879366879,nan,nan,0.2748069212872219,-8.286654654148062
Butterworth,900.0,1850.0,0.8746472129214155,-9.268637411378046,-4.196995099228316,-9.268637411378046,2.8944907817183427,0.42799977240752163,0.7417406890691861,0.3252976692259469,0.5335191791475665,nan,nan,0.28890743728931906,-8.342090321200844
Butterworth,850.0,1850.0,0.8546389815117222,-9.268637411378046,-4.206999214933162,-9.268637411378046,2.9157078505843255,0.42799977240752163,0.7409715394020552,0.3252976692259469,0.5331346043140011,nan,nan,0.30353048440093805,-8.38210968079606
Butterworth,800.0,1850.0,0.8770437141142815,-9.268637411378046,-4.195796848631883,-9.268637411378046,2.973529339629064,0.42799977240752163,0.7418327374065814,0.3252976692259469,0.5335652033162641,nan,nan,0.3201613163473803,-8.403307780383138
Butterworth,750.0,1850.0,0.9280517203757344,-9.268637411378046,-4.170292845501156,-9.268637411378046,3.058759962521724,0.42799977240752163,0.7437879956691509,0.3252976692259469,0.5345428324475489,nan,nan,0.3410625607282541,-8.41765100775159
Butterworth,700.0,1850.0,0.9804949609694873,-9.268637411378046,-4.1440712252042795,-9.268637411378046,3.153645726888363,0.42799977240752163,0.7457903874061279,0.3252976692259469,0.5355440283160374,nan,nan,0.36660025074564395,-8.440502375752516
Butterworth,650.0,1850.0,1.033408859082625,-9.268637411378046,-4.117614276147711,-9.268637411378046,3.2626587984970317,0.42799977240752163,0.7478025735595151,0.3252976692259469,0.536550121392731,nan,nan,0.3954296441351863,-8.469692027321646
Butterworth,600.0,1850.0,1.1399825854541727,-9.268637411378046,-4.064327412961937,-9.268637411378046,3.427581850960247,0.42799977240752163,0.7518300738151249,0.3252976692259469,0.5385638715205359,nan,nan,0.42877402378301727,-8.479066423175922
Butterworth,1500.0,1900.0,1.0047096502178579,-9.772657600648982,-4.383973975215562,-9.772657600648982,2.7743305042293005,0.3843398498623688,0.7467122366775553,0.3087539058650197,0.5277330712712875,nan,nan,0.14366611344459307,-8.502168859886664
Butterworth,1450.0,1900.0,1.0381296920892606,-9.772657600648982,-4.367263954279861,-9.772657600648982,2.8088967553958266,0.3843398498623688,0.7479816936533927,0.3087539058650197,0.5283677997592062,nan,nan,0.1593214148104721,-8.515499984706885
Butterworth,1400.0,1900.0,1.0674082257116568,-9.772657600648982,-4.352624687468662,-9.772657600648982,2.840752396514999,0.3843398498623688,0.7490911168599563,0.3087539058650197,0.528922511362488,nan,nan,0.17381352352146873,-8.528735512111115
Butterworth,1350.0,1900.0,1.0918579014791656,-9.772657600648982,-4.340399849584908,-9.772657600648982,2.8696781287397073,0.3843398498623688,0.7500156093879496,0.3087539058650197,0.5293847576264847,nan,nan,0.1873053884863724,-8.542569911629174
Butterworth,1300.0,1900.0,1.109773592028699,-9.772657600648982,-4.331442004310142,-9.772657600648982,2.8946508840173673,0.3843398498623688,0.7506919040912008,0.3087539058650197,0.5297229049781103,nan,nan,0.2000690990246034,-8.55846319272762
Butterworth,1250.0,1900.0,1.1189120954285767,-9.772657600648982,-4.326872752610202,-9.772657600648982,2.9142968472452346,0.3843398498623688,0.75103650047833,0.3087539058650197,0.5298952031716748,nan,nan,0.21229115114026556,-8.577993448871874
Butterworth,1200.0,1900.0,1.1174682889944023,-9.772657600648982,-4.32759465582729,-9.772657600648982,2.927770067275372,0.3843398498623688,0.7509820738325408,0.3087539058650197,0.5298679898487803,nan,nan,0.2240122632529722,-8.602212002960165
Butterworth,1150.0,1900.0,1.104330534406345,-9.772657600648982,-4.334163533121318,-9.772657600648982,2.934923931305802,0.3843398498623688,0.7504865372135556,0.3087539058650197,0.5296202215392877,nan,nan,0.23532009751229244,-8.631892085391817
Butterworth,1100.0,1900.0,1.0783652848124894,-9.772657600648982,-4.347146157918246,-9.772657600648982,2.9354980505374364,0.3843398498623688,0.7495056463710354,0.3087539058650197,0.5291297761180276,nan,nan,0.24657282555014998,-8.668361057106981
Butterworth,1050.0,1900.0,1.0383221238613074,-9.772657600648982,-4.367167738393837,-9.772657600648982,2.9287769274046154,0.3843398498623688,0.7479889935909808,0.3087539058650197,0.5283714497280003,nan,nan,0.25831107137198717,-8.7133757820063
Butterworth,1000.0,1900.0,0.9850208582244385,-9.772657600648982,-4.393818371212272,-9.772657600648982,2.9152658060467793,0.3843398498623688,0.7459628184880208,0.3087539058650197,0.5273583621765203,nan,nan,0.2708644378894539,-8.76715932296263
Butterworth,950.0,1900.0,0.9252372478621034,-9.772657600648982,-4.423710176393439,-9.772657600648982,2.8998966564318795,0.3843398498623688,0.7436803066474288,0.3087539058650197,0.5262171062562242,nan,nan,0.28412577829583585,-8.825856320797154
Butterworth,900.0,1900.0,0.8746472129214155,-9.772657600648982,-4.449005193863783,-9.772657600648982,2.8944907817183427,0.3843398498623688,0.7417406890691861,0.3087539058650197,0.525247297467103,nan,nan,0.2977941336300932,-8.880427666514256
Butterworth,850.0,1900.0,0.8546389815117222,-9.772657600648982,-4.459009309568629,-9.772657600648982,2.9157078505843255,0.3843398498623688,0.7409715394020552,0.3087539058650197,0.5248627226335374,nan,nan,0.31200591529982635,-8.919624495225698
Butterworth,800.0,1900.0,0.8770437141142815,-9.772657600648982,-4.44780694326735,-9.772657600648982,2.973529339629064,0.3843398498623688,0.7418327374065814,0.3087539058650197,0.5252933216358006,nan,nan,0.3282101724309116,-8.939969445182063
Butterworth,750.0,1900.0,0.9280517203757344,-9.772657600648982,-4.422302940136624,-9.772657600648982,3.058759962521724,0.3843398498623688,0.7437879956691509,0.3087539058650197,0.5262709507670853,nan,nan,0.3486306949617556,-8.953351228850455
Butterworth,700.0,1900.0,0.9804949609694873,-9.772657600648982,-4.396081319839747,-9.772657600648982,3.153645726888363,0.3843398498623688,0.7457903874061279,0.3087539058650197,0.5272721466355739,nan,nan,0.3736522296406392,-8.975170286174368
Butterworth,650.0,1900.0,1.033408859082625,-9.772657600648982,-4.369624370783178,-9.772657600648982,3.2626587984970317,0.3843398498623688,0.7478025735595151,0.3087539058650197,0.5282782397122674,nan,nan,0.40197656416630434,-9.003349820015744
Butterworth,600.0,1900.0,1.1399825854541727,-9.772657600648982,-4.316337507597405,-9.772657600648982,3.427581850960247,0.3843398498623688,0.7518300738151249,0.3087539058650197,0.5302919898400723,nan,nan,0.43481927031539924,-9.01172086887255
Butterworth,1500.0,1950.0,1.0047096502178579,-10.302839268127979,-4.64906480895506,-10.302839268127979,2.7743305042293005,0.34425933097883116,0.7467122366775553,0.2920756996998798,0.5193939681887175,nan,nan,0.15690663385535755,-9.07550977435233
Butterworth,1450.0,1950.0,1.0381296920892606,-10.302839268127979,-4.632354788019359,-10.302839268127979,2.8088967553958266,0.34425933097883116,0.7479816936533927,0.2920756996998798,0.5200286966766363,nan,nan,0.1720935699539716,-9.087904168638019
Butterworth,1400.0,1950.0,1.0674082257116568,-10.302839268127979,-4.6177155212081615,-10.302839268127979,2.840752396514999,0.34425933097883116,0.7490911168599563,0.2920756996998798,0.5205834082799181,nan,nan,0.18612158271929782,-9.100211504150911
Butterworth,1350.0,1950.0,1.0918579014791656,-10.302839268127979,-4.6054906833244065,-10.302839268127979,2.8696781287397073,0.34425933097883116,0.7500156093879496,0.2920756996998798,0.5210456545439147,nan,nan,0.1991542229028174,-9.1131274541062
Butterworth,1300.0,1950.0,1.109773592028699,-10.302839268127979,-4.59653283804964,-10.302839268127979,2.8946508840173673,0.34425933097883116,0.7506919040912008,0.2920756996998798,0.5213838018955403,nan,nan,0.2114620940248053,-9.12810905637216
Butterworth,1250.0,1950.0,1.1189120954285767,-10.302839268127979,-4.591963586349701,-10.302839268127979,2.9142968472452346,0.34425933097883116,0.75103650047833,0.2920756996998798,0.5215561000891049,nan,nan,0.22323637517781061,-9.146743770591101
Butterworth,1200.0,1950.0,1.1174682889944023,-10.302839268127979,-4.592685489566788,-10.302839268127979,2.927770067275372,0.34425933097883116,0.7509820738325408,0.2920756996998798,0.5215288867662102,nan,nan,0.23452771518586027,-9.170102780470078
Butterworth,1150.0,1950.0,1.104330534406345,-10.302839268127979,-4.5992543668608175,-10.302839268127979,2.934923931305802,0.34425933097883116,0.7504865372135556,0.2920756996998798,0.5212811184567177,nan,nan,0.24542751890776282,-9.198966801826899
Butterworth,1100.0,1950.0,1.0783652848124894,-10.302839268127979,-4.612236991657745,-10.302839268127979,2.9354980505374364,0.34425933097883116,0.7495056463710354,0.2920756996998798,0.5207906730354577,nan,nan,0.25628517483365926,-9.234645629318138
Butterworth,1050.0,1950.0,1.0383221238613074,-10.302839268127979,-4.632258572133336,-10.302839268127979,2.9287769274046154,0.34425933097883116,0.7479889935909808,0.2920756996998798,0.5200323466454303,nan,nan,0.2676278031235959,-9.278869119153658
Butterworth,1000.0,1950.0,0.9850208582244385,-10.302839268127979,-4.658909204951771,-10.302839268127979,2.9152658060467793,0.34425933097883116,0.7459628184880208,0.2920756996998798,0.5190192590939503,nan,nan,0.2797817717847546,-9.33185386439737
Butterworth,950.0,1950.0,0.9252372478621034,-10.302839268127979,-4.688801010132938,-10.302839268127979,2.8998966564318795,0.34425933097883116,0.7436803066474288,0.2920756996998798,0.5178780031736543,nan,nan,0.292650221758933,-9.389765081367486
Butterworth,900.0,1950.0,0.8746472129214155,-10.302839268127979,-4.714096027603282,-10.302839268127979,2.8944907817183427,0.34425933097883116,0.7417406890691861,0.2920756996998798,0.516908194384533,nan,nan,0.3059442873616785,-9.443587847621561
Butterworth,850.0,1950.0,0.8546389815117222,-10.302839268127979,-4.724100143308128,-10.302839268127979,2.9157078505843255,0.34425933097883116,0.7409715394020552,0.2920756996998798,0.5165236195509675,nan,nan,0.3197976152857263,-9.482067768841636
Butterworth,800.0,1950.0,0.8770437141142815,-10.302839268127979,-4.712897777006849,-10.302839268127979,2.973529339629064,0.34425933097883116,0.7418327374065814,0.2920756996998798,0.5169542185532305,nan,nan,0.33562780837630907,-9.501664590716995
Butterworth,750.0,1950.0,0.9280517203757344,-10.302839268127979,-4.687393773876122,-10.302839268127979,3.058759962521724,0.34425933097883116,0.7437879956691509,0.2920756996998798,0.5179318476845154,nan,nan,0.3556235804274553,-9.514196873425991
Butterworth,700.0,1950.0,0.9804949609694873,-10.302839268127979,-4.661172153579246,-10.302839268127979,3.153645726888363,0.34425933097883116,0.7457903874061279,0.2920756996998798,0.5189330435530038,nan,nan,0.38018560821119307,-9.535096916959615
Butterworth,650.0,1950.0,1.033408859082625,-10.302839268127979,-4.634715204522677,-10.302839268127979,3.2626587984970317,0.34425933097883116,0.7478025735595151,0.2920756996998798,0.5199391366296975,nan,nan,0.4080569808809851,-9.56237052708924
Butterworth,600.0,1950.0,1.1399825854541727,-10.302839268127979,-4.5814283413369035,-10.302839268127979,3.427581850960247,0.34425933097883116,0.7518300738151249,0.2920756996998798,0.5219528867575023,nan,nan,0.4404466499438703,-9.56983550177363
Butterworth,1500.0,2000.0,1.0047096502178579,-10.843987760894223,-4.919639055338182,-10.843987760894223,2.7743305042293005,0.30834184452226365,0.7467122366775553,0.2758157891011269,0.5112640128893411,nan,nan,0.1685720567114938,-9.656249023429599
Butterworth,1450.0,2000.0,1.0381296920892606,-10.843987760894223,-4.902929034402481,-10.843987760894223,2.8088967553958266,0.30834184452226365,0.7479816936533927,0.2758157891011269,0.5118987413772598,nan,nan,0.1833418217868093,-9.667809075668693
Butterworth,1400.0,2000.0,1.0674082257116568,-10.843987760894223,-4.888289767591283,-10.843987760894223,2.840752396514999,0.30834184452226365,0.7490911168599563,0.2758157891011269,0.5124534529805416,nan,nan,0.19696293246976482,-9.67930260701684
Butterworth,1350.0,2000.0,1.0918579014791656,-10.843987760894223,-4.876064929707528,-10.843987760894223,2.8696781287397073,0.30834184452226365,0.7500156093879496,0.2758157891011269,0.5129156992445383,nan,nan,0.2095987702435845,-9.691424952152731
Butterworth,1300.0,2000.0,1.109773592028699,-10.843987760894223,-4.867107084432762,-10.843987760894223,2.8946508840173673,0.30834184452226365,0.7506919040912008,0.2758157891011269,0.5132538465961638,nan,nan,0.2215174560274399,-9.705628183742427
Butterworth,1250.0,2000.0,1.1189120954285767,-10.843987760894223,-4.862537832732823,-10.843987760894223,2.9142968472452346,0.30834184452226365,0.75103650047833,0.2758157891011269,0.5134261447897285,nan,nan,0.23291276436048822,-9.723504952321454
Butterworth,1200.0,2000.0,1.1174682889944023,-10.843987760894223,-4.86325973594991,-10.843987760894223,2.927770067275372,0.30834184452226365,0.7509820738325408,0.2758157891011269,0.5133989314668339,nan,nan,0.24384190791361324,-9.74613956929058
Butterworth,1150.0,2000.0,1.104330534406345,-10.843987760894223,-4.869828613243939,-10.843987760894223,2.934923931305802,0.30834184452226365,0.7504865372135556,0.2758157891011269,0.5131511631573413,nan,nan,0.2543982663419557,-9.774316700060279
Butterworth,1100.0,2000.0,1.0783652848124894,-10.843987760894223,-4.882811238040866,-10.843987760894223,2.9354980505374364,0.30834184452226365,0.7495056463710354,0.2758157891011269,0.5126607177360811,nan,nan,0.26492368629442586,-9.809331055604668
Butterworth,1050.0,2000.0,1.0383221238613074,-10.843987760894223,-4.902832818516457,-10.843987760894223,2.9287769274046154,0.30834184452226365,0.7479889935909808,0.2758157891011269,0.5119023913460539,nan,nan,0.27593323226965094,-9.852888380810764
Butterworth,1000.0,2000.0,0.9850208582244385,-10.843987760894223,-4.929483451334892,-10.843987760894223,2.9152658060467793,0.30834184452226365,0.7459628184880208,0.2758157891011269,0.5108893037945739,nan,nan,0.2877498116793353,-9.905198347551526
Butterworth,950.0,2000.0,0.9252372478621034,-10.843987760894223,-4.95937525651606,-10.843987760894223,2.8998966564318795,0.30834184452226365,0.7436803066474288,0.2758157891011269,0.5097480478742779,nan,nan,0.30028491603262447,-9.962442873279864
Butterworth,900.0,2000.0,0.8746472129214155,-10.843987760894223,-4.984670273986404,-10.843987760894223,2.8944907817183427,0.30834184452226365,0.7417406890691861,0.2758157891011269,0.5087782390851565,nan,nan,0.31325962885706377,-10.015626933977329
Butterworth,850.0,2000.0,0.8546389815117222,-10.843987760894223,-4.99467438969125,-10.843987760894223,2.9157078505843255,0.30834184452226365,0.7409715394020552,0.2758157891011269,0.508393664251591,nan,nan,0.32680543397321493,-10.053491809581608
Butterworth,800.0,2000.0,0.8770437141142815,-10.843987760894223,-4.983472023389971,-10.843987760894223,2.973529339629064,0.30834184452226365,0.7418327374065814,0.2758157891011269,0.5088242632538542,nan,nan,0.3423131898416963,-10.072443757012767
Butterworth,750.0,2000.0,0.9280517203757344,-10.843987760894223,-4.957968020259244,-10.843987760894223,3.058759962521724,0.30834184452226365,0.7437879956691509,0.2758157891011269,0.5098018923851388,nan,nan,0.36194048370482285,-10.084239083345723
Butterworth,700.0,2000.0,0.9804949609694873,-10.843987760894223,-4.931746399962368,-10.843987760894223,3.153645726888363,0.30834184452226365,0.7457903874061279,0.2758157891011269,0.5108030882536274,nan,nan,0.3861012704890091,-10.104336644880242
Butterworth,650.0,2000.0,1.033408859082625,-10.843987760894223,-4.905289450905799,-10.843987760894223,3.2626587984970317,0.30834184452226365,0.7478025735595151,0.2758157891011269,0.5118091813303209,nan,nan,0.4135742985272036,-10.130813565746674
Butterworth,600.0,2000.0,1.1399825854541727,-10.843987760894223,-4.852002587720025,-10.843987760894223,3.427581850960247,0.30834184452226365,0.7518300738151249,0.2758157891011269,0.513822931458126,nan,nan,0.4455631779725562,-10.137476961195997
Butterworth,1500.0,2050.0,1.0047096502178579,-11.379750637185019,-5.18752049348358,-11.379750637185019,2.7743305042293005,0.27683094121513563,0.7467122366775553,0.26046939212623227,0.5035908144018938,nan,nan,0.17869285029927134,-10.227599883870846
Butterworth,1450.0,2050.0,1.0381296920892606,-11.379750637185019,-5.170810472547879,-11.379750637185019,2.8088967553958266,0.27683094121513563,0.7479816936533927,0.26046939212623227,0.5042255428898125,nan,nan,0.1930969019014323,-10.23842850916363
Butterworth,1400.0,2050.0,1.0674082257116568,-11.379750637185019,-5.1561712057366815,-11.379750637185019,2.840752396514999,0.27683094121513563,0.7490911168599563,0.26046939212623227,0.5047802544930943,nan,nan,0.20636649883724162,-10.249219013017486
Butterworth,1350.0,2050.0,1.0918579014791656,-11.379750637185019,-5.1439463678529265,-11.379750637185019,2.8696781287397073,0.27683094121513563,0.7500156093879496,0.26046939212623227,0.505242500757091,nan,nan,0.21866387532729226,-10.260664435585838
Butterworth,1300.0,2050.0,1.109773592028699,-11.379750637185019,-5.13498852257816,-11.379750637185019,2.8946508840173673,0.27683094121513563,0.7506919040912008,0.26046939212623227,0.5055806481087165,nan,nan,0.2302541618848812,-10.274210868723
Butterworth,1250.0,2050.0,1.1189120954285767,-11.379750637185019,-5.130419270878221,-11.379750637185019,2.9142968472452346,0.27683094121513563,0.75103650047833,0.26046939212623227,0.5057529463022812,nan,nan,0.24133188535253033,-10.29145246757123
Butterworth,1200.0,2050.0,1.1174682889944023,-11.379750637185019,-5.131141174095308,-11.379750637185019,2.927770067275372,0.27683094121513563,0.7509820738325408,0.26046939212623227,0.5057257329793865,nan,nan,0.25195858414547034,-10.313482195019986
Butterworth,1150.0,2050.0,1.104330534406345,-11.379750637185019,-5.1377100513893375,-11.379750637185019,2.934923931305802,0.27683094121513563,0.7504865372135556,0.26046939212623227,0.5054779646698939,nan,nan,0.2622288792193937,-10.341087199080846
Butterworth,1100.0,2050.0,1.0783652848124894,-11.379750637185019,-5.150692676186265,-11.379750637185019,2.9354980505374364,0.27683094121513563,0.7495056463710354,0.26046939212623227,0.5049875192486338,nan,nan,0.27247756437916665,-10.375548085039838
Butterworth,1050.0,2050.0,1.0383221238613074,-11.379750637185019,-5.170714256661856,-11.379750637185019,2.9287769274046154,0.27683094121513563,0.7479889935909808,0.26046939212623227,0.5042291928586066,nan,nan,0.2832094163749046,-10.418550022286961
Butterworth,1000.0,2050.0,0.9850208582244385,-11.379750637185019,-5.197364889480291,-11.379750637185019,2.9152658060467793,0.27683094121513563,0.7459628184880208,0.26046939212623227,0.5032161053071266,nan,nan,0.2947440889062597,-10.470296175271066
Butterworth,950.0,2050.0,0.9252372478621034,-11.379750637185019,-5.227256694661458,-11.379750637185019,2.8998966564318795,0.27683094121513563,0.7436803066474288,0.26046939212623227,0.5020748493868306,nan,nan,0.3069993176003042,-10.526980949680915
Butterworth,900.0,2050.0,0.8746472129214155,-11.379750637185019,-5.252551712131802,-11.379750637185019,2.8944907817183427,0.27683094121513563,0.7417406890691861,0.26046939212623227,0.5011050405977092,nan,nan,0.31970489389602963,-10.579626737320952
Butterworth,850.0,2050.0,0.8546389815117222,-11.379750637185019,-5.262555827836648,-11.379750637185019,2.9157078505843255,0.27683094121513563,0.7409715394020552,0.26046939212623227,0.5007204657641438,nan,nan,0.3329905337010907,-10.616971282303052
Butterworth,800.0,2050.0,0.8770437141142815,-11.379750637185019,-5.251353461535369,-11.379750637185019,2.973529339629064,0.27683094121513563,0.7418327374065814,0.26046939212623227,0.5011510647664068,nan,nan,0.3482239621476419,-10.63537457489035
Butterworth,750.0,2050.0,0.9280517203757344,-11.379750637185019,-5.225849458404642,-11.379750637185019,3.058759962521724,0.27683094121513563,0.7437879956691509,0.26046939212623227,0.5021286938976915,nan,nan,0.36753622897680915,-10.646539847155388
Butterworth,700.0,2050.0,0.9804949609694873,-11.379750637185019,-5.199627838107766,-11.379750637185019,3.153645726888363,0.27683094121513563,0.7457903874061279,0.26046939212623227,0.5031298897661801,nan,nan,0.391351896592449,-10.665947170352814
Butterworth,650.0,2050.0,1.033408859082625,-11.379750637185019,-5.173170889051197,-11.379750637185019,3.2626587984970317,0.27683094121513563,0.7478025735595151,0.26046939212623227,0.5041359828428736,nan,nan,0.4184804825351253,-10.69173520702821
Butterworth,600.0,2050.0,1.1399825854541727,-11.379750637185019,-5.1198840258654235,-11.379750637185019,3.427581850960247,0.27683094121513563,0.7518300738151249,0.26046939212623227,0.5061497329706786,nan,nan,0.45012093267712683,-10.69770174387083
Butterworth,1500.0,2100.0,1.0047096502178579,-11.895681960031014,-5.445486154906578,-11.895681960031014,2.7743305042293005,0.24965037396442058,0.7467122366775553,0.24638633810655916,0.4965492873920572,nan,nan,0.18737710180461042,-10.774982763747191
Butterworth,1450.0,2100.0,1.0381296920892606,-11.895681960031014,-5.428776133970877,-11.895681960031014,2.8088967553958266,0.24965037396442058,0.7479816936533927,0.24638633810655916,0.49718401587997596,nan,nan,0.20146354973378808,-10.785176181694007
Butterworth,1400.0,2100.0,1.0674082257116568,-11.895681960031014,-5.414136867159678,-11.895681960031014,2.840752396514999,0.24965037396442058,0.7490911168599563,0.24638633810655916,0.49773872748325776,nan,nan,0.21443183036445937,-10.79536405293759
Butterworth,1350.0,2100.0,1.0918579014791656,-11.895681960031014,-5.401912029275924,-11.895681960031014,2.8696781287397073,0.24965037396442058,0.7500156093879496,0.24638633810655916,0.4982009737472544,nan,nan,0.22644246642706264,-10.806235994651049
Butterworth,1300.0,2100.0,1.109773592028699,-11.895681960031014,-5.392954184001158,-11.895681960031014,2.8946508840173673,0.24965037396442058,0.7506919040912008,0.24638633810655916,0.49853912109888,nan,nan,0.2377572783000903,-10.819231478419084
Butterworth,1250.0,2100.0,1.1189120954285767,-11.895681960031014,-5.388384932301219,-11.895681960031014,2.9142968472452346,0.24965037396442058,0.75103650047833,0.24638633810655916,0.4987114192924446,nan,nan,0.24857037905921361,-10.835943831850264
Butterworth,1200.0,2100.0,1.1174682889944023,-11.895681960031014,-5.389106835518306,-11.895681960031014,2.927770067275372,0.24965037396442058,0.7509820738325408,0.24638633810655916,0.49868420596955,nan,nan,0.2589459025662714,-10.857471208727256
Butterworth,1150.0,2100.0,1.104330534406345,-11.895681960031014,-5.395675712812334,-11.895681960031014,2.934923931305802,0.24965037396442058,0.7504865372135556,0.24638633810655916,0.4984364376600574,nan,nan,0.2689791656575686,-10.884602148822863
Butterworth,1100.0,2100.0,1.0783652848124894,-11.895681960031014,-5.408658337609262,-11.895681960031014,2.9354980505374364,0.24965037396442058,0.7495056463710354,0.24638633810655916,0.4979459922387973,nan,nan,0.2789986051745398,-10.918604543496254
Butterworth,1050.0,2100.0,1.0383221238613074,-11.895681960031014,-5.428679918084853,-11.895681960031014,2.9287769274046154,0.24965037396442058,0.7479889935909808,0.24638633810655916,0.49718766584877,nan,nan,0.28950038399377487,-10.961146334390369
Butterworth,1000.0,2100.0,0.9850208582244385,-11.895681960031014,-5.455330550903288,-11.895681960031014,2.9152658060467793,0.24965037396442058,0.7459628184880208,0.24638633810655916,0.49617457829729,nan,nan,0.300800808064953,-11.012423990454122
Butterworth,950.0,2100.0,0.9252372478621034,-11.895681960031014,-5.4852223560844555,-11.895681960031014,2.8998966564318795,0.24965037396442058,0.7436803066474288,0.24638633810655916,0.495033322376994,nan,nan,0.31282297317662,-11.068642637699215
Butterworth,900.0,2100.0,0.8746472129214155,-11.895681960031014,-5.5105173735548,-11.895681960031014,2.8944907817183427,0.24965037396442058,0.7417406890691861,0.24638633810655916,0.49406351358787265,nan,nan,0.32530349792080177,-11.120838322236166
Butterworth,850.0,2100.0,0.8546389815117222,-11.895681960031014,-5.520521489259646,-11.895681960031014,2.9157078505843255,0.24965037396442058,0.7409715394020552,0.24638633810655916,0.4936789387543072,nan,nan,0.33837074405909656,-11.157746079884731
Butterworth,800.0,2100.0,0.8770437141142815,-11.895681960031014,-5.509319122958367,-11.895681960031014,2.973529339629064,0.24965037396442058,0.7418327374065814,0.24638633810655916,0.4941095377565703,nan,nan,0.35337291445134544,-11.175686856363424
Butterworth,750.0,2100.0,0.9280517203757344,-11.895681960031014,-5.48381511982764,-11.895681960031014,3.058759962521724,0.24965037396442058,0.7437879956691509,0.24638633810655916,0.49508716688785503,nan,nan,0.3724187906590799,-11.186319347385597
Butterworth,700.0,2100.0,0.9804949609694873,-11.895681960031014,-5.457593499530764,-11.895681960031014,3.153645726888363,0.24965037396442058,0.7457903874061279,0.24638633810655916,0.49608836275634355,nan,nan,0.39594105996249496,-11.205139873958574
Butterworth,650.0,2100.0,1.033408859082625,-11.895681960031014,-5.431136550474195,-11.895681960031014,3.2626587984970317,0.24965037396442058,0.7478025735595151,0.24638633810655916,0.49709445583303713,nan,nan,0.42277538244407714,-11.230339383711783
Butterworth,600.0,2100.0,1.1399825854541727,-11.895681960031014,-5.377849687288421,-11.895681960031014,3.427581850960247,0.24965037396442058,0.7518300738151249,0.24638633810655916,0.49910820596084204,nan,nan,0.4541165286924411,-11.235707312767126
Butterworth,1500.0,2150.0,1.0047096502178579,-12.38102258242386,-5.688156466103001,-12.38102258242386,2.7743305042293005,0.22649527609677583,0.7467122366775553,0.23374800405991242,0.4902301203687338,nan,nan,0.1947784691897467,-11.287764454956957
Butterworth,1450.0,2150.0,1.0381296920892606,-12.38102258242386,-5.6714464451673,-12.38102258242386,2.8088967553958266,0.22649527609677583,0.7479816936533927,0.23374800405991242,0.4908648488566526,nan,nan,0.2085900442770548,-11.297408127220034
Butterworth,1400.0,2150.0,1.0674082257116568,-12.38102258242386,-5.656807178356102,-12.38102258242386,2.840752396514999,0.22649527609677583,0.7490911168599563,0.23374800405991242,0.4914195604599344,nan,nan,0.2213008114659965,-11.307080971580158
Butterworth,1350.0,2150.0,1.0918579014791656,-12.38102258242386,-5.644582340472347,-12.38102258242386,2.8696781287397073,0.22649527609677583,0.7500156093879496,0.23374800405991242,0.491881806723931,nan,nan,0.23306913061483672,-11.317468279466087
Butterworth,1300.0,2150.0,1.109773592028699,-12.38102258242386,-5.635624495197581,-12.38102258242386,2.8946508840173673,0.22649527609677583,0.7506919040912008,0.23374800405991242,0.49221995407555663,nan,nan,0.24415321104591736,-11.330002300350232
Butterworth,1250.0,2150.0,1.1189120954285767,-12.38102258242386,-5.6310552434976415,-12.38102258242386,2.9142968472452346,0.22649527609677583,0.75103650047833,0.23374800405991242,0.4923922522691212,nan,nan,0.2547460373798627,-11.346274104931055
Butterworth,1200.0,2150.0,1.1174682889944023,-12.38102258242386,-5.631777146714729,-12.38102258242386,2.927770067275372,0.22649527609677583,0.7509820738325408,0.23374800405991242,0.49236503894622663,nan,nan,0.26491339854591384,-11.367385157126032
Butterworth,1150.0,2150.0,1.104330534406345,-12.38102258242386,-5.638346024008758,-12.38102258242386,2.934923931305802,0.22649527609677583,0.7504865372135556,0.23374800405991242,0.49211727063673405,nan,nan,0.27475034807419807,-11.394123470095616
Butterworth,1100.0,2150.0,1.0783652848124894,-12.38102258242386,-5.651328648805685,-12.38102258242386,2.9354980505374364,0.22649527609677583,0.7495056463710354,0.23374800405991242,0.49162682521547396,nan,nan,0.28458033879635897,-11.427746967179385
Butterworth,1050.0,2150.0,1.0383221238613074,-12.38102258242386,-5.671350229281276,-12.38102258242386,2.9287769274046154,0.22649527609677583,0.7479889935909808,0.23374800405991242,0.4908684988254466,nan,nan,0.29489178486433026,-11.469908092570975
Butterworth,1000.0,2150.0,0.9850208582244385,-12.38102258242386,-5.698000862099711,-12.38102258242386,2.9152658060467793,0.22649527609677583,0.7459628184880208,0.23374800405991242,0.4898554112739666,nan,nan,0.3059983403584307,-11.52079801148057
Butterworth,950.0,2150.0,0.9252372478621034,-12.38102258242386,-5.727892667280878,-12.38102258242386,2.8998966564318795,0.22649527609677583,0.7436803066474288,0.23374800405991242,0.4887141553536706,nan,nan,0.3178268437764452,-11.576629335338358
Butterworth,900.0,2150.0,0.8746472129214155,-12.38102258242386,-5.753187684751222,-12.38102258242386,2.8944907817183427,0.22649527609677583,0.7417406890691861,0.23374800405991242,0.48774434656454924,nan,nan,0.3301201202131584,-11.628450523260371
Butterworth,850.0,2150.0,0.8546389815117222,-12.38102258242386,-5.7631918004560685,-12.38102258242386,2.9157078505843255,0.22649527609677583,0.7409715394020552,0.23374800405991242,0.48735977173098377,nan,nan,0.34300474470967734,-11.664993037625386
Butterworth,800.0,2150.0,0.8770437141142815,-12.38102258242386,-5.7519894341547895,-12.38102258242386,2.973529339629064,0.22649527609677583,0.7418327374065814,0.23374800405991242,0.48779037073324694,nan,nan,0.3578132346006897,-11.682546453101605
Butterworth,750.0,2150.0,0.9280517203757344,-12.38102258242386,-5.726485431024063,-12.38102258242386,3.058759962521724,0.22649527609677583,0.7437879956691509,0.23374800405991242,0.4887679998645317,nan,nan,0.37663481156024514,-11.69273034562742
Butterworth,700.0,2150.0,0.9804949609694873,-12.38102258242386,-5.700263810727186,-12.38102258242386,3.153645726888363,0.22649527609677583,0.7457903874061279,0.23374800405991242,0.48976919573302014,nan,nan,0.3999093849808397,-11.711055480434755
Butterworth,650.0,2150.0,1.033408859082625,-12.38102258242386,-5.673806861670617,-12.38102258242386,3.2626587984970317,0.22649527609677583,0.7478025735595151,0.23374800405991242,0.49077528880971377,nan,nan,0.4264940932060214,-11.735755761675161
Butterworth,600.0,2150.0,1.1399825854541727,-12.38102258242386,-5.620519998484844,-12.38102258242386,3.427581850960247,0.22649527609677583,0.7518300738151249,0.23374800405991242,0.4927890389375187,nan,nan,0.45758073522611453,-11.740614682273968
Butterworth,1500.0,2200.0,1.0047096502178579,-12.829088331198026,-5.912189340490084,-12.829088331198026,2.7743305042293005,0.2069275959251633,0.7467122366775553,0.22259263748807215,0.4846524370828137,nan,nan,0.201066559248247,-11.759561750419962
Butterworth,1450.0,2200.0,1.0381296920892606,-12.829088331198026,-5.895479319554383,-12.829088331198026,2.8088967553958266,0.2069275959251633,0.7479816936533927,0.22259263748807215,0.4852871655707324,nan,nan,0.21464025601164366,-11.768729666035219
Butterworth,1400.0,2200.0,1.0674082257116568,-12.829088331198026,-5.880840052743185,-12.829088331198026,2.840752396514999,0.2069275959251633,0.7490911168599563,0.22259263748807215,0.4858418771740142,nan,nan,0.22713084281332796,-11.777962149620826
Butterworth,1350.0,2200.0,1.0918579014791656,-12.829088331198026,-5.86861521485943,-12.829088331198026,2.8696781287397073,0.2069275959251633,0.7500156093879496,0.22259263748807215,0.4863041234380109,nan,nan,0.23869419691046143,-11.787939527403344
Butterworth,1300.0,2200.0,1.109773592028699,-12.829088331198026,-5.859657369584664,-12.829088331198026,2.8946508840173673,0.2069275959251633,0.7506919040912008,0.22259263748807215,0.48664227078963646,nan,nan,0.24958470968581017,-11.800086412976023
Butterworth,1250.0,2200.0,1.1189120954285767,-12.829088331198026,-5.8550881178847245,-12.829088331198026,2.9142968472452346,0.2069275959251633,0.75103650047833,0.22259263748807215,0.4868145689832011,nan,nan,0.25999389876843737,-11.81599094305421
Butterworth,1200.0,2200.0,1.1174682889944023,-12.829088331198026,-5.855810021101812,-12.829088331198026,2.927770067275372,0.2069275959251633,0.7509820738325408,0.22259263748807215,0.48678735566030645,nan,nan,0.2699883430061171,-11.836756161392447
Butterworth,1150.0,2200.0,1.104330534406345,-12.829088331198026,-5.862378898395841,-12.829088331198026,2.934923931305802,0.2069275959251633,0.7504865372135556,0.22259263748807215,0.4865395873508139,nan,nan,0.27966273858487833,-11.863169366462984
Butterworth,1100.0,2200.0,1.0783652848124894,-12.829088331198026,-5.875361523192768,-12.829088331198026,2.9354980505374364,0.2069275959251633,0.7495056463710354,0.22259263748807215,0.4860491419295538,nan,nan,0.28933579882516725,-11.896479002583007
Butterworth,1050.0,2200.0,1.0383221238613074,-12.829088331198026,-5.895383103668359,-12.829088331198026,2.9287769274046154,0.2069275959251633,0.7479889935909808,0.22259263748807215,0.48529081553952647,nan,nan,0.2994898254140795,-11.938325289016479
Butterworth,1000.0,2200.0,0.9850208582244385,-12.829088331198026,-5.922033736486794,-12.829088331198026,2.9152658060467793,0.2069275959251633,0.7459628184880208,0.22259263748807215,0.48427772798804647,nan,nan,0.3104355008336433,-11.988893447777
Butterworth,950.0,2200.0,0.9252372478621034,-12.829088331198026,-5.951925541667961,-12.829088331198026,2.8998966564318795,0.2069275959251633,0.7436803066474288,0.22259263748807215,0.48313647206775046,nan,nan,0.32210338748329886,-12.044403538098072
Butterworth,900.0,2200.0,0.8746472129214155,-12.829088331198026,-5.977220559138305,-12.829088331198026,2.8944907817183427,0.2069275959251633,0.7417406890691861,0.22259263748807215,0.4821666632786291,nan,nan,0.3342405609718412,-12.095912520123742
Butterworth,850.0,2200.0,0.8546389815117222,-12.829088331198026,-5.9872246748431515,-12.829088331198026,2.9157078505843255,0.2069275959251633,0.7409715394020552,0.22259263748807215,0.48178208844506365,nan,nan,0.34697291926734913,-12.132150502086736
Butterworth,800.0,2200.0,0.8770437141142815,-12.829088331198026,-5.976022308541872,-12.829088331198026,2.973529339629064,0.2069275959251633,0.7418327374065814,0.22259263748807215,0.48221268744732676,nan,nan,0.36161936301360964,-12.149379825273451
Butterworth,750.0,2200.0,0.9280517203757344,-12.829088331198026,-5.950518305411146,-12.829088331198026,3.058759962521724,0.2069275959251633,0.7437879956691509,0.22259263748807215,0.4831903165786115,nan,nan,0.38025271367132246,-12.15918726519558
Butterworth,700.0,2200.0,0.9804949609694873,-12.829088331198026,-5.924296685114269,-12.829088331198026,3.153645726888363,0.2069275959251633,0.7457903874061279,0.22259263748807215,0.4841915124471,nan,nan,0.40331867336889154,-12.177095172556866
Butterworth,1500.0,2250.0,1.0047096502178579,-13.236754895971583,-6.116022622876862,-13.236754895971583,2.7743305042293005,0.19046525965973937,0.7467122366775553,0.21285977746518292,0.4797860070713691,nan,nan,0.20640708560376606,-12.187642227927448
Butterworth,1450.0,2250.0,1.0381296920892606,-13.236754895971583,-6.099312601941161,-13.236754895971583,2.8088967553958266,0.19046525965973937,0.7479816936533927,0.21285977746518292,0.4804207355592878,nan,nan,0.21977467005282478,-12.196397918914027
Butterworth,650.0,2200.0,1.033408859082625,-12.829088331198026,-5.8978397360577,-12.829088331198026,3.2626587984970317,0.2069275959251633,0.7478025735595151,0.22259263748807215,0.4851976055237936,nan,nan,0.4296925861912902,-12.201373862991707
Butterworth,1400.0,2250.0,1.0674082257116568,-13.236754895971583,-6.084673335129963,-13.236754895971583,2.840752396514999,0.19046525965973937,0.7490911168599563,0.21285977746518292,0.4809754471625696,nan,nan,0.23207661678581584,-12.205253122362246
Butterworth,600.0,2200.0,1.1399825854541727,-12.829088331198026,-5.844552872871927,-12.829088331198026,3.427581850960247,0.2069275959251633,0.7518300738151249,0.22259263748807215,0.4872113556515985,nan,nan,0.4605633923760569,-12.205801111919858
Butterworth,1350.0,2250.0,1.0918579014791656,-13.236754895971583,-6.072448497246208,-13.236754895971583,2.8696781287397073,0.19046525965973937,0.7500156093879496,0.21285977746518292,0.4814376934265663,nan,nan,0.24346596311469906,-12.214882484608264
Butterworth,1300.0,2250.0,1.109773592028699,-13.236754895971583,-6.063490651971442,-13.236754895971583,2.8946508840173673,0.19046525965973937,0.7506919040912008,0.21285977746518292,0.48177584077819186,nan,nan,0.2541935645964266,-12.226703547593702
Butterworth,1250.0,2250.0,1.1189120954285767,-13.236754895971583,-6.058921400271503,-13.236754895971583,2.9142968472452346,0.19046525965973937,0.75103650047833,0.21285977746518292,0.4819481389717565,nan,nan,0.2644491145244023,-12.242300799362585
Butterworth,1200.0,2250.0,1.1174682889944023,-13.236754895971583,-6.05964330348859,-13.236754895971583,2.927770067275372,0.19046525965973937,0.7509820738325408,0.21285977746518292,0.48192092564886185,nan,nan,0.2742993610146572,-12.262777622205972
Butterworth,1150.0,2250.0,1.104330534406345,-13.236754895971583,-6.066212180782619,-13.236754895971583,2.934923931305802,0.19046525965973937,0.7504865372135556,0.21285977746518292,0.4816731573393693,nan,nan,0.28383854887120147,-12.288920411832075
Butterworth,1100.0,2250.0,1.0783652848124894,-13.236754895971583,-6.079194805579546,-13.236754895971583,2.9354980505374364,0.19046525965973937,0.7495056463710354,0.21285977746518292,0.4811827119181092,nan,nan,0.29338136659148034,-12.321969562912079
Butterworth,1050.0,2250.0,1.0383221238613074,-13.236754895971583,-6.099216386055137,-13.236754895971583,2.9287769274046154,0.19046525965973937,0.7479889935909808,0.21285977746518292,0.48042438552808187,nan,nan,0.303404417164602,-12.36355389731397
Butterworth,1000.0,2250.0,0.9850208582244385,-13.236754895971583,-6.125867018873572,-13.236754895971583,2.9152658060467793,0.19046525965973937,0.7459628184880208,0.21285977746518292,0.47941129797660187,nan,nan,0.3142165399293512,-12.413854950764861
Butterworth,950.0,2250.0,0.9252372478621034,-13.236754895971583,-6.15575882405474,-13.236754895971583,2.8998966564318795,0.19046525965973937,0.7436803066474288,0.21285977746518292,0.47827004205630586,nan,nan,0.32575051658009396,-12.469097221088106
Butterworth,900.0,2250.0,0.8746472129214155,-13.236754895971583,-6.181053841525084,-13.236754895971583,2.8944907817183427,0.19046525965973937,0.7417406890691861,0.21285977746518292,0.4773002332671845,nan,nan,0.3377576168168832,-12.520346056610272
Butterworth,850.0,2250.0,0.8546389815117222,-13.236754895971583,-6.19105795722993,-13.236754895971583,2.9157078505843255,0.19046525965973937,0.7409715394020552,0.21285977746518292,0.47691565843361905,nan,nan,0.35036276061342403,-12.556329609575332
Butterworth,1500.0,2300.0,1.0047096502178579,-13.60359228299706,-6.299441316389601,-13.60359228299706,2.7743305042293005,0.17663662729377888,0.7467122366775553,0.20443258787562266,0.475572412276589,nan,nan,0.21095208876630536,-12.571996810867564
Butterworth,800.0,2250.0,0.8770437141142815,-13.236754895971583,-6.179855590928651,-13.236754895971583,2.973529339629064,0.19046525965973937,0.7418327374065814,0.21285977746518292,0.47734625743588216,nan,nan,0.36487341360236,-12.573287351247398
Butterworth,1450.0,2300.0,1.0381296920892606,-13.60359228299706,-6.2827312954539,-13.60359228299706,2.8088967553958266,0.17663662729377888,0.7479816936533927,0.20443258787562266,0.4762071407645077,nan,nan,0.2241405121690658,-12.580394179761544
Butterworth,750.0,2250.0,0.9280517203757344,-13.236754895971583,-6.154351587797924,-13.236754895971583,3.058759962521724,0.19046525965973937,0.7437879956691509,0.21285977746518292,0.4783238865671669,nan,nan,0.3833487805534902,-12.582778823756362
Butterworth,1400.0,2300.0,1.0674082257116568,-13.60359228299706,-6.268092028642702,-13.60359228299706,2.840752396514999,0.17663662729377888,0.7490911168599563,0.20443258787562266,0.4767618523677895,nan,nan,0.2362801306435433,-12.588924726692738
Butterworth,1350.0,2300.0,1.0918579014791656,-13.60359228299706,-6.255867190758947,-13.60359228299706,2.8696781287397073,0.17663662729377888,0.7500156093879496,0.20443258787562266,0.47722409863178616,nan,nan,0.24752123559441655,-12.598257606182738
Butterworth,700.0,2250.0,0.9804949609694873,-13.236754895971583,-6.128129967501048,-13.236754895971583,3.153645726888363,0.19046525965973937,0.7457903874061279,0.21285977746518292,0.4793250824356554,nan,nan,0.40623907741540677,-12.60033540544634
Butterworth,1300.0,2300.0,1.109773592028699,-13.60359228299706,-6.24690934548418,-13.60359228299706,2.8946508840173673,0.17663662729377888,0.7506919040912008,0.20443258787562266,0.47756224598341174,nan,nan,0.2581109586769826,-12.609802912369851
Butterworth,650.0,2250.0,1.033408859082625,-13.236754895971583,-6.101673018444479,-13.236754895971583,3.2626587984970317,0.19046525965973937,0.7478025735595151,0.21285977746518292,0.480331175512349,nan,nan,0.4324348824162177,-12.624257880238007
Butterworth,1250.0,2300.0,1.1189120954285767,-13.60359228299706,-6.242340093784241,-13.60359228299706,2.9142968472452346,0.17663662729377888,0.75103650047833,0.20443258787562266,0.47773454417697636,nan,nan,0.2682371312338176,-12.625141409396454
Butterworth,600.0,2250.0,1.1399825854541727,-13.236754895971583,-6.048386155258705,-13.236754895971583,3.427581850960247,0.19046525965973937,0.7518300738151249,0.21285977746518292,0.4823449256401539,nan,nan,0.4631229164985357,-12.628319584961261
Butterworth,1200.0,2300.0,1.1174682889944023,-13.60359228299706,-6.243061997001329,-13.60359228299706,2.927770067275372,0.17663662729377888,0.7509820738325408,0.20443258787562266,0.47770733085408174,nan,nan,0.2779666518416256,-12.645376780474946
Butterworth,1150.0,2300.0,1.104330534406345,-13.60359228299706,-6.249630874295358,-13.60359228299706,2.934923931305802,0.17663662729377888,0.7504865372135556,0.20443258787562266,0.47745956254458916,nan,nan,0.28739271207970635,-12.671293314864121
Butterworth,1100.0,2300.0,1.0783652848124894,-13.60359228299706,-6.262613499092285,-13.60359228299706,2.9354980505374364,0.17663662729377888,0.7495056463710354,0.20443258787562266,0.47696911712332907,nan,nan,0.2968265774651956,-12.704124561274547
Butterworth,1050.0,2300.0,1.0383221238613074,-13.60359228299706,-6.282635079567876,-13.60359228299706,2.9287769274046154,0.17663662729377888,0.7479889935909808,0.20443258787562266,0.47621079073330175,nan,nan,0.30674050643527057,-12.745490652470343
Butterworth,1000.0,2300.0,0.9850208582244385,-13.60359228299706,-6.309285712386311,-13.60359228299706,2.9152658060467793,0.17663662729377888,0.7459628184880208,0.20443258787562266,0.47519770318182175,nan,nan,0.3174410249958697,-12.795568497512937
Butterworth,950.0,2300.0,0.9252372478621034,-13.60359228299706,-6.339177517567478,-13.60359228299706,2.8998966564318795,0.17663662729377888,0.7436803066474288,0.20443258787562266,0.47405644726152574,nan,nan,0.32886317175145285,-12.850587108045863
Butterworth,900.0,2300.0,0.8746472129214155,-13.60359228299706,-6.364472535037822,-13.60359228299706,2.8944907817183427,0.17663662729377888,0.7417406890691861,0.20443258787562266,0.4730866384724044,nan,nan,0.34076118800036376,-12.90161777559227
Butterworth,1500.0,2350.0,1.0047096502178579,-13.931011046538428,-6.463150698160285,-13.931011046538428,2.7743305042293005,0.16501435952559676,0.7467122366775553,0.19716926657079467,0.471940751624175,nan,nan,0.21483626865331074,-12.914447255487769
Butterworth,1450.0,2350.0,1.0381296920892606,-13.931011046538428,-6.446440677224584,-13.931011046538428,2.8088967553958266,0.16501435952559676,0.7479816936533927,0.19716926657079467,0.4725754801120937,nan,nan,0.22786815653346562,-12.92253155333654
Butterworth,1400.0,2350.0,1.0674082257116568,-13.931011046538428,-6.431801410413385,-13.931011046538428,2.840752396514999,0.16501435952559676,0.7490911168599563,0.19716926657079467,0.4731301917153755,nan,nan,0.23986750804559873,-12.930781566343047
Butterworth,850.0,2300.0,0.8546389815117222,-13.60359228299706,-6.374476650742668,-13.60359228299706,2.9157078505843255,0.17663662729377888,0.7409715394020552,0.20443258787562266,0.47270206363883893,nan,nan,0.35325954233428836,-12.937387749632096
Butterworth,1350.0,2350.0,1.0918579014791656,-13.931011046538428,-6.419576572529631,-13.931011046538428,2.8696781287397073,0.16501435952559676,0.7500156093879496,0.19716926657079467,0.47359243797937217,nan,nan,0.2509813796899207,-12.939859979219943
Butterworth,1300.0,2350.0,1.109773592028699,-13.931011046538428,-6.410618727254865,-13.931011046538428,2.8946508840173673,0.16501435952559676,0.7506919040912008,0.19716926657079467,0.47393058533099774,nan,nan,0.26145368702484445,-12.951170453911772
Butterworth,800.0,2300.0,0.8770437141142815,-13.60359228299706,-6.363274284441389,-13.60359228299706,2.973529339629064,0.17663662729377888,0.7418327374065814,0.20443258787562266,0.47313266264110204,nan,nan,0.36765610851797076,-12.954117317693658
Butterworth,750.0,2300.0,0.9280517203757344,-13.60359228299706,-6.337770281310663,-13.60359228299706,3.058759962521724,0.17663662729377888,0.7437879956691509,0.20443258787562266,0.4741102917723868,nan,nan,0.3859983930038893,-12.963342625272197
Butterworth,1250.0,2350.0,1.1189120954285767,-13.931011046538428,-6.4060494755549255,-13.931011046538428,2.9142968472452346,0.16501435952559676,0.75103650047833,0.19716926657079467,0.47410288352456237,nan,nan,0.2714703430193663,-12.966289917813748
Butterworth,700.0,2300.0,0.9804949609694873,-13.60359228299706,-6.311548661013786,-13.60359228299706,3.153645726888363,0.17663662729377888,0.7457903874061279,0.20443258787562266,0.4751114876408753,nan,nan,0.4087403356422912,-12.980602498515147
Butterworth,1200.0,2350.0,1.1174682889944023,-13.931011046538428,-6.406771378772013,-13.931011046538428,2.927770067275372,0.16501435952559676,0.7509820738325408,0.19716926657079467,0.47407567020166774,nan,nan,0.281097870098508,-12.986321301834908
Butterworth,650.0,2300.0,1.033408859082625,-13.60359228299706,-6.285091711957217,-13.60359228299706,3.2626587984970317,0.17663662729377888,0.7478025735595151,0.20443258787562266,0.4761175807175689,nan,nan,0.4347855671246616,-13.004223826269932
Butterworth,600.0,2300.0,1.1399825854541727,-13.60359228299706,-6.231804848771444,-13.60359228299706,3.427581850960247,0.17663662729377888,0.7518300738151249,0.20443258787562266,0.4781313308453738,nan,nan,0.465318664329024,-13.007975657237274
Butterworth,1150.0,2350.0,1.104330534406345,-13.931011046538428,-6.413340256066041,-13.931011046538428,2.934923931305802,0.16501435952559676,0.7504865372135556,0.19716926657079467,0.47382790189217516,nan,nan,0.2904286135002839,-13.012047202551472
Butterworth,1100.0,2350.0,1.0783652848124894,-13.931011046538428,-6.426322880862969,-13.931011046538428,2.9354980505374364,0.16501435952559676,0.7495056463710354,0.19716926657079467,0.4733374564709151,nan,nan,0.2997710928345488,-13.044695676859451
Butterworth,1050.0,2350.0,1.0383221238613074,-13.931011046538428,-6.44634446133856,-13.931011046538428,2.9287769274046154,0.16501435952559676,0.7479889935909808,0.19716926657079467,0.47257913008088775,nan,nan,0.3095930715258759,-13.08587786749775
Butterworth,1000.0,2350.0,0.9850208582244385,-13.931011046538428,-6.472995094156995,-13.931011046538428,2.9152658060467793,0.16501435952559676,0.7459628184880208,0.19716926657079467,0.47156604252940776,nan,nan,0.32019968381897895,-13.135767900005352
Butterworth,950.0,2350.0,0.9252372478621034,-13.931011046538428,-6.502886899338162,-13.931011046538428,2.8998966564318795,0.16501435952559676,0.7436803066474288,0.19716926657079467,0.47042478660911174,nan,nan,0.3315276421933044,-13.190598133775762
Butterworth,1500.0,2400.0,1.0047096502178579,-14.221579918561941,-6.6084351341720415,-14.221579918561941,2.7743305042293005,0.155223647527061,0.7467122366775553,0.19092279756983213,0.4688175171236937,nan,nan,0.2181767777062468,-13.217943614618118
Butterworth,1450.0,2400.0,1.0381296920892606,-14.221579918561941,-6.591725113236341,-14.221579918561941,2.8088967553958266,0.155223647527061,0.7479816936533927,0.19092279756983213,0.4694522456116124,nan,nan,0.2310712573768431,-13.225753096047773
Butterworth,1400.0,2400.0,1.0674082257116568,-14.221579918561941,-6.577085846425142,-14.221579918561941,2.840752396514999,0.155223647527061,0.7490911168599563,0.19092279756983213,0.4700069572148942,nan,nan,0.24294832197704763,-13.23375853523042
Butterworth,900.0,2350.0,0.8746472129214155,-13.931011046538428,-6.5281819168085065,-13.931011046538428,2.8944907817183427,0.16501435952559676,0.7417406890691861,0.19716926657079467,0.4694549778199904,nan,nan,0.34333391504689265,-13.241445314531527
Butterworth,1350.0,2400.0,1.0918579014791656,-14.221579918561941,-6.564861008541388,-14.221579918561941,2.8696781287397073,0.155223647527061,0.7500156093879496,0.19092279756983213,0.4704692034788909,nan,nan,0.2539523197149582,-13.242617200294493
Butterworth,1300.0,2400.0,1.109773592028699,-14.221579918561941,-6.555903163266621,-14.221579918561941,2.8946508840173673,0.155223647527061,0.7506919040912008,0.19092279756983213,0.47080735083051645,nan,nan,0.264323818399015,-13.25372605768459
Butterworth,1250.0,2400.0,1.1189120954285767,-14.221579918561941,-6.551333911566682,-14.221579918561941,2.9142968472452346,0.155223647527061,0.75103650047833,0.19092279756983213,0.47097964902408107,nan,nan,0.2742468502398026,-13.268658273279096
Butterworth,850.0,2350.0,0.8546389815117222,-13.931011046538428,-6.5381860325133525,-13.931011046538428,2.9157078505843255,0.16501435952559676,0.7409715394020552,0.19716926657079467,0.46907040298642494,nan,nan,0.3557421434377287,-13.277035036685174
Butterworth,1200.0,2400.0,1.1174682889944023,-14.221579918561941,-6.5520558147837695,-14.221579918561941,2.927770067275372,0.155223647527061,0.7509820738325408,0.19092279756983213,0.47095243570118644,nan,nan,0.28378756151066037,-13.288516025683688
Butterworth,800.0,2350.0,0.8770437141142815,-13.931011046538428,-6.5269836662120735,-13.931011046538428,2.973529339629064,0.16501435952559676,0.7418327374065814,0.19716926657079467,0.46950100198868805,nan,nan,0.37004226433005927,-13.29357171416403
Butterworth,750.0,2350.0,0.9280517203757344,-13.931011046538428,-6.501479663081347,-13.931011046538428,3.058759962521724,0.16501435952559676,0.7437879956691509,0.19716926657079467,0.4704786311199728,nan,nan,0.3882719666174536,-13.302571857345521
Butterworth,1150.0,2400.0,1.104330534406345,-14.221579918561941,-6.558624692077798,-14.221579918561941,2.934923931305802,0.155223647527061,0.7504865372135556,0.19092279756983213,0.47070466739169387,nan,nan,0.29303745110831736,-13.314080218792014
Butterworth,700.0,2350.0,0.9804949609694873,-13.931011046538428,-6.47525804278447,-13.931011046538428,3.153645726888363,0.16501435952559676,0.7457903874061279,0.19716926657079467,0.4714798269884613,nan,nan,0.4108880865181129,-13.319580085112987
Butterworth,650.0,2350.0,1.033408859082625,-13.931011046538428,-6.4488010937279014,-13.931011046538428,3.2626587984970317,0.16501435952559676,0.7478025735595151,0.19716926657079467,0.4724859200651549,nan,nan,0.4368053511981515,-13.34294547926311
Butterworth,600.0,2350.0,1.1399825854541727,-13.931011046538428,-6.395514230542128,-13.931011046538428,3.427581850960247,0.16501435952559676,0.7518300738151249,0.19716926657079467,0.4744996701929598,nan,nan,0.4672064191620128,-13.346433251749447
Butterworth,1100.0,2400.0,1.0783652848124894,-14.221579918561941,-6.571607316874726,-14.221579918561941,2.9354980505374364,0.155223647527061,0.7495056463710354,0.19092279756983213,0.4702142219704338,nan,nan,0.3023021986974268,-13.346573229609684
Butterworth,1050.0,2400.0,1.0383221238613074,-14.221579918561941,-6.591628897350317,-14.221579918561941,2.9287769274046154,0.155223647527061,0.7479889935909808,0.19092279756983213,0.46945589558040646,nan,nan,0.312046370413262,-13.387599806296999
Butterworth,1000.0,2400.0,0.9850208582244385,-14.221579918561941,-6.618279530168752,-14.221579918561941,2.9152658060467793,0.155223647527061,0.7459628184880208,0.19092279756983213,0.46844280802892646,nan,nan,0.32257331378004556,-13.437330500951962
Butterworth,1500.0,2450.0,1.0047096502178579,-14.478545460173496,-6.736917904977819,-14.478545460173496,2.7743305042293005,0.14694446361478072,0.7467122366775553,0.18555161641793438,0.4661319265477448,nan,nan,0.2210740860394664,-13.486074954048009
Butterworth,950.0,2400.0,0.9252372478621034,-14.221579918561941,-6.648171335349919,-14.221579918561941,2.8998966564318795,0.155223647527061,0.7436803066474288,0.19092279756983213,0.46730155210863045,nan,nan,0.33382149038254677,-13.492001171178721
Butterworth,1450.0,2450.0,1.0381296920892606,-14.478545460173496,-6.720207884042118,-14.478545460173496,2.8088967553958266,0.14694446361478072,0.7479816936533927,0.18555161641793438,0.46676665503566356,nan,nan,0.23384689944841,-13.493641102954358
Butterworth,1400.0,2450.0,1.0674082257116568,-14.478545460173496,-6.70556861723092,-14.478545460173496,2.840752396514999,0.14694446361478072,0.7490911168599563,0.18555161641793438,0.46732136663894536,nan,nan,0.24561661035847487,-13.501431834756728
Butterworth,1350.0,2450.0,1.0918579014791656,-14.478545460173496,-6.693343779347165,-14.478545460173496,2.8696781287397073,0.14694446361478072,0.7500156093879496,0.18555161641793438,0.467783612902942,nan,nan,0.2565246706098048,-13.51009862484764
Butterworth,1300.0,2450.0,1.109773592028699,-14.478545460173496,-6.684385934072399,-14.478545460173496,2.8946508840173673,0.14694446361478072,0.7506919040912008,0.18555161641793438,0.4681217602545676,nan,nan,0.26680875164288587,-13.521032646935783
Butterworth,1250.0,2450.0,1.1189120954285767,-14.478545460173496,-6.67981668237246,-14.478545460173496,2.9142968472452346,0.14694446361478072,0.75103650047833,0.18555161641793438,0.4682940584481322,nan,nan,0.2766510613326434,-13.53580341822823
Butterworth,900.0,2400.0,0.8746472129214155,-14.221579918561941,-6.673466352820263,-14.221579918561941,2.8944907817183427,0.155223647527061,0.7417406890691861,0.19092279756983213,0.4663317433195091,nan,nan,0.3455497117620496,-13.542692248986315
Butterworth,1200.0,2450.0,1.1174682889944023,-14.478545460173496,-6.680538585589547,-14.478545460173496,2.927770067275372,0.14694446361478072,0.7509820738325408,0.18555161641793438,0.4682668451252376,nan,nan,0.28611705007180444,-13.55551172556943
Butterworth,850.0,2400.0,0.8546389815117222,-14.221579918561941,-6.683470468525109,-14.221579918561941,2.9157078505843255,0.155223647527061,0.7409715394020552,0.19092279756983213,0.46594716848594364,nan,nan,0.3578813556703614,-13.578128802174916
Butterworth,1150.0,2450.0,1.104330534406345,-14.478545460173496,-6.687107462883576,-14.478545460173496,2.934923931305802,0.14694446361478072,0.7504865372135556,0.18555161641793438,0.468019076815745,nan,nan,0.2952974644537334,-13.580936968246302
Butterworth,800.0,2400.0,0.8770437141142815,-14.221579918561941,-6.67226810222383,-14.221579918561941,2.973529339629064,0.155223647527061,0.7418327374065814,0.19092279756983213,0.46637776748820675,nan,nan,0.37209932503526905,-13.594501176598925
Butterworth,750.0,2400.0,0.9280517203757344,-14.221579918561941,-6.646764099093104,-14.221579918561941,3.058759962521724,0.155223647527061,0.7437879956691509,0.19092279756983213,0.4673553966194915,nan,nan,0.39023295818299386,-13.603309181501078
Butterworth,1100.0,2450.0,1.0783652848124894,-14.478545460173496,-6.700090087680503,-14.478545460173496,2.9354980505374364,0.14694446361478072,0.7495056463710354,0.18555161641793438,0.4675286313944849,nan,nan,0.30449565200265283,-13.613296858983587
Butterworth,700.0,2400.0,0.9804949609694873,-14.221579918561941,-6.620542478796227,-14.221579918561941,3.153645726888363,0.155223647527061,0.7457903874061279,0.19092279756983213,0.46835659248798,nan,nan,0.41274172439351353,-13.620102701888266
Butterworth,650.0,2400.0,1.033408859082625,-14.221579918561941,-6.594085529739658,-14.221579918561941,3.2626587984970317,0.155223647527061,0.7478025735595151,0.19092279756983213,0.4693626855646736,nan,nan,0.4385494160884866,-13.643248950068255
Butterworth,600.0,2400.0,1.1399825854541727,-14.221579918561941,-6.540798666553885,-14.221579918561941,3.427581850960247,0.155223647527061,0.7518300738151249,0.19092279756983213,0.4713764356924785,nan,nan,0.4688373752414684,-13.646510504932834
Butterworth,1050.0,2450.0,1.0383221238613074,-14.478545460173496,-6.720111668156094,-14.478545460173496,2.9287769274046154,0.14694446361478072,0.7479889935909808,0.18555161641793438,0.4667703050044576,nan,nan,0.3141731132176251,-13.654190014669178
Butterworth,1000.0,2450.0,0.9850208582244385,-14.478545460173496,-6.746762300974529,-14.478545460173496,2.9152658060467793,0.14694446361478072,0.7459628184880208,0.18555161641793438,0.4657572174529776,nan,nan,0.32463206716782583,-13.703784730490975
Butterworth,1500.0,2500.0,1.0047096502178579,-14.705517181505986,-6.850403765644064,-14.705517181505986,2.7743305042293005,0.13990783402818954,0.7467122366775553,0.18092441642071955,0.4638183265491374,nan,nan,0.22361297824216886,-13.72275165978312
Butterworth,1450.0,2500.0,1.0381296920892606,-14.705517181505986,-6.833693744708363,-14.705517181505986,2.8088967553958266,0.13990783402818954,0.7479816936533927,0.18092441642071955,0.46445305503705614,nan,nan,0.23627710262250046,-13.730100430632243
Butterworth,1400.0,2500.0,1.0674082257116568,-14.705517181505986,-6.819054477897165,-14.705517181505986,2.840752396514999,0.13990783402818954,0.7490911168599563,0.18092441642071955,0.46500776664033794,nan,nan,0.24795155311901287,-13.737700641607509
Butterworth,1350.0,2500.0,1.0918579014791656,-14.705517181505986,-6.80682964001341,-14.705517181505986,2.8696781287397073,0.13990783402818954,0.7500156093879496,0.18092441642071955,0.4654700129043346,nan,nan,0.2587750544721529,-13.74619831390204
Butterworth,1300.0,2500.0,1.109773592028699,-14.705517181505986,-6.797871794738644,-14.705517181505986,2.8946508840173673,0.13990783402818954,0.7506919040912008,0.18092441642071955,0.46580816025596017,nan,nan,0.2689824945999573,-13.75697905417963
Butterworth,950.0,2450.0,0.9252372478621034,-14.478545460173496,-6.776654106155696,-14.478545460173496,2.8998966564318795,0.14694446361478072,0.7436803066474288,0.18555161641793438,0.4646159615326816,nan,nan,0.33581163370346834,-13.758318180584018
Butterworth,1250.0,2500.0,1.1189120954285767,-14.705517181505986,-6.793302543038704,-14.705517181505986,2.9142968472452346,0.13990783402818954,0.75103650047833,0.18092441642071955,0.4659804584495248,nan,nan,0.278754407502365,-13.771609031897379
Butterworth,1200.0,2500.0,1.1174682889944023,-14.705517181505986,-6.794024446255792,-14.705517181505986,2.927770067275372,0.13990783402818954,0.7509820738325408,0.18092441642071955,0.46595324512663017,nan,nan,0.28815534080806543,-13.791187228371655
Butterworth,900.0,2450.0,0.8746472129214155,-14.478545460173496,-6.8019491236260405,-14.478545460173496,2.8944907817183427,0.14694446361478072,0.7417406890691861,0.18555161641793438,0.46364615274356025,nan,nan,0.34747301292901944,-13.808875574083705
Butterworth,1150.0,2500.0,1.104330534406345,-14.705517181505986,-6.800593323549821,-14.705517181505986,2.934923931305802,0.13990783402818954,0.7504865372135556,0.18092441642071955,0.4657054768171376,nan,nan,0.29727545807531536,-13.81649187681917
Butterworth,850.0,2450.0,0.8546389815117222,-14.478545460173496,-6.811953239330887,-14.478545460173496,2.9157078505843255,0.14694446361478072,0.7409715394020552,0.18555161641793438,0.4632615779099948,nan,nan,0.3597388302929218,-13.844180474183489
Butterworth,1100.0,2500.0,1.0783652848124894,-14.705517181505986,-6.813575948346748,-14.705517181505986,2.9354980505374364,0.13990783402818954,0.7495056463710354,0.18092441642071955,0.4652150313958775,nan,nan,0.3064158499182434,-13.848736176144472
Butterworth,800.0,2450.0,0.8770437141142815,-14.478545460173496,-6.800750873029608,-14.478545460173496,2.973529339629064,0.14694446361478072,0.7418327374065814,0.18555161641793438,0.4636921769122579,nan,nan,0.3738862712173908,-13.860411791726621
Butterworth,750.0,2450.0,0.9280517203757344,-14.478545460173496,-6.775246869898881,-14.478545460173496,3.058759962521724,0.14694446361478072,0.7437879956691509,0.18555161641793438,0.46466980604354263,nan,nan,0.3919373390708421,-13.869054666040228
Butterworth,700.0,2450.0,0.9804949609694873,-14.478545460173496,-6.7490252496020045,-14.478545460173496,3.153645726888363,0.14694446361478072,0.7457903874061279,0.18555161641793438,0.46567100191203115,nan,nan,0.4143535719675063,-13.885663119799704
Butterworth,1050.0,2500.0,1.0383221238613074,-14.705517181505986,-6.833597528822339,-14.705517181505986,2.9287769274046154,0.13990783402818954,0.7479889935909808,0.18092441642071955,0.4644567050058502,nan,nan,0.31603557184997655,-13.889513853263585
Butterworth,650.0,2450.0,1.033408859082625,-14.478545460173496,-6.7225683005454355,-14.478545460173496,3.2626587984970317,0.14694446361478072,0.7478025735595151,0.18555161641793438,0.4666770949887247,nan,nan,0.440066661514371,-13.908620163683475
Butterworth,600.0,2450.0,1.1399825854541727,-14.478545460173496,-6.669281437359662,-14.478545460173496,3.427581850960247,0.14694446361478072,0.7518300738151249,0.18555161641793438,0.46869084511652964,nan,nan,0.4702570093057857,-13.911686495824924
Butterworth,1500.0,2550.0,1.0047096502178579,-14.90625829058914,-6.950774320185641,-14.90625829058914,2.7743305042293005,0.13388553712233922,0.7467122366775553,0.17692183469292286,0.4618170356852391,nan,nan,0.22586381348653575,-13.931997021082804
Butterworth,1000.0,2500.0,0.9850208582244385,-14.705517181505986,-6.860248161640774,-14.705517181505986,2.9152658060467793,0.13990783402818954,0.7459628184880208,0.18092441642071955,0.4634436174543702,nan,nan,0.3264353759481294,-13.938990269381286
Butterworth,1450.0,2550.0,1.0381296920892606,-14.90625829058914,-6.93406429924994,-14.90625829058914,2.8088967553958266,0.13388553712233922,0.7479816936533927,0.17692183469292286,0.4624517641731578,nan,nan,0.23842981870052912,-13.939149553599252
Butterworth,1400.0,2550.0,1.0674082257116568,-14.90625829058914,-6.919425032438742,-14.90625829058914,2.840752396514999,0.13388553712233922,0.7490911168599563,0.17692183469292286,0.4630064757764396,nan,nan,0.2500188827651505,-13.946578991710734
Butterworth,1350.0,2550.0,1.0918579014791656,-14.90625829058914,-6.907200194554987,-14.90625829058914,2.8696781287397073,0.13388553712233922,0.7500156093879496,0.17692183469292286,0.46346872204043627,nan,nan,0.2607669280908132,-13.954925751950311
Butterworth,1300.0,2550.0,1.109773592028699,-14.90625829058914,-6.8982423492802205,-14.90625829058914,2.8946508840173673,0.13388553712233922,0.7506919040912008,0.17692183469292286,0.46380686939206184,nan,nan,0.27090645403237124,-13.96557066385541
Butterworth,1250.0,2550.0,1.1189120954285767,-14.90625829058914,-6.893673097580281,-14.90625829058914,2.9142968472452346,0.13388553712233922,0.75103650047833,0.17692183469292286,0.46397916758562646,nan,nan,0.28061598217826295,-13.980075872060125
Butterworth,950.0,2500.0,0.9252372478621034,-14.705517181505986,-6.890139966821941,-14.705517181505986,2.8998966564318795,0.13990783402818954,0.7436803066474288,0.18092441642071955,0.46230236153407417,nan,nan,0.3375556609786352,-13.993405156464057
Butterworth,1200.0,2550.0,1.1174682889944023,-14.90625829058914,-6.894395000797369,-14.90625829058914,2.927770067275372,0.13388553712233922,0.7509820738325408,0.17692183469292286,0.46395195426273184,nan,nan,0.2899596463903272,-13.99953953034713
Butterworth,1150.0,2550.0,1.104330534406345,-14.90625829058914,-6.900963878091398,-14.90625829058914,2.934923931305802,0.13388553712233922,0.7504865372135556,0.17692183469292286,0.46370418595323926,nan,nan,0.299026688655199,-14.024738028789887
Butterworth,900.0,2500.0,0.8746472129214155,-14.705517181505986,-6.915434984292285,-14.705517181505986,2.8944907817183427,0.13990783402818954,0.7417406890691861,0.18092441642071955,0.46133255274495283,nan,nan,0.3491589623844331,-14.043846394324238
Butterworth,1100.0,2550.0,1.0783652848124894,-14.90625829058914,-6.913946502888325,-14.90625829058914,2.9354980505374364,0.13388553712233922,0.7495056463710354,0.17692183469292286,0.46321374053197917,nan,nan,0.30811639405893176,-14.0568809552368
Butterworth,850.0,2500.0,0.8546389815117222,-14.705517181505986,-6.925439099997131,-14.705517181505986,2.9157078505843255,0.13990783402818954,0.7409715394020552,0.18092441642071955,0.46094797791138736,nan,nan,0.3613677175381246,-14.079037170003598
Butterworth,800.0,2500.0,0.8770437141142815,-14.705517181505986,-6.914236733695852,-14.705517181505986,2.973529339629064,0.13990783402818954,0.7418327374065814,0.18092441642071955,0.4613785769136505,nan,nan,0.37545388335354046,-14.095145937328626
Butterworth,1050.0,2550.0,1.0383221238613074,-14.90625829058914,-6.933968083363916,-14.90625829058914,2.9287769274046154,0.13388553712233922,0.7479889935909808,0.17692183469292286,0.46245541414195185,nan,nan,0.3176853355135491,-14.097557071401681
Butterworth,750.0,2500.0,0.9280517203757344,-14.705517181505986,-6.888732730565126,-14.705517181505986,3.058759962521724,0.13990783402818954,0.7437879956691509,0.18092441642071955,0.4623562060449352,nan,nan,0.3934330310053285,-14.103644971238905
Butterworth,1500.0,2600.0,1.0047096502178579,-15.084528422044084,-7.039909385913113,-15.084528422044084,2.7743305042293005,0.12868674164166932,0.7467122366775553,0.17343688139607064,0.46007455903681294,nan,nan,0.2278835223296892,-14.117791523520907
Butterworth,700.0,2500.0,0.9804949609694873,-14.705517181505986,-6.862511110268249,-14.705517181505986,3.153645726888363,0.13990783402818954,0.7457903874061279,0.18092441642071955,0.4633574019134237,nan,nan,0.41576854175096256,-14.12009198069632
Butterworth,1450.0,2600.0,1.0381296920892606,-15.084528422044084,-7.023199364977412,-15.084528422044084,2.8088967553958266,0.12868674164166932,0.7479816936533927,0.17343688139607064,0.46070928752473167,nan,nan,0.2403601350963746,-14.12476527114274
Butterworth,1400.0,2600.0,1.0674082257116568,-15.084528422044084,-7.008560098166214,-15.084528422044084,2.840752396514999,0.12868674164166932,0.7490911168599563,0.17343688139607064,0.46126399912801347,nan,nan,0.2518716931068499,-14.132039697145927
Butterworth,1350.0,2600.0,1.0918579014791656,-15.084528422044084,-6.996335260282459,-15.084528422044084,2.8696781287397073,0.12868674164166932,0.7500156093879496,0.17343688139607064,0.4617262453920101,nan,nan,0.26255176782351386,-14.140250516167509
Butterworth,650.0,2500.0,1.033408859082625,-14.705517181505986,-6.83605416121168,-14.705517181505986,3.2626587984970317,0.13990783402818954,0.7478025735595151,0.18092441642071955,0.4643634949901173,nan,nan,0.4413992916945632,-14.142884345373565
Butterworth,600.0,2500.0,1.1399825854541727,-14.705517181505986,-6.782767298025907,-14.705517181505986,3.427581850960247,0.13990783402818954,0.7518300738151249,0.18092441642071955,0.4663772451179222,nan,nan,0.4715042906692551,-14.145779979881567
Butterworth,1000.0,2550.0,0.9850208582244385,-14.90625829058914,-6.960618716182351,-14.90625829058914,2.9152658060467793,0.13388553712233922,0.7459628184880208,0.17692183469292286,0.46144232659047185,nan,nan,0.32803326829470736,-14.14692974488539
Butterworth,1300.0,2600.0,1.109773592028699,-15.084528422044084,-6.987377415007693,-15.084528422044084,2.8946508840173673,0.12868674164166932,0.7506919040912008,0.17343688139607064,0.4620643927436357,nan,nan,0.27263015030910764,-14.150773141160679
Butterworth,1250.0,2600.0,1.1189120954285767,-15.084528422044084,-6.9828081633077534,-15.084528422044084,2.9142968472452346,0.12868674164166932,0.75103650047833,0.17343688139607064,0.4622366909372003,nan,nan,0.28228395158326075,-14.165166895621915
Butterworth,1200.0,2600.0,1.1174682889944023,-15.084528422044084,-6.983530066524841,-15.084528422044084,2.927770067275372,0.12868674164166932,0.7509820738325408,0.17343688139607064,0.4622094776143057,nan,nan,0.2915765155892792,-14.184528353496829
Butterworth,950.0,2550.0,0.9252372478621034,-14.90625829058914,-6.990510521363518,-14.90625829058914,2.8998966564318795,0.13388553712233922,0.7436803066474288,0.17692183469292286,0.46030107067017584,nan,nan,0.33910145631720917,-14.201240437952155
Butterworth,1150.0,2600.0,1.104330534406345,-15.084528422044084,-6.99009894381887,-15.084528422044084,2.934923931305802,0.12868674164166932,0.7504865372135556,0.17343688139607064,0.4619617093048131,nan,nan,0.3005962379725127,-14.209632212176311
Butterworth,1100.0,2600.0,1.0783652848124894,-15.084528422044084,-7.003081568615797,-15.084528422044084,2.9354980505374364,0.12868674164166932,0.7495056463710354,0.17343688139607064,0.46147126388355303,nan,nan,0.3096407487516124,-14.241684749373958
Butterworth,900.0,2550.0,0.8746472129214155,-14.90625829058914,-7.015805538833862,-14.90625829058914,2.8944907817183427,0.13388553712233922,0.7417406890691861,0.17692183469292286,0.4593312618810545,nan,nan,0.3506537891700501,-14.251579738706422
Butterworth,1050.0,2600.0,1.0383221238613074,-15.084528422044084,-7.023103149091388,-15.084528422044084,2.9287769274046154,0.12868674164166932,0.7479889935909808,0.17343688139607064,0.4607129374935257,nan,nan,0.3191645896195172,-14.282270664365415
Butterworth,850.0,2550.0,0.8546389815117222,-14.90625829058914,-7.025809654538708,-14.90625829058914,2.9157078505843255,0.13388553712233922,0.7409715394020552,0.17692183469292286,0.45894668704748903,nan,nan,0.3628123280741492,-14.286670081886598
Butterworth,800.0,2550.0,0.8770437141142815,-14.90625829058914,-7.014607288237429,-14.90625829058914,2.973529339629064,0.13388553712233922,0.7418327374065814,0.17692183469292286,0.45937728604975214,nan,nan,0.3768445161231494,-14.302670893678796
Butterworth,750.0,2550.0,0.9280517203757344,-14.90625829058914,-6.989103285106703,-14.90625829058914,3.058759962521724,0.13388553712233922,0.7437879956691509,0.17692183469292286,0.4603549151810369,nan,nan,0.39476031983163146,-14.31104323970246
Butterworth,700.0,2550.0,0.9804949609694873,-14.90625829058914,-6.962881664809826,-14.90625829058914,3.153645726888363,0.13388553712233922,0.7457903874061279,0.17692183469292286,0.4613561110495254,nan,nan,0.4170248507548081,-14.327348289514962
Butterworth,1000.0,2600.0,0.9850208582244385,-15.084528422044084,-7.049753781909823,-15.084528422044084,2.9152658060467793,0.12868674164166932,0.7459628184880208,0.17343688139607064,0.4596998499420457,nan,nan,0.3294664438195889,-14.33155118068695
Butterworth,650.0,2550.0,1.033408859082625,-14.90625829058914,-6.936424715753257,-14.90625829058914,3.2626587984970317,0.13388553712233922,0.7478025735595151,0.17692183469292286,0.462362204126219,nan,nan,0.4425828529630443,-14.349995158721477
Butterworth,600.0,2550.0,1.1399825854541727,-14.90625829058914,-6.883137852567484,-14.90625829058914,3.427581850960247,0.13388553712233922,0.7518300738151249,0.17692183469292286,0.4643759542540239,nan,nan,0.47261239591025883,-14.352739881174525
Butterworth,950.0,2600.0,0.9252372478621034,-15.084528422044084,-7.07964558709099,-15.084528422044084,2.8998966564318795,0.12868674164166932,0.7436803066474288,0.17343688139607064,0.4585585940217497,nan,nan,0.34048825233965824,-14.385769114748848
Butterworth,900.0,2600.0,0.8746472129214155,-15.084528422044084,-7.104940604561334,-15.084528422044084,2.8944907817183427,0.12868674164166932,0.7417406890691861,0.17343688139607064,0.45758878523262836,nan,nan,0.3519951460692725,-14.436017537256664
Butterworth,850.0,2600.0,0.8546389815117222,-15.084528422044084,-7.11494472026618,-15.084528422044084,2.9157078505843255,0.12868674164166932,0.7409715394020552,0.17343688139607064,0.4572042103990629,nan,nan,0.3641089981535098,-14.471018506797117
Butterworth,800.0,2600.0,0.8770437141142815,-15.084528422044084,-7.103742353964901,-15.084528422044084,2.973529339629064,0.12868674164166932,0.7418327374065814,0.17343688139607064,0.457634809401326,nan,nan,0.37809307640233875,-14.486923098988969
Butterworth,750.0,2600.0,0.9280517203757344,-15.084528422044084,-7.078238350834175,-15.084528422044084,3.058759962521724,0.12868674164166932,0.7437879956691509,0.17343688139607064,0.45861243853261074,nan,nan,0.3959523821281334,-14.495182449047261
Butterworth,700.0,2600.0,0.9804949609694873,-15.084528422044084,-7.052016730537298,-15.084528422044084,3.153645726888363,0.12868674164166932,0.7457903874061279,0.17343688139607064,0.45961363440109926,nan,nan,0.41815341864733113,-14.511360510051803
Butterworth,650.0,2600.0,1.033408859082625,-15.084528422044084,-7.025559781480729,-15.084528422044084,3.2626587984970317,0.12868674164166932,0.7478025735595151,0.17343688139607064,0.46061972747779284,nan,nan,0.4436463842296908,-14.533877306006566
Butterworth,600.0,2600.0,1.1399825854541727,-15.084528422044084,-6.972272918294956,-15.084528422044084,3.427581850960247,0.12868674164166932,0.7518300738151249,0.17343688139607064,0.46263347760559775,nan,nan,0.4736087088712713,-14.536487591848346
Chebyshev-I,950.0,1050.0,1.2679722209627426,-5.827781520017701,-2.279904649527479,-5.827781520017701,3.4398269470682012,0.972331491926939,0.7566216006493205,0.4551904964656692,0.6059060485574949,nan,nan,0.13203576673283496,-4.24605484588701
Chebyshev-I,1000.0,1100.0,1.2660797144179265,-5.8191142488100835,-2.2765172671960787,-5.8191142488100835,3.4355235800936894,0.9607213265851143,0.7565511157624435,0.4555506666125043,0.6060508911874739,nan,nan,0.13913793366604638,-4.252248476558266
Chebyshev-I,950.0,1100.0,1.2679722209627426,-5.8191142488100835,-2.2755710139236704,-5.8191142488100835,3.4398269470682012,0.9607213265851143,0.7566216006493205,0.4555506666125043,0.6060861336309125,nan,nan,0.15582468996386048,-4.284605250994609
Chebyshev-I,1050.0,1150.0,1.235172965962004,-5.8796343077958095,-2.3222306709169027,-5.8796343077958095,3.4061708197274605,0.9474033024092637,0.7553984623889388,0.4530385942294264,0.6042185283091825,nan,nan,0.1330957903850437,-4.31980234896653
Chebyshev-I,1100.0,1200.0,1.2399171920602359,-5.898610863992565,-2.329346835966165,-5.898610863992565,3.400266363731606,0.9441824307943091,0.7555755864667372,0.4522522920115208,0.603913939239129,nan,nan,0.1279941955781467,-4.326812780640483
Chebyshev-I,1150.0,1250.0,1.2551302890653924,-5.91523535929425,-2.330052535114429,-5.91523535929425,3.4131873010671265,0.9410251939936523,0.7561430971063235,0.45156399364971356,0.6038535453780185,nan,nan,0.12514266490466783,-4.330248453814853
Chebyshev-I,900.0,1000.0,1.0949222482294005,-5.818896116586557,-2.361986934178578,-5.818896116586557,3.335570813648445,0.9807848398036721,0.7501313527331862,0.45555973289387014,0.6028455428135282,nan,nan,0.13604102984638541,-4.337825966537571
Chebyshev-I,1000.0,1150.0,1.2660797144179265,-5.8796343077958095,-2.3067772966889413,-5.8796343077958095,3.4355235800936894,0.9474033024092637,0.7565511157624435,0.4530385942294264,0.604794854995935,nan,nan,0.15631989365366036,-4.349644527902297
Chebyshev-I,1050.0,1200.0,1.235172965962004,-5.898610863992565,-2.3317189490152805,-5.898610863992565,3.4061708197274605,0.9441824307943091,0.7553984623889388,0.4522522920115208,0.6038253772002298,nan,nan,0.1405385156476532,-4.35445065790641
Chebyshev-I,1100.0,1250.0,1.2399171920602359,-5.91523535929425,-2.337659083617007,-5.91523535929425,3.400266363731606,0.9410251939936523,0.7555755864667372,0.45156399364971356,0.6035697900582253,nan,nan,0.13410743152711155,-4.356352046201905
Chebyshev-I,900.0,1050.0,1.0949222482294005,-5.827781520017701,-2.36642963589415,-5.827781520017701,3.335570813648445,0.972331491926939,0.7501313527331862,0.4551904964656692,0.6026609245994277,nan,nan,0.15257012216654692,-4.38013879103724
Chebyshev-I,950.0,1150.0,1.2679722209627426,-5.8796343077958095,-2.3058310434165334,-5.8796343077958095,3.4398269470682012,0.9474033024092637,0.7566216006493205,0.4530385942294264,0.6048300974393734,nan,nan,0.1754631555319525,-4.386914313499595
Chebyshev-I,1050.0,1250.0,1.235172965962004,-5.91523535929425,-2.340031196666123,-5.91523535929425,3.4061708197274605,0.9410251939936523,0.7553984623889388,0.45156399364971356,0.6034812280193262,nan,nan,0.14858264162377907,-4.387851703522154
Chebyshev-I,1000.0,1200.0,1.2660797144179265,-5.898610863992565,-2.3162655747873195,-5.898610863992565,3.4355235800936894,0.9441824307943091,0.7565511157624435,0.4522522920115208,0.6044017038869821,nan,nan,0.16648697270594978,-4.389741544421538
Chebyshev-I,900.0,1100.0,1.0949222482294005,-5.8191142488100835,-2.3620960002903413,-5.8191142488100835,3.335570813648445,0.9607213265851143,0.7501313527331862,0.4555506666125043,0.6028410096728453,nan,nan,0.17754658447009422,-4.421064274289881
Chebyshev-I,1200.0,1300.0,1.2529567073996453,-6.003594632653371,-2.3753189626268627,-6.003594632653371,3.4095408238078995,0.9153334843504186,0.7560620571007278,0.4479143150947389,0.6019881860977334,nan,nan,0.1247514671550348,-4.422642841068151
Chebyshev-I,1000.0,1250.0,1.2660797144179265,-5.91523535929425,-2.3245778224381617,-5.91523535929425,3.4355235800936894,0.9410251939936523,0.7565511157624435,0.45156399364971356,0.6040575547060785,nan,nan,0.1745365434776775,-4.423153479628485
Chebyshev-I,950.0,1200.0,1.2679722209627426,-5.898610863992565,-2.3153193215149113,-5.898610863992565,3.4398269470682012,0.9441824307943091,0.7566216006493205,0.4522522920115208,0.6044369463304207,nan,nan,0.1857797172628036,-4.4273102953759595
Chebyshev-I,1150.0,1300.0,1.2551302890653924,-6.003594632653371,-2.3742321717939894,-6.003594632653371,3.4131873010671265,0.9153334843504186,0.7561430971063235,0.4479143150947389,0.6020287061005312,nan,nan,0.13432769654849747,-4.440627469016608
Chebyshev-I,950.0,1250.0,1.2679722209627426,-5.91523535929425,-2.323631569165754,-5.91523535929425,3.4398269470682012,0.9410251939936523,0.7566216006493205,0.45156399364971356,0.604092797149517,nan,nan,0.1934193767387019,-4.459902407991248
Chebyshev-I,1100.0,1300.0,1.2399171920602359,-6.003594632653371,-2.3818387202965674,-6.003594632653371,3.400266363731606,0.9153334843504186,0.7555755864667372,0.4479143150947389,0.601744950780738,nan,nan,0.1451115233029427,-4.470369181667663
Chebyshev-I,850.0,1000.0,0.8643489388386393,-5.818896116586557,-2.4772735888739588,-5.818896116586557,3.166060668915426,0.9807848398036721,0.741344949867729,0.45555973289387014,0.5984523413807996,nan,nan,0.14920951720998188,-4.488235998825601
Chebyshev-I,1050.0,1300.0,1.235172965962004,-6.003594632653371,-2.3842108333456835,-6.003594632653371,3.4061708197274605,0.9153334843504186,0.7553984623889388,0.4479143150947389,0.6016563887418389,nan,nan,0.1596107506845276,-4.501916873557747
Chebyshev-I,900.0,1150.0,1.0949222482294005,-5.8796343077958095,-2.3923560297832047,-5.8796343077958095,3.335570813648445,0.9474033024092637,0.7501313527331862,0.4530385942294264,0.6015849734813064,nan,nan,0.19627352166637307,-4.521550280051242
Chebyshev-I,850.0,1050.0,0.8643489388386393,-5.827781520017701,-2.4817162905895307,-5.827781520017701,3.166060668915426,0.972331491926939,0.741344949867729,0.4551904964656692,0.5982677231666991,nan,nan,0.167849995942075,-4.534771596149133
Chebyshev-I,1000.0,1300.0,1.2660797144179265,-6.003594632653371,-2.368757459117722,-6.003594632653371,3.4355235800936894,0.9153334843504186,0.7565511157624435,0.4479143150947389,0.6022327154285911,nan,nan,0.18448372425647128,-4.535056793100169
Chebyshev-I,900.0,1200.0,1.0949222482294005,-5.898610863992565,-2.401844307881582,-5.898610863992565,3.335570813648445,0.9441824307943091,0.7501313527331862,0.4522522920115208,0.6011918223723535,nan,nan,0.20594112770726805,-4.5606483505476945
Chebyshev-I,950.0,1300.0,1.2679722209627426,-6.003594632653371,-2.3678112058453142,-6.003594632653371,3.4398269470682012,0.9153334843504186,0.7566216006493205,0.4479143150947389,0.6022679578720297,nan,nan,0.2025996030447897,-4.57027181251752
Chebyshev-I,850.0,1100.0,0.8643489388386393,-5.8191142488100835,-2.477382654985722,-5.8191142488100835,3.166060668915426,0.9607213265851143,0.741344949867729,0.4555506666125043,0.5984478082401167,nan,nan,0.1919753304302008,-4.573994823770931
Chebyshev-I,900.0,1250.0,1.0949222482294005,-5.91523535929425,-2.410156555532425,-5.91523535929425,3.335570813648445,0.9410251939936523,0.7501313527331862,0.45156399364971356,0.6008476731914498,nan,nan,0.21299684931150262,-4.592072587419656
Chebyshev-I,800.0,1000.0,0.597287184032136,-5.818896116586557,-2.6108044662772105,-5.818896116586557,2.9623512808562897,0.9807848398036721,0.7309777848492451,0.45555973289387014,0.5932687588715576,nan,nan,0.15413299479149908,-4.641980996410372
Chebyshev-I,850.0,1150.0,0.8643489388386393,-5.8796343077958095,-2.507642684478585,-5.8796343077958095,3.166060668915426,0.9474033024092637,0.741344949867729,0.4530385942294264,0.5971917720485778,nan,nan,0.209783272643772,-4.672642839566879
Chebyshev-I,800.0,1050.0,0.597287184032136,-5.827781520017701,-2.6152471679927825,-5.827781520017701,2.9623512808562897,0.972331491926939,0.7309777848492451,0.4551904964656692,0.5930841406574572,nan,nan,0.17301749252371787,-4.6890046317341545
Chebyshev-I,750.0,1000.0,0.6476834360595298,-5.818896116586557,-2.5856063402635137,-5.818896116586557,3.028279306065768,0.9807848398036721,0.7329493204858791,0.45555973289387014,0.5942545266898747,nan,nan,0.19559385319155392,-4.697733051560151
Chebyshev-I,900.0,1300.0,1.0949222482294005,-6.003594632653371,-2.4543361922119855,-6.003594632653371,3.335570813648445,0.9153334843504186,0.7501313527331862,0.4479143150947389,0.5990228339139625,nan,nan,0.22142597593829494,-4.700939792587336
Chebyshev-I,850.0,1200.0,0.8643489388386393,-5.898610863992565,-2.517130962576963,-5.898610863992565,3.166060668915426,0.9441824307943091,0.741344949867729,0.4522522920115208,0.5967986209396249,nan,nan,0.21897455780932054,-4.710788268312637
Chebyshev-I,800.0,1100.0,0.597287184032136,-5.8191142488100835,-2.610913532388974,-5.8191142488100835,2.9623512808562897,0.9607213265851143,0.7309777848492451,0.4555506666125043,0.5932642257308747,nan,nan,0.19679208437564624,-4.72752637408356
Chebyshev-I,1250.0,1350.0,1.2077187811681152,-6.2776658608568265,-2.534973539844356,-6.2776658608568265,3.3696153366023402,0.8567654689809194,0.7543721185758427,0.4366889624242101,0.5955305405000264,nan,nan,0.12550421249794044,-4.7337538142685975
Chebyshev-I,750.0,1050.0,0.6476834360595298,-5.827781520017701,-2.5900490419790856,-5.827781520017701,3.028279306065768,0.972331491926939,0.7329493204858791,0.4551904964656692,0.5940699084757741,nan,nan,0.21107330364593926,-4.737946592328267
Chebyshev-I,850.0,1250.0,0.8643489388386393,-5.91523535929425,-2.5254432102278055,-5.91523535929425,3.166060668915426,0.9410251939936523,0.741344949867729,0.45156399364971356,0.5964544717587212,nan,nan,0.22566714257942458,-4.741486231516338
Chebyshev-I,1200.0,1350.0,1.2529567073996453,-6.2776658608568265,-2.5123545767285904,-6.2776658608568265,3.4095408238078995,0.8567654689809194,0.7560620571007278,0.4366889624242101,0.596375509762469,nan,nan,0.1417458779138343,-4.741928243459734
Chebyshev-I,700.0,1000.0,0.7453266725668641,-5.818896116586557,-2.5367847220098465,-5.818896116586557,3.141641749799425,0.9807848398036721,0.7367492498410951,0.45555973289387014,0.5961544913674827,nan,nan,0.2506460592726992,-4.755215916113559
Chebyshev-I,1150.0,1350.0,1.2551302890653924,-6.2776658608568265,-2.511267785895717,-6.2776658608568265,3.4131873010671265,0.8567654689809194,0.7561430971063235,0.4366889624242101,0.5964160297652669,nan,nan,0.15413911666012917,-4.765546890113856
Chebyshev-I,750.0,1100.0,0.6476834360595298,-5.8191142488100835,-2.585715406375277,-5.8191142488100835,3.028279306065768,0.9607213265851143,0.7329493204858791,0.4555506666125043,0.5942499935491917,nan,nan,0.23106956469427256,-4.76891167307048
Chebyshev-I,650.0,1000.0,0.8900334297552294,-5.818896116586557,-2.4644313434156637,-5.818896116586557,3.3294351968193308,0.9807848398036721,0.7423313776628405,0.45555973289387014,0.5989455552783554,nan,nan,0.2976770564189651,-4.771342403990162
Chebyshev-I,700.0,1050.0,0.7453266725668641,-5.827781520017701,-2.5412274237254184,-5.827781520017701,3.141641749799425,0.972331491926939,0.7367492498410951,0.4551904964656692,0.5959698731533822,nan,nan,0.26299378366543097,-4.789166004758367
Chebyshev-I,1100.0,1350.0,1.2399171920602359,-6.2776658608568265,-2.518874334398295,-6.2776658608568265,3.400266363731606,0.8567654689809194,0.7555755864667372,0.4366889624242101,0.5961322744454737,nan,nan,0.1649256611104793,-4.79529403815672
Chebyshev-I,650.0,1050.0,0.8900334297552294,-5.827781520017701,-2.4688740451312357,-5.827781520017701,3.3294351968193308,0.972331491926939,0.7423313776628405,0.4551904964656692,0.5987609370642548,nan,nan,0.30816901767929106,-4.8015809663701585
Chebyshev-I,700.0,1100.0,0.7453266725668641,-5.8191142488100835,-2.53689378812161,-5.8191142488100835,3.141641749799425,0.9607213265851143,0.7367492498410951,0.4555506666125043,0.5961499582267997,nan,nan,0.27933321090356483,-4.812817417880182
Chebyshev-I,650.0,1100.0,0.8900334297552294,-5.8191142488100835,-2.464540409527427,-5.8191142488100835,3.3294351968193308,0.9607213265851143,0.7423313776628405,0.4555506666125043,0.5989410221376724,nan,nan,0.32223564241480945,-4.8206867744867425
Chebyshev-I,1050.0,1350.0,1.235172965962004,-6.2776658608568265,-2.521246447447411,-6.2776658608568265,3.4061708197274605,0.8567654689809194,0.7553984623889388,0.4366889624242101,0.5960437124065745,nan,nan,0.17832093032335822,-4.824633813709392
Chebyshev-I,800.0,1150.0,0.597287184032136,-5.8796343077958095,-2.641173561881837,-5.8796343077958095,2.9623512808562897,0.9474033024092637,0.7309777848492451,0.4530385942294264,0.5920081895393358,nan,nan,0.21429605841471894,-4.825566453530508
Chebyshev-I,850.0,1300.0,0.8643489388386393,-6.003594632653371,-2.569622846907366,-6.003594632653371,3.166060668915426,0.9153334843504186,0.741344949867729,0.4479143150947389,0.5946296324812339,nan,nan,0.23365946306510024,-4.849479824401785
Chebyshev-I,1000.0,1350.0,1.2660797144179265,-6.2776658608568265,-2.5057930732194498,-6.2776658608568265,3.4355235800936894,0.8567654689809194,0.7565511157624435,0.4366889624242101,0.5966200390933268,nan,nan,0.20110816162431377,-4.853602248709837
Chebyshev-I,750.0,1150.0,0.6476834360595298,-5.8796343077958095,-2.61597543586814,-5.8796343077958095,3.028279306065768,0.9474033024092637,0.7329493204858791,0.4530385942294264,0.5929939573576528,nan,nan,0.2461874581515932,-4.862179591353925
Chebyshev-I,800.0,1200.0,0.597287184032136,-5.898610863992565,-2.6506618399802147,-5.898610863992565,2.9623512808562897,0.9441824307943091,0.7309777848492451,0.4522522920115208,0.591615038430383,nan,nan,0.22333393011662533,-4.8634050553489825
Chebyshev-I,950.0,1350.0,1.2679722209627426,-6.2776658608568265,-2.504846819947042,-6.2776658608568265,3.4398269470682012,0.8567654689809194,0.7566216006493205,0.4366889624242101,0.5966552815367653,nan,nan,0.21792270605241063,-4.886214599406745
Chebyshev-I,800.0,1250.0,0.597287184032136,-5.91523535929425,-2.6589740876310572,-5.91523535929425,2.9623512808562897,0.9410251939936523,0.7309777848492451,0.45156399364971356,0.5912708892494793,nan,nan,0.2299118262387841,-4.893873641256792
Chebyshev-I,750.0,1200.0,0.6476834360595298,-5.898610863992565,-2.625463713966518,-5.898610863992565,3.028279306065768,0.9441824307943091,0.7329493204858791,0.4522522920115208,0.5926008062486999,nan,nan,0.25410857312380203,-4.897784679713006
Chebyshev-I,700.0,1150.0,0.7453266725668641,-5.8796343077958095,-2.567153817614473,-5.8796343077958095,3.141641749799425,0.9474033024092637,0.7367492498410951,0.4530385942294264,0.5948939220352607,nan,nan,0.2919768726323772,-4.90113687270661
Chebyshev-I,650.0,1150.0,0.8900334297552294,-5.8796343077958095,-2.49480043902029,-5.8796343077958095,3.3294351968193308,0.9474033024092637,0.7423313776628405,0.4530385942294264,0.5976849859461335,nan,nan,0.3332595949994681,-4.905766811024865
Chebyshev-I,600.0,1000.0,0.763312943466572,-5.818896116586557,-2.5277915865599923,-5.818896116586557,3.3109193170438904,0.9807848398036721,0.7374463100114975,0.45555973289387014,0.5965030214526839,nan,nan,0.3389897392675543,-4.922213080483012
Chebyshev-I,750.0,1250.0,0.6476834360595298,-5.91523535929425,-2.6337759616173604,-5.91523535929425,3.028279306065768,0.9410251939936523,0.7329493204858791,0.45156399364971356,0.5922566570677963,nan,nan,0.25991507618340315,-4.926710479495698
Chebyshev-I,700.0,1200.0,0.7453266725668641,-5.898610863992565,-2.5766420957128506,-5.898610863992565,3.141641749799425,0.9441824307943091,0.7367492498410951,0.4522522920115208,0.5945007709263079,nan,nan,0.29869183842758046,-4.934329662711679
Chebyshev-I,650.0,1200.0,0.8900334297552294,-5.898610863992565,-2.504288717118668,-5.898610863992565,3.3294351968193308,0.9441824307943091,0.7423313776628405,0.4522522920115208,0.5972918348371806,nan,nan,0.33915991028864473,-4.937330300017879
Chebyshev-I,600.0,1050.0,0.763312943466572,-5.827781520017701,-2.532234288275564,-5.827781520017701,3.3109193170438904,0.972331491926939,0.7374463100114975,0.4551904964656692,0.5963184032385833,nan,nan,0.34824525233286235,-4.949978746472974
Chebyshev-I,700.0,1250.0,0.7453266725668641,-5.91523535929425,-2.5849543433636932,-5.91523535929425,3.141641749799425,0.9410251939936523,0.7367492498410951,0.45156399364971356,0.5941566217454044,nan,nan,0.30364957402356674,-4.961557927567142
Chebyshev-I,650.0,1250.0,0.8900334297552294,-5.91523535929425,-2.5126009647695104,-5.91523535929425,3.3294351968193308,0.9410251939936523,0.7423313776628405,0.45156399364971356,0.596947685656277,nan,nan,0.3435349305059348,-4.963393134115951
Chebyshev-I,600.0,1100.0,0.763312943466572,-5.8191142488100835,-2.5279006526717556,-5.8191142488100835,3.3109193170438904,0.9607213265851143,0.7374463100114975,0.4555506666125043,0.5964984883120009,nan,nan,0.3607552297537712,-4.965971259960338
Chebyshev-I,800.0,1300.0,0.597287184032136,-6.003594632653371,-2.7031537243106176,-6.003594632653371,2.9623512808562897,0.9153334843504186,0.7309777848492451,0.4479143150947389,0.589446049971992,nan,nan,0.23776739678034525,-5.001593734254009
Chebyshev-I,900.0,1350.0,1.0949222482294005,-6.2776658608568265,-2.591371806313713,-6.2776658608568265,3.335570813648445,0.8567654689809194,0.7501313527331862,0.4366889624242101,0.5934101575786982,nan,nan,0.2355574116086804,-5.014499244802091
Chebyshev-I,750.0,1300.0,0.6476834360595298,-6.003594632653371,-2.6779555982969208,-6.003594632653371,3.028279306065768,0.9153334843504186,0.7329493204858791,0.4479143150947389,0.590431817790309,nan,nan,0.2668922008936129,-5.0326736808302135
Chebyshev-I,600.0,1150.0,0.763312943466572,-5.8796343077958095,-2.558160682164619,-5.8796343077958095,3.3109193170438904,0.9474033024092637,0.7374463100114975,0.4530385942294264,0.595242452120462,nan,nan,0.37063643352748266,-5.048765798876564
Chebyshev-I,700.0,1300.0,0.7453266725668641,-6.003594632653371,-2.6291339800432536,-6.003594632653371,3.141641749799425,0.9153334843504186,0.7367492498410951,0.4479143150947389,0.5923317824679171,nan,nan,0.30964402127124874,-5.065555773976603
Chebyshev-I,650.0,1300.0,0.8900334297552294,-6.003594632653371,-2.556780601449071,-6.003594632653371,3.3294351968193308,0.9153334843504186,0.7423313776628405,0.4479143150947389,0.5951228463787896,nan,nan,0.3488450638055208,-5.0660223526292185
Chebyshev-I,1250.0,1400.0,1.2077187811681152,-6.573891267577043,-2.683086243204464,-6.573891267577043,3.3696153366023402,0.8055263343976993,0.7543721185758427,0.42472570907155266,0.5895489138236977,nan,nan,0.13902203192892554,-5.068978113203441
Chebyshev-I,600.0,1200.0,0.763312943466572,-5.898610863992565,-2.5676489602629964,-5.898610863992565,3.3109193170438904,0.9441824307943091,0.7374463100114975,0.4522522920115208,0.5948493010115091,nan,nan,0.37595108064725674,-5.0791579515307745
Chebyshev-I,1200.0,1400.0,1.2529567073996453,-6.573891267577043,-2.6604672800886986,-6.573891267577043,3.4095408238078995,0.8055263343976993,0.7560620571007278,0.42472570907155266,0.5903938830861403,nan,nan,0.15878460874460548,-5.084194365194151
Chebyshev-I,1300.0,1400.0,1.0841783227783732,-6.573891267577043,-2.7448564723993347,-6.573891267577043,3.2667470173902595,0.8055263343976993,0.7497254209306236,0.42472570907155266,0.5872255650010881,nan,nan,0.1193330774012715,-5.096017130988222
Chebyshev-I,600.0,1250.0,0.763312943466572,-5.91523535929425,-2.5759612079138394,-5.91523535929425,3.3109193170438904,0.9410251939936523,0.7374463100114975,0.45156399364971356,0.5945051518306055,nan,nan,0.3799028549915785,-5.104374293882911
Chebyshev-I,1150.0,1400.0,1.2551302890653924,-6.573891267577043,-2.6593804892558253,-6.573891267577043,3.4131873010671265,0.8055263343976993,0.7561430971063235,0.42472570907155266,0.5904344030889381,nan,nan,0.17154771744014471,-5.1085527517467595
Chebyshev-I,1100.0,1400.0,1.2399171920602359,-6.573891267577043,-2.6669870377584033,-6.573891267577043,3.400266363731606,0.8055263343976993,0.7555755864667372,0.42472570907155266,0.5901506477691449,nan,nan,0.18183813662907322,-5.1373076492667815
Chebyshev-I,850.0,1350.0,0.8643489388386393,-6.2776658608568265,-2.7066584610090936,-6.2776658608568265,3.166060668915426,0.8567654689809194,0.741344949867729,0.4366889624242101,0.5890169561459696,nan,nan,0.2471027480402298,-5.161662975226028
Chebyshev-I,1050.0,1400.0,1.235172965962004,-6.573891267577043,-2.6693591508075194,-6.573891267577043,3.4061708197274605,0.8055263343976993,0.7553984623889388,0.42472570907155266,0.5900620857302458,nan,nan,0.19428042555474515,-5.16474146424504
Chebyshev-I,1000.0,1400.0,1.2660797144179265,-6.573891267577043,-2.653905776579558,-6.573891267577043,3.4355235800936894,0.8055263343976993,0.7565511157624435,0.42472570907155266,0.5906384124169981,nan,nan,0.21547888618741945,-5.190532357908922
Chebyshev-I,600.0,1300.0,0.763312943466572,-6.003594632653371,-2.6201408445934,-6.003594632653371,3.3109193170438904,0.9153334843504186,0.7374463100114975,0.4479143150947389,0.5926803125531181,nan,nan,0.38471150286826955,-5.206000541550388
Chebyshev-I,950.0,1400.0,1.2679722209627426,-6.573891267577043,-2.65295952330715,-6.573891267577043,3.4398269470682012,0.8055263343976993,0.7566216006493205,0.42472570907155266,0.5906736548604365,nan,nan,0.2312848174944913,-5.22112748236378
Chebyshev-I,1250.0,1450.0,1.2077187811681152,-6.767046397645715,-2.7796638082388,-6.767046397645715,3.3696153366023402,0.7754980428734863,0.7543721185758427,0.4170244532865036,0.5856982859311732,nan,nan,0.14897328454968065,-5.289737004298672
Chebyshev-I,1200.0,1450.0,1.2529567073996453,-6.767046397645715,-2.757044845123035,-6.767046397645715,3.4095408238078995,0.7754980428734863,0.7560620571007278,0.4170244532865036,0.5865432551936157,nan,nan,0.16930891904961265,-5.306099371657886
Chebyshev-I,1300.0,1450.0,1.0841783227783732,-6.767046397645715,-2.841434037433671,-6.767046397645715,3.2667470173902595,0.7754980428734863,0.7497254209306236,0.4170244532865036,0.5833749371085636,nan,nan,0.12575562287862407,-5.30971860779665
Chebyshev-I,800.0,1350.0,0.597287184032136,-6.2776658608568265,-2.8401893384123453,-6.2776658608568265,2.9623512808562897,0.8567654689809194,0.7309777848492451,0.4366889624242101,0.5838333736367276,nan,nan,0.2509940748091996,-5.313343671185702
Chebyshev-I,1150.0,1450.0,1.2551302890653924,-6.767046397645715,-2.7559580542901614,-6.767046397645715,3.4131873010671265,0.7754980428734863,0.7561430971063235,0.4170244532865036,0.5865837751964136,nan,nan,0.18191039536725065,-5.330134493454692
Chebyshev-I,750.0,1350.0,0.6476834360595298,-6.2776658608568265,-2.8149912123986485,-6.2776658608568265,3.028279306065768,0.8567654689809194,0.7329493204858791,0.4366889624242101,0.5848191414550447,nan,nan,0.27874203211201604,-5.341669924141004
Chebyshev-I,900.0,1400.0,1.0949222482294005,-6.573891267577043,-2.7394845096738214,-6.573891267577043,3.335570813648445,0.8055263343976993,0.7501313527331862,0.42472570907155266,0.5874285309023695,nan,nan,0.2479848425428999,-5.347542766743404
Chebyshev-I,1350.0,1450.0,0.9614397531115519,-6.767046397645715,-2.9028033222670815,-6.767046397645715,3.165679392864123,0.7754980428734863,0.7450637491367378,0.4170244532865036,0.5810441012116208,nan,nan,0.11517101545893786,-5.354580349584573
Chebyshev-I,1100.0,1450.0,1.2399171920602359,-6.767046397645715,-2.76356460279274,-6.767046397645715,3.400266363731606,0.7754980428734863,0.7555755864667372,0.4170244532865036,0.5863000198766204,nan,nan,0.1918442603764896,-5.358176282615336
Chebyshev-I,650.0,1350.0,0.8900334297552294,-6.2776658608568265,-2.6938162155507985,-6.2776658608568265,3.3294351968193308,0.8567654689809194,0.7423313776628405,0.4366889624242101,0.5895101700435254,nan,nan,0.35799326079585736,-5.369615327483876
Chebyshev-I,700.0,1350.0,0.7453266725668641,-6.2776658608568265,-2.7661695941449813,-6.2776658608568265,3.141641749799425,0.8567654689809194,0.7367492498410951,0.4366889624242101,0.5867191061326527,nan,nan,0.3199148993802797,-5.371394111068649
Chebyshev-I,1050.0,1450.0,1.235172965962004,-6.767046397645715,-2.7659367158418555,-6.767046397645715,3.4061708197274605,0.7754980428734863,0.7553984623889388,0.4170244532865036,0.5862114578377212,nan,nan,0.20375867683875046,-5.384554352666772
Chebyshev-I,1000.0,1450.0,1.2660797144179265,-6.767046397645715,-2.7504833416138945,-6.767046397645715,3.4355235800936894,0.7754980428734863,0.7565511157624435,0.4170244532865036,0.5867877845244736,nan,nan,0.22410084697416313,-5.408632665336132
Chebyshev-I,950.0,1450.0,1.2679722209627426,-6.767046397645715,-2.7495370883414862,-6.767046397645715,3.4398269470682012,0.7754980428734863,0.7566216006493205,0.4170244532865036,0.586823026967912,nan,nan,0.23935257520006015,-5.43811938362864
Chebyshev-I,1250.0,1500.0,1.2077187811681152,-6.910264520815552,-2.8512728698237186,-6.910264520815552,3.3696153366023402,0.7525287689698251,0.7543721185758427,0.4113666905184547,0.5828694045471488,nan,nan,0.15676206936004244,-5.454190459857282
Chebyshev-I,1200.0,1500.0,1.2529567073996453,-6.910264520815552,-2.8286539067079532,-6.910264520815552,3.4095408238078995,0.7525287689698251,0.7560620571007278,0.4113666905184547,0.5837143738095912,nan,nan,0.17685593236615077,-5.470069284228848
Chebyshev-I,1300.0,1500.0,1.0841783227783732,-6.910264520815552,-2.9130430990185894,-6.910264520815552,3.2667470173902595,0.7525287689698251,0.7497254209306236,0.4113666905184547,0.5805460557245391,nan,nan,0.13296396802796784,-5.473011184033222
Chebyshev-I,1150.0,1500.0,1.2551302890653924,-6.910264520815552,-2.82756711587508,-6.910264520815552,3.4131873010671265,0.7525287689698251,0.7561430971063235,0.4113666905184547,0.5837548938123891,nan,nan,0.18917907524644167,-5.493547739150961
Chebyshev-I,850.0,1400.0,0.8643489388386393,-6.573891267577043,-2.8547711643692018,-6.573891267577043,3.166060668915426,0.8055263343976993,0.741344949867729,0.42472570907155266,0.5830353294696409,nan,nan,0.2589817686291825,-5.493609676476807
Chebyshev-I,600.0,1350.0,0.763312943466572,-6.2776658608568265,-2.7571764586951275,-6.2776658608568265,3.3109193170438904,0.8567654689809194,0.7374463100114975,0.4366889624242101,0.5870676362178538,nan,nan,0.393025846809196,-5.507925810306225
Chebyshev-I,1350.0,1500.0,0.9614397531115519,-6.910264520815552,-2.974412383852,-6.910264520815552,3.165679392864123,0.7525287689698251,0.7450637491367378,0.4113666905184547,0.5782152198275963,nan,nan,0.11994618583590069,-5.513006576276385
Chebyshev-I,1100.0,1500.0,1.2399171920602359,-6.910264520815552,-2.835173664377658,-6.910264520815552,3.400266363731606,0.7525287689698251,0.7555755864667372,0.4113666905184547,0.5834711384925959,nan,nan,0.19883039391949137,-5.521024435639225
Chebyshev-I,1400.0,1500.0,0.8974554691634864,-6.910264520815552,-3.006404525826033,-6.910264520815552,3.113991087648622,0.7525287689698251,0.7426160713202321,0.4113666905184547,0.5769913809193434,nan,nan,0.11379876710280326,-5.535151558600728
Chebyshev-I,1050.0,1500.0,1.235172965962004,-6.910264520815552,-2.837545777426774,-6.910264520815552,3.4061708197274605,0.7525287689698251,0.7553984623889388,0.4113666905184547,0.5833825764536967,nan,nan,0.21038481441416923,-5.546682513755496
Chebyshev-I,900.0,1450.0,1.0949222482294005,-6.767046397645715,-2.836062074708157,-6.767046397645715,3.335570813648445,0.7754980428734863,0.7501313527331862,0.4170244532865036,0.5835779030098449,nan,nan,0.2555319687049427,-5.5634934049212115
Chebyshev-I,1000.0,1500.0,1.2660797144179265,-6.910264520815552,-2.8220924031988126,-6.910264520815552,3.4355235800936894,0.7525287689698251,0.7565511157624435,0.4113666905184547,0.5839589031404491,nan,nan,0.23015946569885226,-5.569625788723395
Chebyshev-I,950.0,1500.0,1.2679722209627426,-6.910264520815552,-2.821146149926405,-6.910264520815552,3.4398269470682012,0.7525287689698251,0.7566216006493205,0.4113666905184547,0.5839941455838876,nan,nan,0.24504115470724785,-5.598372428580901
Chebyshev-I,800.0,1400.0,0.597287184032136,-6.573891267577043,-2.9883020417724535,-6.573891267577043,2.9623512808562897,0.8055263343976993,0.7309777848492451,0.42472570907155266,0.5778517469603989,nan,nan,0.26269871147821977,-5.6449416045966165
Chebyshev-I,750.0,1400.0,0.6476834360595298,-6.573891267577043,-2.9631039157587566,-6.573891267577043,3.028279306065768,0.8055263343976993,0.7329493204858791,0.42472570907155266,0.5788375147787159,nan,nan,0.28932718495164167,-5.67102888989313
Chebyshev-I,1250.0,1550.0,1.2077187811681152,-7.101453694487674,-2.9468674566597794,-7.101453694487674,3.3696153366023402,0.7162077686762633,0.7543721185758427,0.4038852981357712,0.579128708355807,nan,nan,0.16680335388596548,-5.672943594963934
Chebyshev-I,1200.0,1550.0,1.2529567073996453,-7.101453694487674,-2.924248493544014,-7.101453694487674,3.4095408238078995,0.7162077686762633,0.7560620571007278,0.4038852981357712,0.5799736776182495,nan,nan,0.18611550786962802,-5.687259001290609
Chebyshev-I,1300.0,1550.0,1.0841783227783732,-7.101453694487674,-3.00863768585465,-7.101453694487674,3.2667470173902595,0.7162077686762633,0.7497254209306236,0.4038852981357712,0.5768053595331973,nan,nan,0.14379478553132935,-5.693343385094751
Chebyshev-I,650.0,1400.0,0.8900334297552294,-6.573891267577043,-2.8419289189109067,-6.573891267577043,3.3294351968193308,0.8055263343976993,0.7423313776628405,0.42472570907155266,0.5835285433671966,nan,nan,0.36629579357395836,-5.6944090531129525
Chebyshev-I,700.0,1400.0,0.7453266725668641,-6.573891267577043,-2.9142822975050895,-6.573891267577043,3.141641749799425,0.8055263343976993,0.7367492498410951,0.42472570907155266,0.5807374794563239,nan,nan,0.329179139164618,-5.698111250710198
Chebyshev-I,850.0,1450.0,0.8643489388386393,-6.767046397645715,-2.951348729403538,-6.767046397645715,3.166060668915426,0.7754980428734863,0.741344949867729,0.4170244532865036,0.5791847015771163,nan,nan,0.2662195100325011,-5.708941545137165
Chebyshev-I,1150.0,1550.0,1.2551302890653924,-7.101453694487674,-2.9231617027111407,-7.101453694487674,3.4131873010671265,0.7162077686762633,0.7561430971063235,0.4038852981357712,0.5800141976210473,nan,nan,0.1979712070542757,-5.709802568821435
Chebyshev-I,900.0,1500.0,1.0949222482294005,-6.910264520815552,-2.907671136293076,-6.910264520815552,3.335570813648445,0.7525287689698251,0.7501313527331862,0.4113666905184547,0.5807490216258204,nan,nan,0.26087093403098005,-5.723047221511171
Chebyshev-I,1350.0,1550.0,0.9614397531115519,-7.101453694487674,-3.070006970688061,-7.101453694487674,3.165679392864123,0.7162077686762633,0.7450637491367378,0.4038852981357712,0.5744745236362545,nan,nan,0.1302381660543109,-5.73226110276801
Chebyshev-I,1100.0,1550.0,1.2399171920602359,-7.101453694487674,-2.9307682512137188,-7.101453694487674,3.400266363731606,0.7162077686762633,0.7555755864667372,0.4038852981357712,0.5797304423012541,nan,nan,0.20725459295924506,-5.736543399773538
Chebyshev-I,1400.0,1550.0,0.8974554691634864,-7.101453694487674,-3.1019991126620936,-7.101453694487674,3.113991087648622,0.7162077686762633,0.7426160713202321,0.4038852981357712,0.5732506847280017,nan,nan,0.1214866680319616,-5.749197926513851
Chebyshev-I,1050.0,1550.0,1.235172965962004,-7.101453694487674,-2.933140364262835,-7.101453694487674,3.4061708197274605,0.7162077686762633,0.7553984623889388,0.4038852981357712,0.579641880262355,nan,nan,0.21838245744615,-5.7613483658742615
Chebyshev-I,1450.0,1550.0,0.8326622181468059,-7.101453694487674,-3.134395738170434,-7.101453694487674,3.063110151858128,0.7162077686762633,0.7401253939859203,0.4038852981357712,0.5720053460608457,nan,nan,0.1148090917139829,-5.770730076720546
Chebyshev-I,1000.0,1550.0,1.2660797144179265,-7.101453694487674,-2.9176869900348734,-7.101453694487674,3.4355235800936894,0.7162077686762633,0.7565511157624435,0.4038852981357712,0.5802182069491073,nan,nan,0.2375016080016042,-5.782980639383704
Chebyshev-I,950.0,1550.0,1.2679722209627426,-7.101453694487674,-2.9167407367624656,-7.101453694487674,3.4398269470682012,0.7162077686762633,0.7566216006493205,0.4038852981357712,0.5802534493925459,nan,nan,0.2519538070191046,-5.81086829925942
Chebyshev-I,600.0,1400.0,0.763312943466572,-6.573891267577043,-2.9052891620552357,-6.573891267577043,3.3109193170438904,0.8055263343976993,0.7374463100114975,0.42472570907155266,0.5810860095415251,nan,nan,0.40060312152857835,-5.831269019817864
Chebyshev-I,800.0,1450.0,0.597287184032136,-6.767046397645715,-3.0848796068067896,-6.767046397645715,2.9623512808562897,0.7754980428734863,0.7309777848492451,0.4170244532865036,0.5740011190678744,nan,nan,0.2698376190270037,-5.860075805547906
Chebyshev-I,850.0,1500.0,0.8643489388386393,-6.910264520815552,-3.0229577909884564,-6.910264520815552,3.166060668915426,0.7525287689698251,0.741344949867729,0.4113666905184547,0.5763558201930918,nan,nan,0.2713494102534942,-5.868077231517038
Chebyshev-I,750.0,1450.0,0.6476834360595298,-6.767046397645715,-3.0596814807930928,-6.767046397645715,3.028279306065768,0.7754980428734863,0.7329493204858791,0.4170244532865036,0.5749868868861914,nan,nan,0.2958245281910274,-5.884879962225623
Chebyshev-I,650.0,1450.0,0.8900334297552294,-6.767046397645715,-2.938506483945243,-6.767046397645715,3.3294351968193308,0.7754980428734863,0.7423313776628405,0.4170244532865036,0.5796779154746721,nan,nan,0.3714494853888594,-5.905572822596475
Chebyshev-I,700.0,1450.0,0.7453266725668641,-6.767046397645715,-3.0108598625394256,-6.767046397645715,3.141641749799425,0.7754980428734863,0.7367492498410951,0.4170244532865036,0.5768868515637994,nan,nan,0.33490443107600204,-5.910418220386688
Chebyshev-I,900.0,1550.0,1.0949222482294005,-7.101453694487674,-3.003265723129137,-7.101453694487674,3.335570813648445,0.7162077686762633,0.7501313527331862,0.4038852981357712,0.5770083254344787,nan,nan,0.26737636453153607,-5.934728648567089
Chebyshev-I,800.0,1500.0,0.597287184032136,-6.910264520815552,-3.156488668391708,-6.910264520815552,2.9623512808562897,0.7525287689698251,0.7309777848492451,0.4113666905184547,0.57117223768385,nan,nan,0.2749002633271944,-6.019076980086172
Chebyshev-I,600.0,1450.0,0.763312943466572,-6.767046397645715,-3.0018667270895714,-6.767046397645715,3.3109193170438904,0.7754980428734863,0.7374463100114975,0.4170244532865036,0.5772353816490006,nan,nan,0.4053208159284797,-6.041560794471388
Chebyshev-I,750.0,1500.0,0.6476834360595298,-6.910264520815552,-3.1312905423780113,-6.910264520815552,3.028279306065768,0.7525287689698251,0.7329493204858791,0.4113666905184547,0.5721580055021669,nan,nan,0.30044993377566676,-6.043006659332788
Chebyshev-I,650.0,1500.0,0.8900334297552294,-6.910264520815552,-3.0101155455301614,-6.910264520815552,3.3294351968193308,0.7525287689698251,0.7423313776628405,0.4113666905184547,0.5768490340906476,nan,nan,0.37514382152178805,-6.061837380800219
Chebyshev-I,700.0,1500.0,0.7453266725668641,-6.910264520815552,-3.082468924124344,-6.910264520815552,3.141641749799425,0.7525287689698251,0.7367492498410951,0.4113666905184547,0.5740579701797749,nan,nan,0.3389970366101917,-6.067479317392953
Chebyshev-I,1250.0,1600.0,1.2077187811681152,-7.461201987281781,-3.126741603056833,-7.461201987281781,3.3696153366023402,0.6574859120511896,0.7543721185758427,0.3900362532323832,0.5722041859041129,nan,nan,0.182893016407026,-6.07872025770355
Chebyshev-I,850.0,1550.0,0.8643489388386393,-7.101453694487674,-3.118552377824517,-7.101453694487674,3.166060668915426,0.7162077686762633,0.741344949867729,0.4038852981357712,0.5726151240017501,nan,nan,0.27760996600884724,-6.079268909082549
Chebyshev-I,1200.0,1600.0,1.2529567073996453,-7.461201987281781,-3.1041226399410675,-7.461201987281781,3.4095408238078995,0.6574859120511896,0.7560620571007278,0.3900362532323832,0.5730491551665555,nan,nan,0.2008235276462875,-6.090272378541421
Chebyshev-I,1300.0,1600.0,1.0841783227783732,-7.461201987281781,-3.1885118322517036,-7.461201987281781,3.2667470173902595,0.6574859120511896,0.7497254209306236,0.3900362532323832,0.5698808370815034,nan,nan,0.16173521777121258,-6.102821587272013
Chebyshev-I,1150.0,1600.0,1.2551302890653924,-7.461201987281781,-3.103035849108194,-7.461201987281781,3.4131873010671265,0.6574859120511896,0.7561430971063235,0.3900362532323832,0.5730896751693534,nan,nan,0.21191913712643184,-6.111295766663242
Chebyshev-I,1100.0,1600.0,1.2399171920602359,-7.461201987281781,-3.110642397610772,-7.461201987281781,3.400266363731606,0.6574859120511896,0.7555755864667372,0.3900362532323832,0.5728059198495602,nan,nan,0.22064083453174782,-6.136913220616037
Chebyshev-I,1350.0,1600.0,0.9614397531115519,-7.461201987281781,-3.2498811170851143,-7.461201987281781,3.165679392864123,0.6574859120511896,0.7450637491367378,0.3900362532323832,0.5675500011845604,nan,nan,0.14890108223425558,-6.143184272825394
Chebyshev-I,1400.0,1600.0,0.8974554691634864,-7.461201987281781,-3.281873259059147,-7.461201987281781,3.113991087648622,0.6574859120511896,0.7426160713202321,0.3900362532323832,0.5663261622763076,nan,nan,0.13925790724512854,-6.15833774263768
Chebyshev-I,1050.0,1600.0,1.235172965962004,-7.461201987281781,-3.1130145106598883,-7.461201987281781,3.4061708197274605,0.6574859120511896,0.7553984623889388,0.3900362532323832,0.572717357810661,nan,nan,0.2311365573088972,-6.160453903297251
Chebyshev-I,1450.0,1600.0,0.8326622181468059,-7.461201987281781,-3.3142698845674876,-7.461201987281781,3.063110151858128,0.6574859120511896,0.7401253939859203,0.3900362532323832,0.5650808236091518,nan,nan,0.1281445434055778,-6.170998317801231
Chebyshev-I,1000.0,1600.0,1.2660797144179265,-7.461201987281781,-3.097561136431927,-7.461201987281781,3.4355235800936894,0.6574859120511896,0.7565511157624435,0.3900362532323832,0.5732936844974134,nan,nan,0.24928523652391563,-6.180145234125821
Chebyshev-I,600.0,1500.0,0.763312943466572,-6.910264520815552,-3.0734757886744903,-6.910264520815552,3.3109193170438904,0.7525287689698251,0.7374463100114975,0.4113666905184547,0.5744065002649761,nan,nan,0.40870903982232054,-6.197213128196955
Chebyshev-I,1500.0,1600.0,0.7322528012330014,-7.461201987281781,-3.3644745930243896,-7.461201987281781,2.9843897001349817,0.6574859120511896,0.7362420004886925,0.3900362532323832,0.5631391268605379,nan,nan,0.11563135929157693,-6.200060051527358
Chebyshev-I,950.0,1600.0,1.2679722209627426,-7.461201987281781,-3.096614883159519,-7.461201987281781,3.4398269470682012,0.6574859120511896,0.7566216006493205,0.3900362532323832,0.5733289269408519,nan,nan,0.2630932193626574,-6.2067444616440195
Chebyshev-I,800.0,1550.0,0.597287184032136,-7.101453694487674,-3.252083255227769,-7.101453694487674,2.9623512808562897,0.7162077686762633,0.7309777848492451,0.4038852981357712,0.5674315414925082,nan,nan,0.2810820341126815,-6.230111087711952
Chebyshev-I,750.0,1550.0,0.6476834360595298,-7.101453694487674,-3.226885129214072,-7.101453694487674,3.028279306065768,0.7162077686762633,0.7329493204858791,0.4038852981357712,0.5684173093108251,nan,nan,0.3061162639108441,-6.253009885657947
Chebyshev-I,650.0,1550.0,0.8900334297552294,-7.101453694487674,-3.105710132366222,-7.101453694487674,3.3294351968193308,0.7162077686762633,0.7423313776628405,0.4038852981357712,0.5731083378993058,nan,nan,0.37969710002133883,-6.269614503854125
Chebyshev-I,700.0,1550.0,0.7453266725668641,-7.101453694487674,-3.178063510960405,-7.101453694487674,3.141641749799425,0.7162077686762633,0.7367492498410951,0.4038852981357712,0.5703172739884331,nan,nan,0.3440292314316971,-6.27621427309077
Chebyshev-I,900.0,1600.0,1.0949222482294005,-7.461201987281781,-3.1831398695261903,-7.461201987281781,3.335570813648445,0.6574859120511896,0.7501313527331862,0.3900362532323832,0.5700838029827847,nan,nan,0.27789941472840746,-6.329372086658326
Chebyshev-I,600.0,1550.0,0.763312943466572,-7.101453694487674,-3.169070375510551,-7.101453694487674,3.3109193170438904,0.7162077686762633,0.7374463100114975,0.4038852981357712,0.5706658040736343,nan,nan,0.41289237314229044,-6.4042503608917
Chebyshev-I,850.0,1600.0,0.8643489388386393,-7.461201987281781,-3.2984265242215707,-7.461201987281781,3.166060668915426,0.6574859120511896,0.741344949867729,0.3900362532323832,0.5656906015500561,nan,nan,0.2877594975851555,-6.473165309932661
Chebyshev-I,1250.0,1650.0,1.2077187811681152,-7.924157837278594,-3.3582195280552396,-7.924157837278594,3.3696153366023402,0.5978435387150408,0.7543721185758427,0.3726690941741996,0.5635206063750211,nan,nan,0.1999421290242297,-6.593141491992954
Chebyshev-I,1200.0,1650.0,1.2529567073996453,-7.924157837278594,-3.335600564939474,-7.924157837278594,3.4095408238078995,0.5978435387150408,0.7560620571007278,0.3726690941741996,0.5643655756374637,nan,nan,0.2165469500818382,-6.60204223246752
Chebyshev-I,1300.0,1650.0,1.0841783227783732,-7.924157837278594,-3.4199897572501103,-7.924157837278594,3.2667470173902595,0.5978435387150408,0.7497254209306236,0.3726690941741996,0.5611972575524116,nan,nan,0.18057266833176275,-6.620819497448109
Chebyshev-I,1150.0,1650.0,1.2551302890653924,-7.924157837278594,-3.334513774106601,-7.924157837278594,3.4131873010671265,0.5978435387150408,0.7561430971063235,0.3726690941741996,0.5644060956402616,nan,nan,0.2269072770609295,-6.6215950555872345
Chebyshev-I,800.0,1600.0,0.597287184032136,-7.461201987281781,-3.4319574016248224,-7.461201987281781,2.9623512808562897,0.6574859120511896,0.7309777848492451,0.3900362532323832,0.5605070190408141,nan,nan,0.2911106517307018,-6.623765660645487
Chebyshev-I,750.0,1600.0,0.6476834360595298,-7.461201987281781,-3.4067592756111256,-7.461201987281781,3.028279306065768,0.6574859120511896,0.7329493204858791,0.3900362532323832,0.5614927868591312,nan,nan,0.31534988494823996,-6.645074465430233
Chebyshev-I,1100.0,1650.0,1.2399171920602359,-7.924157837278594,-3.342120322609179,-7.924157837278594,3.400266363731606,0.5978435387150408,0.7555755864667372,0.3726690941741996,0.5641223403204684,nan,nan,0.2350869963147467,-6.646128553237032
Chebyshev-I,650.0,1600.0,0.8900334297552294,-7.461201987281781,-3.2855842787632756,-7.461201987281781,3.3294351968193308,0.6574859120511896,0.7423313776628405,0.3900362532323832,0.5661838154476119,nan,nan,0.38717992305328575,-6.658177487615514
Chebyshev-I,1350.0,1650.0,0.9614397531115519,-7.924157837278594,-3.481359042083521,-7.924157837278594,3.165679392864123,0.5978435387150408,0.7450637491367378,0.3726690941741996,0.5588664216554686,nan,nan,0.16872562063580887,-6.663156358683498
Chebyshev-I,700.0,1600.0,0.7453266725668641,-7.461201987281781,-3.3579376573574584,-7.461201987281781,3.141641749799425,0.6574859120511896,0.7367492498410951,0.3900362532323832,0.5633927515367392,nan,nan,0.3522704514855768,-6.666294050896024
Chebyshev-I,1050.0,1650.0,1.235172965962004,-7.924157837278594,-3.344492435658295,-7.924157837278594,3.4061708197274605,0.5978435387150408,0.7553984623889388,0.3726690941741996,0.5640337782815692,nan,nan,0.2449709459957392,-6.668445689725932
Chebyshev-I,1400.0,1650.0,0.8974554691634864,-7.924157837278594,-3.5133511840575538,-7.924157837278594,3.113991087648622,0.5978435387150408,0.7426160713202321,0.3726690941741996,0.5576425827472158,nan,nan,0.15924780192623827,-6.678640541054897
Chebyshev-I,1000.0,1650.0,1.2660797144179265,-7.924157837278594,-3.3290390614303336,-7.924157837278594,3.4355235800936894,0.5978435387150408,0.7565511157624435,0.3726690941741996,0.5646101049683215,nan,nan,0.26216690822972827,-6.686231586592444
Chebyshev-I,1450.0,1650.0,0.8326622181468059,-7.924157837278594,-3.5457478095658943,-7.924157837278594,3.063110151858128,0.5978435387150408,0.7401253939859203,0.3726690941741996,0.55639724408006,nan,nan,0.1468544315268546,-6.688741103098781
Chebyshev-I,1500.0,1650.0,0.7322528012330014,-7.924157837278594,-3.5959525180227963,-7.924157837278594,2.9843897001349817,0.5978435387150408,0.7362420004886925,0.3726690941741996,0.5544555473314461,nan,nan,0.12863021165023036,-6.706380765299662
Chebyshev-I,950.0,1650.0,1.2679722209627426,-7.924157837278594,-3.3280928081579257,-7.924157837278594,3.4398269470682012,0.5978435387150408,0.7566216006493205,0.3726690941741996,0.5646453474117601,nan,nan,0.27533101342622546,-6.711543058826153
Chebyshev-I,600.0,1600.0,0.763312943466572,-7.461201987281781,-3.3489445219076046,-7.461201987281781,3.3109193170438904,0.6574859120511896,0.7374463100114975,0.3900362532323832,0.5637412816219404,nan,nan,0.4197839985751044,-6.791630949454824
Chebyshev-I,900.0,1650.0,1.0949222482294005,-7.924157837278594,-3.414617794524597,-7.924157837278594,3.335570813648445,0.5978435387150408,0.7501313527331862,0.3726690941741996,0.5614002234536929,nan,nan,0.28951264653861913,-6.832921559333747
Chebyshev-I,850.0,1650.0,0.8643489388386393,-7.924157837278594,-3.5299044492199774,-7.924157837278594,3.166060668915426,0.5978435387150408,0.741344949867729,0.3726690941741996,0.5570070220209643,nan,nan,0.29899025836476445,-6.975949840546876
Chebyshev-I,1250.0,1700.0,1.2077187811681152,-8.351884160647792,-3.5720826897398386,-8.351884160647792,3.3696153366023402,0.5501542595414746,0.7543721185758427,0.35709539417705627,0.5557337563764495,nan,nan,0.21367640494081705,-7.063910067192469
Chebyshev-I,1200.0,1700.0,1.2529567073996453,-8.351884160647792,-3.549463726624073,-8.351884160647792,3.4095408238078995,0.5501542595414746,0.7560620571007278,0.35709539417705627,0.5565787256388921,nan,nan,0.22932911086008792,-7.070906577390361
Chebyshev-I,1150.0,1700.0,1.2551302890653924,-8.351884160647792,-3.5483769357912,-8.351884160647792,3.4131873010671265,0.5501542595414746,0.7561430971063235,0.35709539417705627,0.5566192456416899,nan,nan,0.2391527446188173,-7.089386014069351
Chebyshev-I,1300.0,1700.0,1.0841783227783732,-8.351884160647792,-3.6338529189347093,-8.351884160647792,3.2667470173902595,0.5501542595414746,0.7497254209306236,0.35709539417705627,0.55341040755384,nan,nan,0.1955677858799678,-7.094109755910861
Chebyshev-I,1100.0,1700.0,1.2399171920602359,-8.351884160647792,-3.555983484293778,-8.351884160647792,3.400266363731606,0.5501542595414746,0.7555755864667372,0.35709539417705627,0.5563354903218967,nan,nan,0.24693415685620526,-7.113122897686291
Chebyshev-I,800.0,1650.0,0.597287184032136,-7.924157837278594,-3.663435326623229,-7.924157837278594,2.9623512808562897,0.5978435387150408,0.7309777848492451,0.3726690941741996,0.5518234395117223,nan,nan,0.3022169627262087,-7.126301291691498
Chebyshev-I,1050.0,1700.0,1.235172965962004,-8.351884160647792,-3.558355597342894,-8.351884160647792,3.4061708197274605,0.5501542595414746,0.7553984623889388,0.35709539417705627,0.5562469282829976,nan,nan,0.2563651634889087,-7.134534148078612
Chebyshev-I,1350.0,1700.0,0.9614397531115519,-8.351884160647792,-3.69522220376812,-8.351884160647792,3.165679392864123,0.5501542595414746,0.7450637491367378,0.35709539417705627,0.551079571656897,nan,nan,0.18447753656129678,-7.137960213900816
Chebyshev-I,750.0,1650.0,0.6476834360595298,-7.924157837278594,-3.6382372006095323,-7.924157837278594,3.028279306065768,0.5978435387150408,0.7329493204858791,0.3726690941741996,0.5528092073300394,nan,nan,0.32563048657825944,-7.145958677745269
Chebyshev-I,1000.0,1700.0,1.2660797144179265,-8.351884160647792,-3.5429022231149325,-8.351884160647792,3.4355235800936894,0.5501542595414746,0.7565511157624435,0.35709539417705627,0.5568232549697498,nan,nan,0.27284568522308816,-7.1508891639455054
Chebyshev-I,1400.0,1700.0,0.8974554691634864,-8.351884160647792,-3.7272143457421527,-8.351884160647792,3.113991087648622,0.5501542595414746,0.7426160713202321,0.35709539417705627,0.5498557327486442,nan,nan,0.1753836182587218,-7.1542121970862045
Chebyshev-I,650.0,1650.0,0.8900334297552294,-7.924157837278594,-3.5170622037616823,-7.924157837278594,3.3294351968193308,0.5978435387150408,0.7423313776628405,0.3726690941741996,0.55750023591852,nan,nan,0.39559838577988377,-7.155337422123707
Chebyshev-I,1450.0,1700.0,0.8326622181468059,-8.351884160647792,-3.7596109712504933,-8.351884160647792,3.063110151858128,0.5501542595414746,0.7401253939859203,0.35709539417705627,0.5486103940814883,nan,nan,0.16297860596476973,-7.1642894753409525
Chebyshev-I,700.0,1650.0,0.7453266725668641,-7.924157837278594,-3.589415582355865,-7.924157837278594,3.141641749799425,0.5978435387150408,0.7367492498410951,0.3726690941741996,0.5547091720076474,nan,nan,0.3615027936072527,-7.165081744194373
Chebyshev-I,950.0,1700.0,1.2679722209627426,-8.351884160647792,-3.5419559698425247,-8.351884160647792,3.4398269470682012,0.5501542595414746,0.7566216006493205,0.35709539417705627,0.5568584974131884,nan,nan,0.2855186679755388,-7.175218391291121
Chebyshev-I,1500.0,1700.0,0.7322528012330014,-8.351884160647792,-3.809815679707395,-8.351884160647792,2.9843897001349817,0.5501542595414746,0.7362420004886925,0.35709539417705627,0.5466686973328744,nan,nan,0.14338339784014675,-7.179187161045835
Chebyshev-I,600.0,1650.0,0.763312943466572,-7.924157837278594,-3.5804224469060113,-7.924157837278594,3.3109193170438904,0.5978435387150408,0.7374463100114975,0.3726690941741996,0.5550577020928485,nan,nan,0.42756085937713606,-7.287507680113883
Chebyshev-I,900.0,1700.0,1.0949222482294005,-8.351884160647792,-3.628480956209196,-8.351884160647792,3.335570813648445,0.5501542595414746,0.7501313527331862,0.35709539417705627,0.5536133734551212,nan,nan,0.2992181498615098,-7.295632589345869
Chebyshev-I,850.0,1700.0,0.8643489388386393,-8.351884160647792,-3.7437676109045763,-8.351884160647792,3.166060668915426,0.5501542595414746,0.741344949867729,0.35709539417705627,0.5492201720223926,nan,nan,0.3083977743249058,-7.438064895833499
Chebyshev-I,1250.0,1750.0,1.2077187811681152,-8.75182091995921,-3.7720510693955474,-8.75182091995921,3.3696153366023402,0.5091555508830854,0.7543721185758427,0.34295507149485643,0.5486635950353496,nan,nan,0.22523315757592544,-7.501100654456304
Chebyshev-I,1200.0,1750.0,1.2529567073996453,-8.75182091995921,-3.749432106279782,-8.75182091995921,3.4095408238078995,0.5091555508830854,0.7560620571007278,0.34295507149485643,0.5495085642977922,nan,nan,0.24015434251096668,-7.506634122685737
Chebyshev-I,1150.0,1750.0,1.2551302890653924,-8.75182091995921,-3.7483453154469086,-8.75182091995921,3.4131873010671265,0.5091555508830854,0.7561430971063235,0.34295507149485643,0.54954908430059,nan,nan,0.2495606735933087,-7.524278954011951
Chebyshev-I,1300.0,1750.0,1.0841783227783732,-8.75182091995921,-3.833821298590418,-8.75182091995921,3.2667470173902595,0.5091555508830854,0.7497254209306236,0.34295507149485643,0.54634024621274,nan,nan,0.20808178812387773,-7.533214842392298
Chebyshev-I,1100.0,1750.0,1.2399171920602359,-8.75182091995921,-3.7559518639494867,-8.75182091995921,3.400266363731606,0.5091555508830854,0.7555755864667372,0.34295507149485643,0.5492653289807968,nan,nan,0.2570308767363131,-7.547393419440124
Chebyshev-I,1050.0,1750.0,1.235172965962004,-8.75182091995921,-3.7583239769986028,-8.75182091995921,3.4061708197274605,0.5091555508830854,0.7553984623889388,0.34295507149485643,0.5491767669418977,nan,nan,0.26610608149269166,-7.568093066079795
Chebyshev-I,1350.0,1750.0,0.9614397531115519,-8.75182091995921,-3.8951905834238287,-8.75182091995921,3.165679392864123,0.5091555508830854,0.7450637491367378,0.34295507149485643,0.5440094103157971,nan,nan,0.19759603336631035,-7.57827428950446
Chebyshev-I,1000.0,1750.0,1.2660797144179265,-8.75182091995921,-3.7428706027706413,-8.75182091995921,3.4355235800936894,0.5091555508830854,0.7565511157624435,0.34295507149485643,0.54975309362865,nan,nan,0.28201900914580497,-7.583312893784556
Chebyshev-I,800.0,1700.0,0.597287184032136,-8.351884160647792,-3.877298488307828,-8.351884160647792,2.9623512808562897,0.5501542595414746,0.7309777848492451,0.35709539417705627,0.5440365895131507,nan,nan,0.3115270930157924,-7.588221575637007
Chebyshev-I,1400.0,1750.0,0.8974554691634864,-8.75182091995921,-3.9271827253978615,-8.75182091995921,3.113991087648622,0.5091555508830854,0.7426160713202321,0.34295507149485643,0.5427855714075442,nan,nan,0.1889190227808563,-7.595360088124091
Chebyshev-I,1450.0,1750.0,0.8326622181468059,-8.75182091995921,-3.959579350906202,-8.75182091995921,3.063110151858128,0.5091555508830854,0.7401253939859203,0.34295507149485643,0.5415402327403883,nan,nan,0.17691244915642226,-7.606234243717876
Chebyshev-I,750.0,1700.0,0.6476834360595298,-8.351884160647792,-3.852100362294131,-8.351884160647792,3.028279306065768,0.5501542595414746,0.7329493204858791,0.35709539417705627,0.5450223573314676,nan,nan,0.33428927261470415,-7.6065762731844995
Chebyshev-I,950.0,1750.0,1.2679722209627426,-8.75182091995921,-3.7419243494982335,-8.75182091995921,3.4398269470682012,0.5091555508830854,0.7566216006493205,0.34295507149485643,0.5497883360720884,nan,nan,0.294297634474491,-7.606853406282643
Chebyshev-I,650.0,1700.0,0.8900334297552294,-8.351884160647792,-3.7309253654462813,-8.351884160647792,3.3294351968193308,0.5501542595414746,0.7423313776628405,0.35709539417705627,0.5497133859199483,nan,nan,0.4027557247611023,-7.612952123452485
Chebyshev-I,1500.0,1750.0,0.7322528012330014,-8.75182091995921,-4.0097840593631044,-8.75182091995921,2.9843897001349817,0.5091555508830854,0.7362420004886925,0.34295507149485643,0.5395985359917744,nan,nan,0.15755745149614125,-7.621612350351444
Chebyshev-I,700.0,1700.0,0.7453266725668641,-8.351884160647792,-3.803278744040464,-8.351884160647792,3.141641749799425,0.5501542595414746,0.7367492498410951,0.35709539417705627,0.5469223220090758,nan,nan,0.36932148247636043,-7.624019145298929
Chebyshev-I,900.0,1750.0,1.0949222482294005,-8.75182091995921,-3.8284493358649048,-8.75182091995921,3.335570813648445,0.5091555508830854,0.7501313527331862,0.34295507149485643,0.5465432121140213,nan,nan,0.3076066521066095,-7.726486675829687
Chebyshev-I,600.0,1700.0,0.763312943466572,-8.351884160647792,-3.7942856085906103,-8.351884160647792,3.3109193170438904,0.5501542595414746,0.7374463100114975,0.35709539417705627,0.5472708520942768,nan,nan,0.4341916988485841,-7.744069382423121
Chebyshev-I,850.0,1750.0,0.8643489388386393,-8.75182091995921,-3.943735990560285,-8.75182091995921,3.166060668915426,0.5091555508830854,0.741344949867729,0.34295507149485643,0.5421500106812928,nan,nan,0.3165431509301254,-7.868432731037556
Chebyshev-I,1250.0,1800.0,1.2077187811681152,-9.169069239933329,-3.980675229382607,-9.169069239933329,3.3696153366023402,0.46273987886899687,0.7543721185758427,0.32864506828523604,0.5415085934305394,nan,nan,0.23617313429750184,-7.954538931083197
Chebyshev-I,1200.0,1800.0,1.2529567073996453,-9.169069239933329,-3.9580562662668415,-9.169069239933329,3.4095408238078995,0.46273987886899687,0.7560620571007278,0.32864506828523604,0.542353562692982,nan,nan,0.25045491779531837,-7.958793596438178
Chebyshev-I,1150.0,1800.0,1.2551302890653924,-9.169069239933329,-3.956969475433968,-9.169069239933329,3.4131873010671265,0.46273987886899687,0.7561430971063235,0.32864506828523604,0.5423940826957798,nan,nan,0.2594930716109865,-7.975702073231046
Chebyshev-I,1300.0,1800.0,1.0841783227783732,-9.169069239933329,-4.042445458577478,-9.169069239933329,3.2667470173902595,0.46273987886899687,0.7497254209306236,0.32864506828523604,0.5391852446079298,nan,nan,0.21984929854660093,-7.988308186421485
Chebyshev-I,1100.0,1800.0,1.2399171920602359,-9.169069239933329,-3.964576023936546,-9.169069239933329,3.400266363731606,0.46273987886899687,0.7555755864667372,0.32864506828523604,0.5421103273759866,nan,nan,0.2666873110722426,-7.998264611295722
Chebyshev-I,1050.0,1800.0,1.235172965962004,-9.169069239933329,-3.9669481369856623,-9.169069239933329,3.4061708197274605,0.46273987886899687,0.7553984623889388,0.32864506828523604,0.5420217653370875,nan,nan,0.27544570207417074,-8.018330630426494
Chebyshev-I,800.0,1750.0,0.597287184032136,-8.75182091995921,-4.077266867963536,-8.75182091995921,2.9623512808562897,0.5091555508830854,0.7309777848492451,0.34295507149485643,0.5369664281720508,nan,nan,0.3195928383098607,-8.01843014821876
Chebyshev-I,1000.0,1800.0,1.2660797144179265,-9.169069239933329,-3.951494762757701,-9.169069239933329,3.4355235800936894,0.46273987886899687,0.7565511157624435,0.32864506828523604,0.5425980920238398,nan,nan,0.29084871850670474,-8.032530635690094
Chebyshev-I,1350.0,1800.0,0.9614397531115519,-9.169069239933329,-4.103814743410888,-9.169069239933329,3.165679392864123,0.46273987886899687,0.7450637491367378,0.32864506828523604,0.5368544087109869,nan,nan,0.209899842050129,-8.034440230055838
Chebyshev-I,750.0,1750.0,0.6476834360595298,-8.75182091995921,-4.05206874194984,-8.75182091995921,3.028279306065768,0.5091555508830854,0.7329493204858791,0.34295507149485643,0.5379521959903678,nan,nan,0.3418181742277376,-8.035711158404185
Chebyshev-I,650.0,1750.0,0.8900334297552294,-8.75182091995921,-3.93089374510199,-8.75182091995921,3.3294351968193308,0.5091555508830854,0.7423313776628405,0.34295507149485643,0.5426432245788485,nan,nan,0.4090263613815421,-8.039570478686981
Chebyshev-I,700.0,1750.0,0.7453266725668641,-8.75182091995921,-4.003247123696172,-8.75182091995921,3.141641749799425,0.5091555508830854,0.7367492498410951,0.34295507149485643,0.5398521606679758,nan,nan,0.3761499144265414,-8.051753091192909
Chebyshev-I,1400.0,1800.0,0.8974554691634864,-9.169069239933329,-4.1358068853849215,-9.169069239933329,3.113991087648622,0.46273987886899687,0.7426160713202321,0.32864506828523604,0.535630569802734,nan,nan,0.2016429928938481,-8.052366351533813
Chebyshev-I,950.0,1800.0,1.2679722209627426,-9.169069239933329,-3.950548509485293,-9.169069239933329,3.4398269470682012,0.46273987886899687,0.7566216006493205,0.32864506828523604,0.5426333344672782,nan,nan,0.30276977404615885,-8.055356008609719
Chebyshev-I,1450.0,1800.0,0.8326622181468059,-9.169069239933329,-4.168203510893261,-9.169069239933329,3.063110151858128,0.46273987886899687,0.7401253939859203,0.32864506828523604,0.5343852311355781,nan,nan,0.19017079915692964,-8.064309266902628
Chebyshev-I,1500.0,1800.0,0.7322528012330014,-9.169069239933329,-4.218408219350164,-9.169069239933329,2.9843897001349817,0.46273987886899687,0.7362420004886925,0.32864506828523604,0.5324435343869642,nan,nan,0.17160989531323542,-8.08127556116937
Chebyshev-I,600.0,1750.0,0.763312943466572,-8.75182091995921,-3.994253988246319,-8.75182091995921,3.3109193170438904,0.5091555508830854,0.7374463100114975,0.34295507149485643,0.540200690753177,nan,nan,0.440014564506367,-8.169792195732304
Chebyshev-I,900.0,1800.0,1.0949222482294005,-9.169069239933329,-4.037073495851964,-9.169069239933329,3.335570813648445,0.46273987886899687,0.7501313527331862,0.32864506828523604,0.5393882105092112,nan,nan,0.31572186134690544,-8.174275417494016
Chebyshev-I,850.0,1800.0,0.8643489388386393,-9.169069239933329,-4.152360150547345,-9.169069239933329,3.166060668915426,0.46273987886899687,0.741344949867729,0.32864506828523604,0.5349950090764826,nan,nan,0.3244350389166164,-8.315774830194277
Chebyshev-I,800.0,1800.0,0.597287184032136,-9.169069239933329,-4.285891027950596,-9.169069239933329,2.9623512808562897,0.46273987886899687,0.7309777848492451,0.32864506828523604,0.5298114265672406,nan,nan,0.3274112262576226,-8.465625247298025
Chebyshev-I,750.0,1800.0,0.6476834360595298,-9.169069239933329,-4.260692901936899,-9.169069239933329,3.028279306065768,0.46273987886899687,0.7329493204858791,0.32864506828523604,0.5307971943855576,nan,nan,0.34913928965144675,-8.481911712435341
Chebyshev-I,650.0,1800.0,0.8900334297552294,-9.169069239933329,-4.13951790508905,-9.169069239933329,3.3294351968193308,0.46273987886899687,0.7423313776628405,0.32864506828523604,0.5354882229740383,nan,nan,0.4151639531519384,-8.483403985411515
Chebyshev-I,700.0,1800.0,0.7453266725668641,-9.169069239933329,-4.211871283683232,-9.169069239933329,3.141641749799425,0.46273987886899687,0.7367492498410951,0.32864506828523604,0.5326971590631656,nan,nan,0.3828149837010823,-8.49664155292573
Chebyshev-I,1250.0,1850.0,1.2077187811681152,-9.774383911453741,-4.283332565142813,-9.774383911453741,3.3696153366023402,0.39987546408355007,0.7543721185758427,0.308698395149404,0.5315352568626234,nan,nan,0.24970300938990594,-8.606860025924249
Chebyshev-I,1200.0,1850.0,1.2529567073996453,-9.774383911453741,-4.260713602027048,-9.774383911453741,3.4095408238078995,0.39987546408355007,0.7560620571007278,0.308698395149404,0.5323802261250659,nan,nan,0.26325893298631203,-8.60966297147641
Chebyshev-I,600.0,1800.0,0.763312943466572,-9.169069239933329,-4.202878148233379,-9.169069239933329,3.3109193170438904,0.46273987886899687,0.7374463100114975,0.32864506828523604,0.5330456891483668,nan,nan,0.44572567549932685,-8.612772740901962
Chebyshev-I,1150.0,1850.0,1.2551302890653924,-9.774383911453741,-4.259626811194174,-9.774383911453741,3.4131873010671265,0.39987546408355007,0.7561430971063235,0.308698395149404,0.5324207461278638,nan,nan,0.2718749505764747,-8.625727175818266
Chebyshev-I,1300.0,1850.0,1.0841783227783732,-9.774383911453741,-4.345102794337684,-9.774383911453741,3.2667470173902595,0.39987546408355007,0.7497254209306236,0.308698395149404,0.5292119080400137,nan,nan,0.23430713983933643,-8.6424852136632
Chebyshev-I,1100.0,1850.0,1.2399171920602359,-9.774383911453741,-4.267233359696752,-9.774383911453741,3.400266363731606,0.39987546408355007,0.7555755864667372,0.308698395149404,0.5321369908080706,nan,nan,0.2787512666358175,-8.647653867079116
Chebyshev-I,1050.0,1850.0,1.235172965962004,-9.774383911453741,-4.2696054727458685,-9.774383911453741,3.4061708197274605,0.39987546408355007,0.7553984623889388,0.308698395149404,0.5320484287691714,nan,nan,0.2871427028640394,-8.666985976662476
Chebyshev-I,1000.0,1850.0,1.2660797144179265,-9.774383911453741,-4.254152098517907,-9.774383911453741,3.4355235800936894,0.39987546408355007,0.7565511157624435,0.308698395149404,0.5326247554559238,nan,nan,0.3019500266848365,-8.679994596702603
Chebyshev-I,1350.0,1850.0,0.9614397531115519,-9.774383911453741,-4.4064720791710945,-9.774383911453741,3.165679392864123,0.39987546408355007,0.7450637491367378,0.308698395149404,0.5268810721430709,nan,nan,0.22496719952892733,-8.689836289669678
Chebyshev-I,950.0,1850.0,1.2679722209627426,-9.774383911453741,-4.2532058452455,-9.774383911453741,3.4398269470682012,0.39987546408355007,0.7566216006493205,0.308698395149404,0.5326599978993622,nan,nan,0.31344922811254694,-8.70197626139874
Chebyshev-I,1400.0,1850.0,0.8974554691634864,-9.774383911453741,-4.438464221145128,-9.774383911453741,3.113991087648622,0.39987546408355007,0.7426160713202321,0.308698395149404,0.525657233234818,nan,nan,0.2172210138965905,-8.708783738195544
Chebyshev-I,1450.0,1850.0,0.8326622181468059,-9.774383911453741,-4.470860846653467,-9.774383911453741,3.063110151858128,0.39987546408355007,0.7401253939859203,0.308698395149404,0.5244118945676621,nan,nan,0.20646845475073972,-8.722165922746493
Chebyshev-I,1500.0,1850.0,0.7322528012330014,-9.774383911453741,-4.52106555511037,-9.774383911453741,2.9843897001349817,0.39987546408355007,0.7362420004886925,0.308698395149404,0.5224701978190482,nan,nan,0.18914546609362465,-8.741608047386395
Chebyshev-I,900.0,1850.0,1.0949222482294005,-9.774383911453741,-4.3397308316121705,-9.774383911453741,3.335570813648445,0.39987546408355007,0.7501313527331862,0.308698395149404,0.5294148739412952,nan,nan,0.3259774488900493,-8.82004793723655
Chebyshev-I,850.0,1850.0,0.8643489388386393,-9.774383911453741,-4.455017486307551,-9.774383911453741,3.166060668915426,0.39987546408355007,0.741344949867729,0.308698395149404,0.5250216725085666,nan,nan,0.3344234835349628,-8.961013064087213
Chebyshev-I,800.0,1850.0,0.597287184032136,-9.774383911453741,-4.588548363710802,-9.774383911453741,2.9623512808562897,0.39987546408355007,0.7309777848492451,0.308698395149404,0.5198380899993246,nan,nan,0.33731161376713337,-9.110687366973291
Chebyshev-I,650.0,1850.0,0.8900334297552294,-9.774383911453741,-4.442175240849256,-9.774383911453741,3.3294351968193308,0.39987546408355007,0.7423313776628405,0.308698395149404,0.5255148864061223,nan,nan,0.42301555529325086,-9.124368534350383
Chebyshev-I,750.0,1850.0,0.6476834360595298,-9.774383911453741,-4.563350237697105,-9.774383911453741,3.028279306065768,0.39987546408355007,0.7329493204858791,0.308698395149404,0.5208238578176416,nan,nan,0.3584400537641402,-9.125774585316973
Chebyshev-I,700.0,1850.0,0.7453266725668641,-9.774383911453741,-4.514528619443438,-9.774383911453741,3.141641749799425,0.39987546408355007,0.7367492498410951,0.308698395149404,0.5227238224952495,nan,nan,0.39131616218262677,-9.138905254545064
Chebyshev-I,600.0,1850.0,0.763312943466572,-9.774383911453741,-4.505535483993585,-9.774383911453741,3.3109193170438904,0.39987546408355007,0.7374463100114975,0.308698395149404,0.5230723525804508,nan,nan,0.4530478441477465,-9.252678422855046
Chebyshev-I,1250.0,1900.0,1.2077187811681152,-10.629868937497385,-4.711075078164635,-10.629868937497385,3.3696153366023402,0.33201722715446835,0.7543721185758427,0.2821576353290298,0.5182648769524363,nan,nan,0.2646246268993819,-9.518729046807218
Chebyshev-I,1200.0,1900.0,1.2529567073996453,-10.629868937497385,-4.6884561150488695,-10.629868937497385,3.4095408238078995,0.33201722715446835,0.7560620571007278,0.2821576353290298,0.5191098462148789,nan,nan,0.27745660896795743,-9.520084109303719
Chebyshev-I,1150.0,1900.0,1.2551302890653924,-10.629868937497385,-4.687369324215997,-10.629868937497385,3.4131873010671265,0.33201722715446835,0.7561430971063235,0.2821576353290298,0.5191503662176766,nan,nan,0.2856466535854548,-9.535296367700246
Chebyshev-I,1300.0,1900.0,1.0841783227783732,-10.629868937497385,-4.772845307359506,-10.629868937497385,3.2667470173902595,0.33201722715446835,0.7497254209306236,0.2821576353290298,0.5159415281298267,nan,nan,0.2501392701110832,-9.556175260070713
Chebyshev-I,1100.0,1900.0,1.2399171920602359,-10.629868937497385,-4.694975872718574,-10.629868937497385,3.400266363731606,0.33201722715446835,0.7555755864667372,0.2821576353290298,0.5188666108978834,nan,nan,0.2921998741572521,-9.556576867986005
Chebyshev-I,1050.0,1900.0,1.235172965962004,-10.629868937497385,-4.69734798576769,-10.629868937497385,3.4061708197274605,0.33201722715446835,0.7553984623889388,0.2821576353290298,0.5187780488589844,nan,nan,0.3002161366975087,-9.575158630193432
Chebyshev-I,1000.0,1900.0,1.2660797144179265,-10.629868937497385,-4.681894611539729,-10.629868937497385,3.4355235800936894,0.33201722715446835,0.7565511157624435,0.2821576353290298,0.5193543755457366,nan,nan,0.31440852774801725,-9.586937384692982
Chebyshev-I,1350.0,1900.0,0.9614397531115519,-10.629868937497385,-4.834214592192916,-10.629868937497385,3.165679392864123,0.33201722715446835,0.7450637491367378,0.2821576353290298,0.5136106922328838,nan,nan,0.24139519168066806,-9.604718059837179
Chebyshev-I,950.0,1900.0,1.2679722209627426,-10.629868937497385,-4.680948358267321,-10.629868937497385,3.4398269470682012,0.33201722715446835,0.7566216006493205,0.2821576353290298,0.5193896179891752,nan,nan,0.32546798905148877,-9.60803956914064
Chebyshev-I,1400.0,1900.0,0.8974554691634864,-10.629868937497385,-4.8662067341669495,-10.629868937497385,3.113991087648622,0.33201722715446835,0.7426160713202321,0.2821576353290298,0.512386853324631,nan,nan,0.23415818377313,-9.62468386381264
Chebyshev-I,1450.0,1900.0,0.8326622181468059,-10.629868937497385,-4.898603359675289,-10.629868937497385,3.063110151858128,0.33201722715446835,0.7401253939859203,0.2821576353290298,0.511141514657475,nan,nan,0.22414064382215462,-9.63953608675334
Chebyshev-I,1500.0,1900.0,0.7322528012330014,-10.629868937497385,-4.948808068132192,-10.629868937497385,2.9843897001349817,0.33201722715446835,0.7362420004886925,0.2821576353290298,0.5091998179088612,nan,nan,0.20810430080206574,-9.661551502667292
Chebyshev-I,900.0,1900.0,1.0949222482294005,-10.629868937497385,-4.767473344633992,-10.629868937497385,3.335570813648445,0.33201722715446835,0.7501313527331862,0.2821576353290298,0.516144494031108,nan,nan,0.33755050770058714,-9.725219840721643
Chebyshev-I,850.0,1900.0,0.8643489388386393,-10.629868937497385,-4.882759999329373,-10.629868937497385,3.166060668915426,0.33201722715446835,0.741344949867729,0.2821576353290298,0.5117512925983794,nan,nan,0.34571397720172725,-9.865619837284761
Chebyshev-I,800.0,1900.0,0.597287184032136,-10.629868937497385,-5.016290876732624,-10.629868937497385,2.9623512808562897,0.33201722715446835,0.7309777848492451,0.2821576353290298,0.5065677100891375,nan,nan,0.3485086337408364,-10.015107192784715
Chebyshev-I,650.0,1900.0,0.8900334297552294,-10.629868937497385,-4.869917753871078,-10.629868937497385,3.3294351968193308,0.33201722715446835,0.7423313776628405,0.2821576353290298,0.5122445064959351,nan,nan,0.43199689139730163,-10.024356992422504
Chebyshev-I,750.0,1900.0,0.6476834360595298,-10.629868937497385,-4.991092750718927,-10.629868937497385,3.028279306065768,0.33201722715446835,0.7329493204858791,0.2821576353290298,0.5075534779074544,nan,nan,0.3689965250379874,-10.028913313728685
Chebyshev-I,700.0,1900.0,0.7453266725668641,-10.629868937497385,-4.94227113246526,-10.629868937497385,3.141641749799425,0.33201722715446835,0.7367492498410951,0.2821576353290298,0.5094534425850625,nan,nan,0.40100793596911205,-10.040314587982051
Chebyshev-I,600.0,1900.0,0.763312943466572,-10.629868937497385,-4.933277997015407,-10.629868937497385,3.3109193170438904,0.33201722715446835,0.7374463100114975,0.2821576353290298,0.5098019726702636,nan,nan,0.46144501668912413,-10.151498553801819
Chebyshev-I,1250.0,1950.0,1.2077187811681152,-11.50294032241394,-5.147610770622912,-11.50294032241394,3.3696153366023402,0.2771943954929954,0.7543721185758427,0.25704527106602615,0.5057086948209344,nan,nan,0.2765827898022988,-10.44082912179261
Chebyshev-I,1200.0,1950.0,1.2529567073996453,-11.50294032241394,-5.124991807507147,-11.50294032241394,3.4095408238078995,0.2771943954929954,0.7560620571007278,0.25704527106602615,0.506553664083377,nan,nan,0.2888864292178604,-10.441127498983084
Chebyshev-I,1150.0,1950.0,1.2551302890653924,-11.50294032241394,-5.123905016674273,-11.50294032241394,3.4131873010671265,0.2771943954929954,0.7561430971063235,0.25704527106602615,0.5065941840861748,nan,nan,0.29676227433509966,-10.455711358379093
Chebyshev-I,1100.0,1950.0,1.2399171920602359,-11.50294032241394,-5.131511565176852,-11.50294032241394,3.400266363731606,0.2771943954929954,0.7555755864667372,0.25704527106602615,0.5063104287663817,nan,nan,0.3030758110549102,-10.476512490960879
Chebyshev-I,1300.0,1950.0,1.0841783227783732,-11.50294032241394,-5.209380999817784,-11.50294032241394,3.2667470173902595,0.2771943954929954,0.7497254209306236,0.25704527106602615,0.5033853459983249,nan,nan,0.2627523883232896,-10.479585245674683
Chebyshev-I,1050.0,1950.0,1.235172965962004,-11.50294032241394,-5.133883678225968,-11.50294032241394,3.4061708197274605,0.2771943954929954,0.7553984623889388,0.25704527106602615,0.5062218667274825,nan,nan,0.3108118970145763,-10.494533900007125
Chebyshev-I,1000.0,1950.0,1.2660797144179265,-11.50294032241394,-5.118430303998006,-11.50294032241394,3.4355235800936894,0.2771943954929954,0.7565511157624435,0.25704527106602615,0.5067981934142348,nan,nan,0.3245413769972138,-10.505386832370935
Chebyshev-I,950.0,1950.0,1.2679722209627426,-11.50294032241394,-5.117484050725599,-11.50294032241394,3.4398269470682012,0.2771943954929954,0.7566216006493205,0.25704527106602615,0.5068334358576734,nan,nan,0.3352669284522726,-10.525821197121765
Chebyshev-I,1350.0,1950.0,0.9614397531115519,-11.50294032241394,-5.270750284651194,-11.50294032241394,3.165679392864123,0.2771943954929954,0.7450637491367378,0.25704527106602615,0.5010545101013819,nan,nan,0.25443283468156275,-10.528977095018526
Chebyshev-I,1400.0,1950.0,0.8974554691634864,-11.50294032241394,-5.302742426625227,-11.50294032241394,3.113991087648622,0.2771943954929954,0.7426160713202321,0.25704527106602615,0.49983067119312913,nan,nan,0.24755915168399636,-10.549669548813933
Chebyshev-I,1450.0,1950.0,0.8326622181468059,-11.50294032241394,-5.335139052133567,-11.50294032241394,3.063110151858128,0.2771943954929954,0.7401253939859203,0.25704527106602615,0.4985853325259732,nan,nan,0.2380658919478657,-10.565570332184322
Chebyshev-I,1500.0,1950.0,0.7322528012330014,-11.50294032241394,-5.3853437605904695,-11.50294032241394,2.9843897001349817,0.2771943954929954,0.7362420004886925,0.25704527106602615,0.4966436357773593,nan,nan,0.22293944103977184,-10.589405532322266
Chebyshev-I,900.0,1950.0,1.0949222482294005,-11.50294032241394,-5.20400903709227,-11.50294032241394,3.335570813648445,0.2771943954929954,0.7501313527331862,0.25704527106602615,0.5035883118996062,nan,nan,0.34700839037099374,-10.642319355242016
Chebyshev-I,850.0,1950.0,0.8643489388386393,-11.50294032241394,-5.319295691787651,-11.50294032241394,3.166060668915426,0.2771943954929954,0.741344949867729,0.25704527106602615,0.4991951104668776,nan,nan,0.3549544818149099,-10.782284595690685
Chebyshev-I,800.0,1950.0,0.597287184032136,-11.50294032241394,-5.4528265691909015,-11.50294032241394,2.9623512808562897,0.2771943954929954,0.7309777848492451,0.25704527106602615,0.49401152795763564,nan,nan,0.3576768420006734,-10.931627358483947
Chebyshev-I,650.0,1950.0,0.8900334297552294,-11.50294032241394,-5.306453446329355,-11.50294032241394,3.3294351968193308,0.2771943954929954,0.7423313776628405,0.25704527106602615,0.49968832436443333,nan,nan,0.43942667704203864,-10.937400312891535
Chebyshev-I,750.0,1950.0,0.6476834360595298,-11.50294032241394,-5.427628443177205,-11.50294032241394,3.028279306065768,0.2771943954929954,0.7329493204858791,0.25704527106602615,0.49499729577595264,nan,nan,0.3776676488496128,-10.944439310531495
Chebyshev-I,700.0,1950.0,0.7453266725668641,-11.50294032241394,-5.3788068249235375,-11.50294032241394,3.141641749799425,0.2771943954929954,0.7367492498410951,0.25704527106602615,0.49689726045356064,nan,nan,0.4090010087581524,-10.95448448273969
Chebyshev-I,600.0,1950.0,0.763312943466572,-11.50294032241394,-5.369813689473684,-11.50294032241394,3.3109193170438904,0.2771943954929954,0.7374463100114975,0.25704527106602615,0.49724579053876183,nan,nan,0.4684078852505732,-11.063608040104278
Chebyshev-I,1200.0,2000.0,1.2529567073996453,-12.282715452635557,-5.514879372617956,-12.282715452635557,3.4095408238078995,0.23643731317309952,0.7560620571007278,0.23626087546935604,0.49616146628504193,nan,nan,0.2972213110406426,-11.258356788446935
Chebyshev-I,1250.0,2000.0,1.2077187811681152,-12.282715452635557,-5.537498335733721,-12.282715452635557,3.3696153366023402,0.23643731317309952,0.7543721185758427,0.23626087546935604,0.4953164970225994,nan,nan,0.28527597491009343,-11.258775017826489
Chebyshev-I,1150.0,2000.0,1.2551302890653924,-12.282715452635557,-5.513792581785083,-12.282715452635557,3.4131873010671265,0.23643731317309952,0.7561430971063235,0.23626087546935604,0.4962019862878398,nan,nan,0.3048824487776025,-11.272511233082387
Chebyshev-I,1100.0,2000.0,1.2399171920602359,-12.282715452635557,-5.52139913028766,-12.282715452635557,3.400266363731606,0.23643731317309952,0.7555755864667372,0.23626087546935604,0.4959182309680466,nan,nan,0.31103149436672606,-11.292983383402797
Chebyshev-I,1300.0,2000.0,1.0841783227783732,-12.282715452635557,-5.599268564928592,-12.282715452635557,3.2667470173902595,0.23643731317309952,0.7497254209306236,0.23626087546935604,0.4929931481999898,nan,nan,0.2718853323629073,-11.298410659572207
Chebyshev-I,1050.0,2000.0,1.235172965962004,-12.282715452635557,-5.5237712433367765,-12.282715452635557,3.4061708197274605,0.23643731317309952,0.7553984623889388,0.23626087546935604,0.4958296689291474,nan,nan,0.31857463332093605,-11.310618898438133
Chebyshev-I,1000.0,2000.0,1.2660797144179265,-12.282715452635557,-5.508317869108815,-12.282715452635557,3.4355235800936894,0.23643731317309952,0.7565511157624435,0.23626087546935604,0.49640599561589976,nan,nan,0.3319833499564586,-11.32083030410771
Chebyshev-I,950.0,2000.0,1.2679722209627426,-12.282715452635557,-5.507371615836407,-12.282715452635557,3.4398269470682012,0.23643731317309952,0.7566216006493205,0.23626087546935604,0.49644123805933826,nan,nan,0.34247591305947633,-11.340798692154461
Chebyshev-I,1350.0,2000.0,0.9614397531115519,-12.282715452635557,-5.6606378497620025,-12.282715452635557,3.165679392864123,0.23643731317309952,0.7450637491367378,0.23626087546935604,0.4906623123030469,nan,nan,0.2638490021303979,-11.348368955734482
Chebyshev-I,1400.0,2000.0,0.8974554691634864,-12.282715452635557,-5.692629991736036,-12.282715452635557,3.113991087648622,0.23643731317309952,0.7426160713202321,0.23626087546935604,0.48943847339479407,nan,nan,0.25721769246934695,-11.369546156202919
Chebyshev-I,1450.0,2000.0,0.8326622181468059,-12.282715452635557,-5.725026617244375,-12.282715452635557,3.063110151858128,0.23643731317309952,0.7401253939859203,0.23626087546935604,0.48819313472763814,nan,nan,0.2480738212233573,-11.386145716553592
Chebyshev-I,1500.0,2000.0,0.7322528012330014,-12.282715452635557,-5.775231325701278,-12.282715452635557,2.9843897001349817,0.23643731317309952,0.7362420004886925,0.23626087546935604,0.48625143797902426,nan,nan,0.23354911896908598,-11.41118441399918
Chebyshev-I,900.0,2000.0,1.0949222482294005,-12.282715452635557,-5.5938966022030785,-12.282715452635557,3.335570813648445,0.23643731317309952,0.7501313527331862,0.23626087546935604,0.4931961141012711,nan,nan,0.35397836819923906,-11.456818836716792
Chebyshev-I,850.0,2000.0,0.8643489388386393,-12.282715452635557,-5.709183256898459,-12.282715452635557,3.166060668915426,0.23643731317309952,0.741344949867729,0.23626087546935604,0.48880291266854253,nan,nan,0.3617714411387795,-11.596478040156713
Chebyshev-I,800.0,2000.0,0.597287184032136,-12.282715452635557,-5.84271413430171,-12.282715452635557,2.9623512808562897,0.23643731317309952,0.7309777848492451,0.23626087546935604,0.4836193301593006,nan,nan,0.364442832771586,-11.74571886584406
Chebyshev-I,650.0,2000.0,0.8900334297552294,-12.282715452635557,-5.696341011440164,-12.282715452635557,3.3294351968193308,0.23643731317309952,0.7423313776628405,0.23626087546935604,0.4892961265660983,nan,nan,0.44495125441572636,-11.749008993457199
Chebyshev-I,750.0,2000.0,0.6476834360595298,-12.282715452635557,-5.817516008288013,-12.282715452635557,3.028279306065768,0.23643731317309952,0.7329493204858791,0.23626087546935604,0.4846050979776176,nan,nan,0.38408174972169684,-11.75782703809395
Chebyshev-I,700.0,2000.0,0.7453266725668641,-12.282715452635557,-5.768694390034346,-12.282715452635557,3.141641749799425,0.23643731317309952,0.7367492498410951,0.23626087546935604,0.4865050626552256,nan,nan,0.4149310024150656,-11.766903995871806
Chebyshev-I,600.0,2000.0,0.763312943466572,-12.282715452635557,-5.759701254584493,-12.282715452635557,3.3109193170438904,0.23643731317309952,0.7374463100114975,0.23626087546935604,0.4868535927404268,nan,nan,0.47359460318318364,-11.874541001787785
Chebyshev-I,1200.0,2050.0,1.2529567073996453,-12.950199581937676,-5.848621437269015,-12.950199581937676,3.4095408238078995,0.206346787367229,0.7560620571007278,0.21966017621705694,0.48786111665889237,nan,nan,0.3032256886927384,-11.954450372305548
Chebyshev-I,1250.0,2050.0,1.2077187811681152,-12.950199581937676,-5.871240400384781,-12.950199581937676,3.3696153366023402,0.206346787367229,0.7543721185758427,0.21966017621705694,0.48701614739644983,nan,nan,0.29152571630457924,-11.955359329169879
Chebyshev-I,1150.0,2050.0,1.2551302890653924,-12.950199581937676,-5.8475346464361415,-12.950199581937676,3.4131873010671265,0.206346787367229,0.7561430971063235,0.21966017621705694,0.48790163666169023,nan,nan,0.3107391116640436,-11.968309387409684
Chebyshev-I,1100.0,2050.0,1.2399171920602359,-12.950199581937676,-5.85514119493872,-12.950199581937676,3.400266363731606,0.206346787367229,0.7555755864667372,0.21966017621705694,0.48761788134189704,nan,nan,0.31677470990577355,-11.988554643035311
Chebyshev-I,1300.0,2050.0,1.0841783227783732,-12.950199581937676,-5.933010629579652,-12.950199581937676,3.2667470173902595,0.206346787367229,0.7497254209306236,0.21966017621705694,0.48469279857384023,nan,nan,0.27843430242069417,-11.995593428242199
Chebyshev-I,1050.0,2050.0,1.235172965962004,-12.950199581937676,-5.857513307987836,-12.950199581937676,3.4061708197274605,0.206346787367229,0.7553984623889388,0.21966017621705694,0.48752931930299787,nan,nan,0.3241842585900007,-12.00592297753068
Chebyshev-I,1000.0,2050.0,1.2660797144179265,-12.950199581937676,-5.842059933759875,-12.950199581937676,3.4355235800936894,0.206346787367229,0.7565511157624435,0.21966017621705694,0.4881056459897502,nan,nan,0.33737025581441005,-12.01568894437803
Chebyshev-I,950.0,2050.0,1.2679722209627426,-12.950199581937676,-5.841113680487467,-12.950199581937676,3.4398269470682012,0.206346787367229,0.7566216006493205,0.21966017621705694,0.4881408884331887,nan,nan,0.3477002461603207,-12.03533218691057
Chebyshev-I,1350.0,2050.0,0.9614397531115519,-12.950199581937676,-5.994379914413062,-12.950199581937676,3.165679392864123,0.206346787367229,0.7450637491367378,0.21966017621705694,0.48236196267689735,nan,nan,0.2705898095461779,-12.045935399120461
Chebyshev-I,1400.0,2050.0,0.8974554691634864,-12.950199581937676,-6.026372056387095,-12.950199581937676,3.113991087648622,0.206346787367229,0.7426160713202321,0.21966017621705694,0.4811381237686445,nan,nan,0.2641228969778934,-12.06744139377443
Chebyshev-I,1450.0,2050.0,0.8326622181468059,-12.950199581937676,-6.058768681895435,-12.950199581937676,3.063110151858128,0.206346787367229,0.7401253939859203,0.21966017621705694,0.4798927851014886,nan,nan,0.25521573798559993,-12.084514378632498
Chebyshev-I,1500.0,2050.0,0.7322528012330014,-12.950199581937676,-6.108973390352338,-12.950199581937676,2.9843897001349817,0.206346787367229,0.7362420004886925,0.21966017621705694,0.4779510883528747,nan,nan,0.24109699743449345,-12.110364999484416
Chebyshev-I,900.0,2050.0,1.0949222482294005,-12.950199581937676,-5.927638666854138,-12.950199581937676,3.335570813648445,0.206346787367229,0.7501313527331862,0.21966017621705694,0.48489576447512156,nan,nan,0.35903538903177884,-12.151017706936292
Chebyshev-I,850.0,2050.0,0.8643489388386393,-12.950199581937676,-6.042925321549519,-12.950199581937676,3.166060668915426,0.206346787367229,0.741344949867729,0.21966017621705694,0.48050256304239297,nan,nan,0.3667209954356749,-12.290461977304922
Chebyshev-I,800.0,2050.0,0.597287184032136,-12.950199581937676,-6.17645619895277,-12.950199581937676,2.9623512808562897,0.206346787367229,0.7309777848492451,0.21966017621705694,0.475318980533151,nan,nan,0.3693566526586592,-12.439631334172624
Chebyshev-I,650.0,2050.0,0.8900334297552294,-12.950199581937676,-6.030083076091223,-12.950199581937676,3.3294351968193308,0.206346787367229,0.7423313776628405,0.21966017621705694,0.4809957769399487,nan,nan,0.44898480413578873,-12.44116092145174
Chebyshev-I,750.0,2050.0,0.6476834360595298,-12.950199581937676,-6.151258072939073,-12.950199581937676,3.028279306065768,0.206346787367229,0.7329493204858791,0.21966017621705694,0.476304748351468,nan,nan,0.3887473847287624,-12.4512431366625
Chebyshev-I,700.0,2050.0,0.7453266725668641,-12.950199581937676,-6.102436454685406,-12.950199581937676,3.141641749799425,0.206346787367229,0.7367492498410951,0.21966017621705694,0.478204713029076,nan,nan,0.4192536247030058,-12.459634069002105
Chebyshev-I,1200.0,2100.0,1.2529567073996453,-13.509909159962547,-6.1284762262814505,-13.509909159962547,3.4095408238078995,0.18345823078137785,0.7560620571007278,0.20655536637075475,0.4813087117357413,nan,nan,0.30761095904337227,-12.536035300877986
Chebyshev-I,1250.0,2100.0,1.2077187811681152,-13.509909159962547,-6.151095189397216,-13.509909159962547,3.3696153366023402,0.18345823078137785,0.7543721185758427,0.20655536637075475,0.48046374247329876,nan,nan,0.29608390358358455,-12.53729009159906
Chebyshev-I,1150.0,2100.0,1.2551302890653924,-13.509909159962547,-6.127389435448578,-13.509909159962547,3.4131873010671265,0.18345823078137785,0.7561430971063235,0.20655536637075475,0.48134923173853916,nan,nan,0.31501999992282825,-12.54968555179843
Chebyshev-I,600.0,2050.0,0.763312943466572,-12.950199581937676,-6.093443319235552,-12.950199581937676,3.3109193170438904,0.206346787367229,0.7374463100114975,0.21966017621705694,0.4785532431142772,nan,nan,0.47738613691082876,-12.566208897797495
Chebyshev-I,1100.0,2100.0,1.2399171920602359,-13.509909159962547,-6.134995983951155,-13.509909159962547,3.400266363731606,0.18345823078137785,0.7555755864667372,0.20655536637075475,0.481065476418746,nan,nan,0.3209751205121217,-12.56976985211918
Chebyshev-I,1300.0,2100.0,1.0841783227783732,-13.509909159962547,-6.212865418592087,-13.509909159962547,3.2667470173902595,0.18345823078137785,0.7497254209306236,0.20655536637075475,0.47814039365068917,nan,nan,0.2832022883005243,-12.577943787873032
Chebyshev-I,1050.0,2100.0,1.235172965962004,-13.509909159962547,-6.137368097000271,-13.509909159962547,3.4061708197274605,0.18345823078137785,0.7553984623889388,0.20655536637075475,0.4809769143798468,nan,nan,0.328289991817904,-12.58694883185766
Chebyshev-I,1000.0,2100.0,1.2660797144179265,-13.509909159962547,-6.12191472277231,-13.509909159962547,3.4355235800936894,0.18345823078137785,0.7565511157624435,0.20655536637075475,0.48155324106659914,nan,nan,0.3413173658778708,-12.596397552376127
Chebyshev-I,950.0,2100.0,1.2679722209627426,-13.509909159962547,-6.120968469499902,-13.509909159962547,3.4398269470682012,0.18345823078137785,0.7566216006493205,0.20655536637075475,0.48158848351003763,nan,nan,0.3515315015056209,-12.61580908547234
Chebyshev-I,1350.0,2100.0,0.9614397531115519,-13.509909159962547,-6.274234703425497,-13.509909159962547,3.165679392864123,0.18345823078137785,0.7450637491367378,0.20655536637075475,0.4758095577537463,nan,nan,0.27549211919177147,-12.628554406282822
Chebyshev-I,1400.0,2100.0,0.8974554691634864,-13.509909159962547,-6.3062268453995305,-13.509909159962547,3.113991087648622,0.18345823078137785,0.7426160713202321,0.20655536637075475,0.47458571884549344,nan,nan,0.2691402714231146,-12.650290530536045
Chebyshev-I,1450.0,2100.0,0.8326622181468059,-13.509909159962547,-6.33862347090787,-13.509909159962547,3.063110151858128,0.18345823078137785,0.7401253939859203,0.20655536637075475,0.4733403801783375,nan,nan,0.26039890128481225,-12.667695093102093
Chebyshev-I,1500.0,2100.0,0.7322528012330014,-13.509909159962547,-6.388828179364773,-13.509909159962547,2.9843897001349817,0.18345823078137785,0.7362420004886925,0.20655536637075475,0.47139868342972363,nan,nan,0.24656383552494207,-12.694113063536482
Chebyshev-I,900.0,2100.0,1.0949222482294005,-13.509909159962547,-6.207493455866573,-13.509909159962547,3.335570813648445,0.18345823078137785,0.7501313527331862,0.20655536637075475,0.4783433595519705,nan,nan,0.3627469529117586,-12.731255222567423
Chebyshev-I,850.0,2100.0,0.8643489388386393,-13.509909159962547,-6.322780110561954,-13.509909159962547,3.166060668915426,0.18345823078137785,0.741344949867729,0.20655536637075475,0.4739501581192419,nan,nan,0.37035548583594335,-12.87054534597663
Chebyshev-I,1200.0,2150.0,1.2529567073996453,-13.969700163200677,-6.358371727900516,-13.969700163200677,3.4095408238078995,0.16606887283361077,0.7560620571007278,0.19632682692862075,0.4761944420146743,nan,nan,0.31119846809851653,-13.013229861668538
Chebyshev-I,1250.0,2150.0,1.2077187811681152,-13.969700163200677,-6.380990691016281,-13.969700163200677,3.3696153366023402,0.16606887283361077,0.7543721185758427,0.19632682692862075,0.4753494727522317,nan,nan,0.2998091217696333,-13.014760070651423
Chebyshev-I,800.0,2100.0,0.597287184032136,-13.509909159962547,-6.456310987965205,-13.509909159962547,2.9623512808562897,0.18345823078137785,0.7309777848492451,0.20655536637075475,0.46876657560999996,nan,nan,0.3729654142838556,-13.01966324529419
Chebyshev-I,650.0,2100.0,0.8900334297552294,-13.509909159962547,-6.309937865103659,-13.509909159962547,3.3294351968193308,0.18345823078137785,0.7423313776628405,0.20655536637075475,0.47444337201679765,nan,nan,0.4519582079543456,-13.019922116960029
Chebyshev-I,1150.0,2150.0,1.2551302890653924,-13.969700163200677,-6.357284937067643,-13.969700163200677,3.4131873010671265,0.16606887283361077,0.7561430971063235,0.19632682692862075,0.4762349620174722,nan,nan,0.31852419138033433,-13.026713477393708
Chebyshev-I,750.0,2100.0,0.6476834360595298,-13.509909159962547,-6.431112861951508,-13.509909159962547,3.028279306065768,0.18345823078137785,0.7329493204858791,0.20655536637075475,0.46975234342831695,nan,nan,0.39217785045653,-13.030918455989209
Chebyshev-I,700.0,2100.0,0.7453266725668641,-13.509909159962547,-6.382291243697841,-13.509909159962547,3.141641749799425,0.18345823078137785,0.7367492498410951,0.20655536637075475,0.47165230810592496,nan,nan,0.4224363193176163,-13.038813846102498
Chebyshev-I,1100.0,2150.0,1.2399171920602359,-13.969700163200677,-6.3648914855702206,-13.969700163200677,3.400266363731606,0.16606887283361077,0.7555755864667372,0.19632682692862075,0.475951206697679,nan,nan,0.32441510287745245,-13.046669359530107
Chebyshev-I,1300.0,2150.0,1.0841783227783732,-13.969700163200677,-6.442760920211152,-13.969700163200677,3.2667470173902595,0.16606887283361077,0.7497254209306236,0.19632682692862075,0.4730261239296222,nan,nan,0.2870942545273541,-13.055747263006957
Chebyshev-I,1050.0,2150.0,1.235172965962004,-13.969700163200677,-6.367263598619337,-13.969700163200677,3.4061708197274605,0.16606887283361077,0.7553984623889388,0.19632682692862075,0.4758626446587798,nan,nan,0.33165417961924337,-13.063696750140602
Chebyshev-I,1000.0,2150.0,1.2660797144179265,-13.969700163200677,-6.351810224391375,-13.969700163200677,3.4355235800936894,0.16606887283361077,0.7565511157624435,0.19632682692862075,0.47643897134553215,nan,nan,0.34455441441057943,-13.072891192121809
Chebyshev-I,950.0,2150.0,1.2679722209627426,-13.969700163200677,-6.350863971118967,-13.969700163200677,3.4398269470682012,0.16606887283361077,0.7566216006493205,0.19632682692862075,0.4764742137889706,nan,nan,0.35467530203627756,-13.092116229213918
Chebyshev-I,1350.0,2150.0,0.9614397531115519,-13.969700163200677,-6.504130205044563,-13.969700163200677,3.165679392864123,0.16606887283361077,0.7450637491367378,0.19632682692862075,0.47069528803267924,nan,nan,0.2794905175371192,-13.10657074565378
Chebyshev-I,1400.0,2150.0,0.8974554691634864,-13.969700163200677,-6.536122347018596,-13.969700163200677,3.113991087648622,0.16606887283361077,0.7426160713202321,0.19632682692862075,0.4694714491244264,nan,nan,0.2732300182045185,-13.12848956677912
Chebyshev-I,600.0,2100.0,0.763312943466572,-13.509909159962547,-6.373298108247988,-13.509909159962547,3.3109193170438904,0.18345823078137785,0.7374463100114975,0.20655536637075475,0.47200083819112615,nan,nan,0.48018376504822846,-13.144618541943466
Chebyshev-I,1450.0,2150.0,0.8326622181468059,-13.969700163200677,-6.5685189725269355,-13.969700163200677,3.063110151858128,0.16606887283361077,0.7401253939859203,0.19632682692862075,0.4682261104572705,nan,nan,0.26462041400053965,-13.146157661213811
Chebyshev-I,1500.0,2150.0,0.7322528012330014,-13.969700163200677,-6.618723680983838,-13.969700163200677,2.9843897001349817,0.16606887283361077,0.7362420004886925,0.19632682692862075,0.4662844137086566,nan,nan,0.25101066309839076,-13.173026261363644
Chebyshev-I,900.0,2150.0,1.0949222482294005,-13.969700163200677,-6.437388957485639,-13.969700163200677,3.335570813648445,0.16606887283361077,0.7501313527331862,0.19632682692862075,0.4732290898309035,nan,nan,0.36579434576623165,-13.207369550956633
Chebyshev-I,1200.0,2200.0,1.2529567073996453,-14.268597805079043,-6.507820548839699,-14.268597805079043,3.4095408238078995,0.1551003816879027,0.7560620571007278,0.1899293768395972,0.4729957169701625,nan,nan,0.3142408769431986,-13.324609771325292
Chebyshev-I,1250.0,2200.0,1.2077187811681152,-14.268597805079043,-6.530439511955464,-14.268597805079043,3.3696153366023402,0.1551003816879027,0.7543721185758427,0.1899293768395972,0.47215074770772,nan,nan,0.30296571145748946,-13.326368341994526
Chebyshev-I,1150.0,2200.0,1.2551302890653924,-14.268597805079043,-6.506733758006826,-14.268597805079043,3.4131873010671265,0.1551003816879027,0.7561430971063235,0.1899293768395972,0.4730362369729604,nan,nan,0.32149733189271357,-13.337954850385852
Chebyshev-I,850.0,2150.0,0.8643489388386393,-13.969700163200677,-6.5526756121810195,-13.969700163200677,3.166060668915426,0.16606887283361077,0.741344949867729,0.19632682692862075,0.4688358883981749,nan,nan,0.3733407384324939,-13.346535393849996
Chebyshev-I,1100.0,2200.0,1.2399171920602359,-14.268597805079043,-6.514340306509403,-14.268597805079043,3.400266363731606,0.1551003816879027,0.7555755864667372,0.1899293768395972,0.4727524816531672,nan,nan,0.3273347922357712,-13.357803830214134
Chebyshev-I,1300.0,2200.0,1.0841783227783732,-14.268597805079043,-6.592209741150335,-14.268597805079043,3.2667470173902595,0.1551003816879027,0.7497254209306236,0.1899293768395972,0.4698273988851104,nan,nan,0.29038866619161946,-13.367631178302876
Chebyshev-I,1050.0,2200.0,1.235172965962004,-14.268597805079043,-6.5167124195585195,-14.268597805079043,3.4061708197274605,0.1551003816879027,0.7553984623889388,0.1899293768395972,0.472663919614268,nan,nan,0.33451067549492913,-13.374704833859363
Chebyshev-I,1000.0,2200.0,1.2660797144179265,-14.268597805079043,-6.501259045330558,-14.268597805079043,3.4355235800936894,0.1551003816879027,0.7565511157624435,0.1899293768395972,0.47324024630102035,nan,nan,0.34730491074218195,-13.383687276752404
Chebyshev-I,950.0,2200.0,1.2679722209627426,-14.268597805079043,-6.50031279205815,-14.268597805079043,3.4398269470682012,0.1551003816879027,0.7566216006493205,0.1899293768395972,0.47327548874445885,nan,nan,0.3573478973544676,-13.402756511817689
Chebyshev-I,1350.0,2200.0,0.9614397531115519,-14.268597805079043,-6.6535790259837455,-14.268597805079043,3.165679392864123,0.1551003816879027,0.7450637491367378,0.1899293768395972,0.4674965629881675,nan,nan,0.2828730427329726,-13.418630888012876
Chebyshev-I,1400.0,2200.0,0.8974554691634864,-14.268597805079043,-6.685571167957779,-14.268597805079043,3.113991087648622,0.1551003816879027,0.7426160713202321,0.1899293768395972,0.46627272407991466,nan,nan,0.27668822511885854,-13.44070107257519
Chebyshev-I,1450.0,2200.0,0.8326622181468059,-14.268597805079043,-6.717967793466118,-14.268597805079043,3.063110151858128,0.1551003816879027,0.7401253939859203,0.1899293768395972,0.46502738541275873,nan,nan,0.2681876672875899,-13.458587259755301
Chebyshev-I,1500.0,2200.0,0.7322528012330014,-14.268597805079043,-6.768172501923021,-14.268597805079043,2.9843897001349817,0.1551003816879027,0.7362420004886925,0.1899293768395972,0.46308568866414485,nan,nan,0.25476409266061495,-13.485828212455482
Chebyshev-I,650.0,2150.0,0.8900334297552294,-13.969700163200677,-6.539833366722724,-13.969700163200677,3.3294351968193308,0.16606887283361077,0.7423313776628405,0.19632682692862075,0.46932910229573066,nan,nan,0.45440778294007655,-13.494840809611755
Chebyshev-I,800.0,2150.0,0.597287184032136,-13.969700163200677,-6.68620648958427,-13.969700163200677,2.9623512808562897,0.16606887283361077,0.7309777848492451,0.19632682692862075,0.4636523058889329,nan,nan,0.375930053768214,-13.495612066943172
Chebyshev-I,750.0,2150.0,0.6476834360595298,-13.969700163200677,-6.6610083635705735,-13.969700163200677,3.028279306065768,0.16606887283361077,0.7329493204858791,0.19632682692862075,0.46463807370724997,nan,nan,0.39499823577071114,-13.506578769297835
Chebyshev-I,700.0,2150.0,0.7453266725668641,-13.969700163200677,-6.612186745316906,-13.969700163200677,3.141641749799425,0.16606887283361077,0.7367492498410951,0.19632682692862075,0.46653803838485797,nan,nan,0.4250559148637647,-13.514072579875059
Chebyshev-I,900.0,2200.0,1.0949222482294005,-14.268597805079043,-6.5868377784248215,-14.268597805079043,3.335570813648445,0.1551003816879027,0.7501313527331862,0.1899293768395972,0.4700303647863917,nan,nan,0.3683862941637281,-13.517848539719015
Chebyshev-I,1200.0,2250.0,1.2529567073996453,-14.486643902332741,-6.616843597466548,-14.486643902332741,3.4095408238078995,0.14745735798655127,0.7560620571007278,0.18538464029993795,0.4707233487003329,nan,nan,0.31686807075333023,-13.552454992738912
Chebyshev-I,1250.0,2250.0,1.2077187811681152,-14.486643902332741,-6.639462560582313,-14.486643902332741,3.3696153366023402,0.14745735798655127,0.7543721185758427,0.18538464029993795,0.46987837943789035,nan,nan,0.3056898583637441,-13.55440746960039
Chebyshev-I,1150.0,2250.0,1.2551302890653924,-14.486643902332741,-6.615756806633675,-14.486643902332741,3.4131873010671265,0.14745735798655127,0.7561430971063235,0.18538464029993795,0.47076386870313075,nan,nan,0.32406584604040023,-13.565682712474585
Chebyshev-I,1100.0,2250.0,1.2399171920602359,-14.486643902332741,-6.623363355136252,-14.486643902332741,3.400266363731606,0.14745735798655127,0.7555755864667372,0.18538464029993795,0.47048011338333756,nan,nan,0.3298578672602313,-13.58544081405641
Chebyshev-I,1300.0,2250.0,1.0841783227783732,-14.486643902332741,-6.701232789777184,-14.486643902332741,3.2667470173902595,0.14745735798655127,0.7497254209306236,0.18538464029993795,0.46755503061528075,nan,nan,0.2932295141573199,-13.595903708027633
Chebyshev-I,1050.0,2250.0,1.235172965962004,-14.486643902332741,-6.625735468185368,-14.486643902332741,3.4061708197274605,0.14745735798655127,0.7553984623889388,0.18538464029993795,0.4703915513444384,nan,nan,0.33698007367431937,-13.6022344640115
Chebyshev-I,1000.0,2250.0,1.2660797144179265,-14.486643902332741,-6.610282093957407,-14.486643902332741,3.4355235800936894,0.14745735798655127,0.7565511157624435,0.18538464029993795,0.4709678780311907,nan,nan,0.34968384444196954,-13.611035977945335
Chebyshev-I,600.0,2150.0,0.763312943466572,-13.969700163200677,-6.603193609867053,-13.969700163200677,3.3109193170438904,0.16606887283361077,0.7374463100114975,0.19632682692862075,0.46688656847005916,nan,nan,0.48249002624298803,-13.619250607013248
Chebyshev-I,950.0,2250.0,1.2679722209627426,-14.486643902332741,-6.609335840684999,-14.486643902332741,3.4398269470682012,0.14745735798655127,0.7566216006493205,0.18538464029993795,0.4710031204746292,nan,nan,0.3596604778974905,-13.629972506697092
Chebyshev-I,1350.0,2250.0,0.9614397531115519,-14.486643902332741,-6.762602074610594,-14.486643902332741,3.165679392864123,0.14745735798655127,0.7450637491367378,0.18538464029993795,0.46522419471833787,nan,nan,0.28578827469385565,-13.647052185728
Chebyshev-I,850.0,2200.0,0.8643489388386393,-14.268597805079043,-6.702124433120202,-14.268597805079043,3.166060668915426,0.1551003816879027,0.741344949867729,0.1899293768395972,0.4656371633536631,nan,nan,0.37588062743715456,-13.656910263826706
Chebyshev-I,1400.0,2250.0,0.8974554691634864,-14.486643902332741,-6.794594216584628,-14.486643902332741,3.113991087648622,0.14745735798655127,0.7426160713202321,0.18538464029993795,0.46400035581008503,nan,nan,0.27966721478989814,-13.669249885710624
Chebyshev-I,1450.0,2250.0,0.8326622181468059,-14.486643902332741,-6.826990842092967,-14.486643902332741,3.063110151858128,0.14745735798655127,0.7401253939859203,0.18538464029993795,0.4627550171429291,nan,nan,0.2712588893511392,-13.687320537675756
Chebyshev-I,1500.0,2250.0,0.7322528012330014,-14.486643902332741,-6.87719555054987,-14.486643902332741,2.9843897001349817,0.14745735798655127,0.7362420004886925,0.18538464029993795,0.4608133203943152,nan,nan,0.25799248970462973,-13.714875840336868
Chebyshev-I,900.0,2250.0,1.0949222482294005,-14.486643902332741,-6.69586082705167,-14.486643902332741,3.335570813648445,0.14745735798655127,0.7501313527331862,0.18538464029993795,0.4677579965165621,nan,nan,0.37063000133371465,-13.744926787852345
Chebyshev-I,1200.0,2300.0,1.2529567073996453,-14.700532698282307,-6.723787995441331,-14.700532698282307,3.4095408238078995,0.14058360779582596,0.7560620571007278,0.18102486910263066,0.46854346310167927,nan,nan,0.31897444494409466,-13.774916308267317
Chebyshev-I,1250.0,2300.0,1.2077187811681152,-14.700532698282307,-6.746406958557096,-14.700532698282307,3.3696153366023402,0.14058360779582596,0.7543721185758427,0.18102486910263066,0.4676984938392367,nan,nan,0.3078726289611917,-13.777021577942161
Chebyshev-I,1150.0,2300.0,1.2551302890653924,-14.700532698282307,-6.722701204608457,-14.700532698282307,3.4131873010671265,0.14058360779582596,0.7561430971063235,0.18102486910263066,0.46858398310447713,nan,nan,0.3261257654983958,-13.788051118537448
Chebyshev-I,650.0,2200.0,0.8900334297552294,-14.268597805079043,-6.689282187661907,-14.268597805079043,3.3294351968193308,0.1551003816879027,0.7423313776628405,0.1899293768395972,0.46613037725121886,nan,nan,0.4564968917686216,-13.804314119236235
Chebyshev-I,800.0,2200.0,0.597287184032136,-14.268597805079043,-6.835655310523453,-14.268597805079043,2.9623512808562897,0.1551003816879027,0.7309777848492451,0.1899293768395972,0.4604535808444212,nan,nan,0.3784525269499823,-13.805952105274098
Chebyshev-I,1100.0,2300.0,1.2399171920602359,-14.700532698282307,-6.730307753111036,-14.700532698282307,3.400266363731606,0.14058360779582596,0.7555755864667372,0.18102486910263066,0.46830022778468394,nan,nan,0.3318818266173952,-13.807737299917612
Chebyshev-I,750.0,2200.0,0.6476834360595298,-14.268597805079043,-6.810457184509756,-14.268597805079043,3.028279306065768,0.1551003816879027,0.7329493204858791,0.1899293768395972,0.46143934866273817,nan,nan,0.3973997009562709,-13.816676791636343
Chebyshev-I,1300.0,2300.0,1.0841783227783732,-14.700532698282307,-6.8081771877519675,-14.700532698282307,3.2667470173902595,0.14058360779582596,0.7497254209306236,0.18102486910263066,0.46537514501662713,nan,nan,0.29550410338042654,-13.818701453620719
Chebyshev-I,700.0,2200.0,0.7453266725668641,-14.268597805079043,-6.761635566256089,-14.268597805079043,3.141641749799425,0.1551003816879027,0.7367492498410951,0.1899293768395972,0.46333931334034617,nan,nan,0.42728856317429054,-13.823832968463499
Chebyshev-I,1050.0,2300.0,1.235172965962004,-14.700532698282307,-6.732679866160152,-14.700532698282307,3.4061708197274605,0.14058360779582596,0.7553984623889388,0.18102486910263066,0.46821166574578477,nan,nan,0.33896149027621064,-13.824445864362158
Chebyshev-I,1000.0,2300.0,1.2660797144179265,-14.700532698282307,-6.71722649193219,-14.700532698282307,3.4355235800936894,0.14058360779582596,0.7565511157624435,0.18102486910263066,0.4687879924325371,nan,nan,0.35159371699387987,-13.83310429019603
Chebyshev-I,950.0,2300.0,1.2679722209627426,-14.700532698282307,-6.716280238659783,-14.700532698282307,3.4398269470682012,0.14058360779582596,0.7566216006493205,0.18102486910263066,0.46882323487597555,nan,nan,0.3615176515987051,-13.851935421246395
Chebyshev-I,1350.0,2300.0,0.9614397531115519,-14.700532698282307,-6.869546472585378,-14.700532698282307,3.165679392864123,0.14058360779582596,0.7450637491367378,0.18102486910263066,0.4630443091196842,nan,nan,0.28812144954148666,-13.869967102570136
Chebyshev-I,850.0,2250.0,0.8643489388386393,-14.486643902332741,-6.811147481747051,-14.486643902332741,3.166060668915426,0.14745735798655127,0.741344949867729,0.18538464029993795,0.4633647950838335,nan,nan,0.3780799863237933,-13.88389981539334
Chebyshev-I,1400.0,2300.0,0.8974554691634864,-14.700532698282307,-6.901538614559411,-14.700532698282307,3.113991087648622,0.14058360779582596,0.7426160713202321,0.18102486910263066,0.46182047021143136,nan,nan,0.28205071873262616,-13.892265460742955
Chebyshev-I,1450.0,2300.0,0.8326622181468059,-14.700532698282307,-6.9339352400677505,-14.700532698282307,3.063110151858128,0.14058360779582596,0.7401253939859203,0.18102486910263066,0.46057513154427543,nan,nan,0.2737148589154699,-13.910481043951295
Chebyshev-I,600.0,2200.0,0.763312943466572,-14.268597805079043,-6.752642430806236,-14.268597805079043,3.3109193170438904,0.1551003816879027,0.7374463100114975,0.1899293768395972,0.46368784342554736,nan,nan,0.4844580142298198,-13.928481674954302
Chebyshev-I,1500.0,2300.0,0.7322528012330014,-14.700532698282307,-6.984139948524653,-14.700532698282307,2.9843897001349817,0.14058360779582596,0.7362420004886925,0.18102486910263066,0.45863343479566154,nan,nan,0.2605719498662725,-13.93828332780703
Chebyshev-I,900.0,2300.0,1.0949222482294005,-14.700532698282307,-6.802805225026454,-14.700532698282307,3.335570813648445,0.14058360779582596,0.7501313527331862,0.18102486910263066,0.46557811091790846,nan,nan,0.3724324825803171,-13.966780317492425
Chebyshev-I,1200.0,2350.0,1.2529567073996453,-14.91345476111096,-6.8302490268556575,-14.91345476111096,3.4095408238078995,0.1340549845834345,0.7560620571007278,0.17677989223140803,0.4664209746660679,nan,nan,0.32061269836618767,-13.995359854811378
Chebyshev-I,1250.0,2350.0,1.2077187811681152,-14.91345476111096,-6.852867989971423,-14.91345476111096,3.3696153366023402,0.1340549845834345,0.7543721185758427,0.17677989223140803,0.46557600540362537,nan,nan,0.3095695244305614,-13.997582408580776
Chebyshev-I,1150.0,2350.0,1.2551302890653924,-14.91345476111096,-6.829162236022784,-14.91345476111096,3.4131873010671265,0.1340549845834345,0.7561430971063235,0.17677989223140803,0.4664614946688658,nan,nan,0.3277282092803301,-14.008423045801193
Chebyshev-I,1100.0,2350.0,1.2399171920602359,-14.91345476111096,-6.836768784525362,-14.91345476111096,3.400266363731606,0.1340549845834345,0.7555755864667372,0.17677989223140803,0.4661777393490726,nan,nan,0.333456698481014,-14.028054083344726
Chebyshev-I,650.0,2250.0,0.8900334297552294,-14.486643902332741,-6.798305236288756,-14.486643902332741,3.3294351968193308,0.14745735798655127,0.7423313776628405,0.18538464029993795,0.46385800898138924,nan,nan,0.45830945388031075,-14.03053007725297
Chebyshev-I,800.0,2250.0,0.597287184032136,-14.486643902332741,-6.944678359150302,-14.486643902332741,2.9623512808562897,0.14745735798655127,0.7309777848492451,0.18538464029993795,0.45818121257459155,nan,nan,0.3806369526148322,-14.032911790397154
Chebyshev-I,1300.0,2350.0,1.0841783227783732,-14.91345476111096,-6.914638219166294,-14.91345476111096,3.2667470173902595,0.1340549845834345,0.7497254209306236,0.17677989223140803,0.4632526565810158,nan,nan,0.2972716401357396,-14.03940356683122
Chebyshev-I,750.0,2250.0,0.6476834360595298,-14.486643902332741,-6.919480233136605,-14.486643902332741,3.028279306065768,0.14745735798655127,0.7329493204858791,0.18538464029993795,0.45916698039290854,nan,nan,0.3994805344478045,-14.043429292412767
Chebyshev-I,1050.0,2350.0,1.235172965962004,-14.91345476111096,-6.839140897574478,-14.91345476111096,3.4061708197274605,0.1340549845834345,0.7553984623889388,0.17677989223140803,0.4660891773101734,nan,nan,0.34050356171312945,-14.04469704693587
Chebyshev-I,700.0,2250.0,0.7453266725668641,-14.486643902332741,-6.870658614882938,-14.486643902332741,3.141641749799425,0.14745735798655127,0.7367492498410951,0.18538464029993795,0.46106694507051654,nan,nan,0.429224503037787,-14.05029568198385
Chebyshev-I,1000.0,2350.0,1.2660797144179265,-14.91345476111096,-6.823687523346517,-14.91345476111096,3.4355235800936894,0.1340549845834345,0.7565511157624435,0.17677989223140803,0.46666550399692575,nan,nan,0.3530806822093359,-14.053245260326817
Chebyshev-I,950.0,2350.0,1.2679722209627426,-14.91345476111096,-6.8227412700741095,-14.91345476111096,3.4398269470682012,0.1340549845834345,0.7566216006493205,0.17677989223140803,0.46670074644036424,nan,nan,0.3629638795869638,-14.071994916922788
Chebyshev-I,1350.0,2350.0,0.9614397531115519,-14.91345476111096,-6.976007503999704,-14.91345476111096,3.165679392864123,0.1340549845834345,0.7450637491367378,0.17677989223140803,0.4609218206840729,nan,nan,0.28993376715458224,-14.090758777496204
Chebyshev-I,850.0,2300.0,0.8643489388386393,-14.700532698282307,-6.9180918797218345,-14.700532698282307,3.166060668915426,0.14058360779582596,0.741344949867729,0.18102486910263066,0.4611849094851799,nan,nan,0.3798470716970876,-14.105682553286803
Chebyshev-I,1400.0,2350.0,0.8974554691634864,-14.91345476111096,-7.0079996459737375,-14.91345476111096,3.113991087648622,0.1340549845834345,0.7426160713202321,0.17677989223140803,0.45969798177582005,nan,nan,0.2839016483159139,-14.113134359609406
Chebyshev-I,1450.0,2350.0,0.8326622181468059,-14.91345476111096,-7.040396271482077,-14.91345476111096,3.063110151858128,0.1340549845834345,0.7401253939859203,0.17677989223140803,0.4584526431086641,nan,nan,0.2756212708719027,-14.131460907564035
Chebyshev-I,600.0,2250.0,0.763312943466572,-14.486643902332741,-6.861665479433085,-14.486643902332741,3.3109193170438904,0.14745735798655127,0.7374463100114975,0.18538464029993795,0.46141547515571774,nan,nan,0.4861664575558374,-14.154489395399693
Chebyshev-I,1500.0,2350.0,0.7322528012330014,-14.91345476111096,-7.09060097993898,-14.91345476111096,2.9843897001349817,0.1340549845834345,0.7362420004886925,0.17677989223140803,0.45651094636005024,nan,nan,0.262572851125309,-14.159452170024979
Chebyshev-I,900.0,2350.0,1.0949222482294005,-14.91345476111096,-6.90926625644078,-14.91345476111096,3.335570813648445,0.1340549845834345,0.7501313527331862,0.17677989223140803,0.4634556224822971,nan,nan,0.37383658158015376,-14.186755555191974
Chebyshev-I,1200.0,2400.0,1.2529567073996453,-15.137378948394744,-6.942211120497549,-15.137378948394744,3.4095408238078995,0.1276434377956142,0.7560620571007278,0.172416152807731,0.46423910495422943,nan,nan,0.3220493344865467,-14.226521053759555
Chebyshev-I,1250.0,2400.0,1.2077187811681152,-15.137378948394744,-6.964830083613315,-15.137378948394744,3.3696153366023402,0.1276434377956142,0.7543721185758427,0.172416152807731,0.4633941356917869,nan,nan,0.31105712910387745,-14.228845544634869
Chebyshev-I,1150.0,2400.0,1.2551302890653924,-15.137378948394744,-6.941124329664676,-15.137378948394744,3.4131873010671265,0.1276434377956142,0.7561430971063235,0.172416152807731,0.4642796249570273,nan,nan,0.3291339257324008,-14.239522405412796
Chebyshev-I,650.0,2300.0,0.8900334297552294,-14.700532698282307,-6.905249634263539,-14.700532698282307,3.3294351968193308,0.14058360779582596,0.7423313776628405,0.18102486910263066,0.4616781233827356,nan,nan,0.45976828294992783,-14.251696302539075
Chebyshev-I,800.0,2300.0,0.597287184032136,-14.700532698282307,-7.051622757125085,-14.700532698282307,2.9623512808562897,0.14058360779582596,0.7309777848492451,0.18102486910263066,0.45600132697593787,nan,nan,0.3823922644404692,-14.254670981195302
Chebyshev-I,1100.0,2400.0,1.2399171920602359,-15.137378948394744,-6.948730878167254,-15.137378948394744,3.400266363731606,0.1276434377956142,0.7555755864667372,0.172416152807731,0.4639958696372341,nan,nan,0.3348383036102468,-14.259105220310651
Chebyshev-I,750.0,2300.0,0.6476834360595298,-14.700532698282307,-7.0264246311113885,-14.700532698282307,3.028279306065768,0.14058360779582596,0.7329493204858791,0.18102486910263066,0.4569870947942549,nan,nan,0.4011533562095045,-14.265023503083041
Chebyshev-I,1300.0,2400.0,1.0841783227783732,-15.137378948394744,-7.026600312808186,-15.137378948394744,3.2667470173902595,0.1276434377956142,0.7497254209306236,0.172416152807731,0.4610707868691773,nan,nan,0.2988204823029405,-14.270789177873086
Chebyshev-I,700.0,2300.0,0.7453266725668641,-14.700532698282307,-6.977603012857721,-14.700532698282307,3.141641749799425,0.14058360779582596,0.7367492498410951,0.18102486910263066,0.4588870594718629,nan,nan,0.430781883848177,-14.271659010751504
Chebyshev-I,1050.0,2400.0,1.235172965962004,-15.137378948394744,-6.95110299121637,-15.137378948394744,3.4061708197274605,0.1276434377956142,0.7553984623889388,0.172416152807731,0.46390730759833493,nan,nan,0.34185669216000913,-14.27569123453709
Chebyshev-I,1000.0,2400.0,1.2660797144179265,-15.137378948394744,-6.9356496169884085,-15.137378948394744,3.4355235800936894,0.1276434377956142,0.7565511157624435,0.172416152807731,0.46448363428508727,nan,nan,0.35438585331671735,-14.284143529249041
Chebyshev-I,950.0,2400.0,1.2679722209627426,-15.137378948394744,-6.934703363716,-15.137378948394744,3.4398269470682012,0.1276434377956142,0.7566216006493205,0.172416152807731,0.46451887672852576,nan,nan,0.36423365482103703,-14.302822394098396
Chebyshev-I,1350.0,2400.0,0.9614397531115519,-15.137378948394744,-7.087969597641596,-15.137378948394744,3.165679392864123,0.1276434377956142,0.7450637491367378,0.172416152807731,0.4587399509722344,nan,nan,0.29152155982848943,-14.322222289551478
Chebyshev-I,850.0,2350.0,0.8643489388386393,-14.91345476111096,-7.024552911136161,-14.91345476111096,3.166060668915426,0.1340549845834345,0.741344949867729,0.17677989223140803,0.4590624210495685,nan,nan,0.3812238996999547,-14.325603248992413
Chebyshev-I,1400.0,2400.0,0.8974554691634864,-15.137378948394744,-7.119961739615629,-15.137378948394744,3.113991087648622,0.1276434377956142,0.7426160713202321,0.172416152807731,0.4575161120639816,nan,nan,0.2855228056440446,-14.344664600973127
Chebyshev-I,1450.0,2400.0,0.8326622181468059,-15.137378948394744,-7.152358365123969,-15.137378948394744,3.063110151858128,0.1276434377956142,0.7401253939859203,0.172416152807731,0.45627077339682565,nan,nan,0.2772905380002046,-14.363087368528097
Chebyshev-I,600.0,2300.0,0.763312943466572,-14.700532698282307,-6.968609877407868,-14.700532698282307,3.3109193170438904,0.14058360779582596,0.7374463100114975,0.18102486910263066,0.4592355895570641,nan,nan,0.487541931412648,-14.37548891026019
Chebyshev-I,1500.0,2400.0,0.7322528012330014,-15.137378948394744,-7.202563073580872,-15.137378948394744,2.9843897001349817,0.1276434377956142,0.7362420004886925,0.172416152807731,0.45432907664821176,nan,nan,0.26432385601418323,-14.391242106510186
Chebyshev-I,900.0,2400.0,1.0949222482294005,-15.137378948394744,-7.021228350082672,-15.137378948394744,3.335570813648445,0.1276434377956142,0.7501313527331862,0.172416152807731,0.4612737527704586,nan,nan,0.37506945633418953,-14.417509231407506
Chebyshev-I,1200.0,2450.0,1.2529567073996453,-15.353711190416634,-7.050377241508494,-15.353711190416634,3.4095408238078995,0.12189523150794941,0.7560620571007278,0.16829655905036198,0.4621793080755449,nan,nan,0.32332042625150814,-14.449515073068739
Chebyshev-I,1250.0,2450.0,1.2077187811681152,-15.353711190416634,-7.07299620462426,-15.353711190416634,3.3696153366023402,0.12189523150794941,0.7543721185758427,0.16829655905036198,0.4613343388131024,nan,nan,0.31237300172662147,-14.451929125659614
Chebyshev-I,1150.0,2450.0,1.2551302890653924,-15.353711190416634,-7.04929045067562,-15.353711190416634,3.4131873010671265,0.12189523150794941,0.7561430971063235,0.16829655905036198,0.4622198280783428,nan,nan,0.33037770888522444,-14.4624618074977
Chebyshev-I,650.0,2350.0,0.8900334297552294,-14.91345476111096,-7.011710665677866,-14.91345476111096,3.3294351968193308,0.1340549845834345,0.7423313776628405,0.17677989223140803,0.45955563494712426,nan,nan,0.4609063298648458,-14.471139436068789
Chebyshev-I,800.0,2350.0,0.597287184032136,-14.91345476111096,-7.158083788539412,-14.91345476111096,2.9623512808562897,0.1340549845834345,0.7309777848492451,0.17677989223140803,0.45387883854032657,nan,nan,0.383759876727119,-14.474573245468477
Chebyshev-I,1100.0,2450.0,1.2399171920602359,-15.353711190416634,-7.056896999178199,-15.353711190416634,3.400266363731606,0.12189523150794941,0.7555755864667372,0.16829655905036198,0.4619360727585496,nan,nan,0.3360609094233547,-14.482002267716126
Chebyshev-I,750.0,2350.0,0.6476834360595298,-14.91345476111096,-7.132885662525715,-14.91345476111096,3.028279306065768,0.1340549845834345,0.7329493204858791,0.17677989223140803,0.45486460635864356,nan,nan,0.4024572860163342,-14.484798402396576
Chebyshev-I,700.0,2350.0,0.7453266725668641,-14.91345476111096,-7.084064044272048,-14.91345476111096,3.141641749799425,0.1340549845834345,0.7367492498410951,0.17677989223140803,0.45676457103625157,nan,nan,0.4319962895546099,-14.491254861864245
Chebyshev-I,1300.0,2450.0,1.0841783227783732,-15.353711190416634,-7.134766433819131,-15.353711190416634,3.2667470173902595,0.12189523150794941,0.7497254209306236,0.16829655905036198,0.4590109899904928,nan,nan,0.3001899001176655,-14.493979849281793
Chebyshev-I,1050.0,2450.0,1.235172965962004,-15.353711190416634,-7.059269112227315,-15.353711190416634,3.4061708197274605,0.12189523150794941,0.7553984623889388,0.16829655905036198,0.4618475107196504,nan,nan,0.34305447196208266,-14.498538629920496
Chebyshev-I,1000.0,2450.0,1.2660797144179265,-15.353711190416634,-7.043815737999354,-15.353711190416634,3.4355235800936894,0.12189523150794941,0.7565511157624435,0.16829655905036198,0.46242383740640275,nan,nan,0.35554131605452766,-14.50690629050392
Chebyshev-I,950.0,2450.0,1.2679722209627426,-15.353711190416634,-7.042869484726946,-15.353711190416634,3.4398269470682012,0.12189523150794941,0.7566216006493205,0.16829655905036198,0.46245907984984125,nan,nan,0.3653579721995497,-14.525522864634679
Chebyshev-I,1350.0,2450.0,0.9614397531115519,-15.353711190416634,-7.196135718652541,-15.353711190416634,3.165679392864123,0.12189523150794941,0.7450637491367378,0.16829655905036198,0.4566801540935499,nan,nan,0.2929250381780502,-14.545481082029859
Chebyshev-I,850.0,2400.0,0.8643489388386393,-15.137378948394744,-7.136515004778053,-15.137378948394744,3.166060668915426,0.1276434377956142,0.741344949867729,0.172416152807731,0.45688055133773003,nan,nan,0.3824329640524983,-14.55630930440496
Chebyshev-I,1400.0,2450.0,0.8974554691634864,-15.353711190416634,-7.228127860626574,-15.353711190416634,3.113991087648622,0.12189523150794941,0.7426160713202321,0.16829655905036198,0.45545631518529706,nan,nan,0.2869555109793232,-14.567981847422944
Chebyshev-I,1450.0,2450.0,0.8326622181468059,-15.353711190416634,-7.260524486134914,-15.353711190416634,3.063110151858128,0.12189523150794941,0.7401253939859203,0.16829655905036198,0.45421097651814113,nan,nan,0.27876539113148935,-14.58648891056993
Chebyshev-I,600.0,2350.0,0.763312943466572,-14.91345476111096,-7.075070908822195,-14.91345476111096,3.3109193170438904,0.1340549845834345,0.7374463100114975,0.17677989223140803,0.45711310112145276,nan,nan,0.48861528023820366,-14.594802647611177
Chebyshev-I,1500.0,2450.0,0.7322528012330014,-15.353711190416634,-7.310729194591817,-15.353711190416634,2.9843897001349817,0.12189523150794941,0.7362420004886925,0.16829655905036198,0.45226927976952724,nan,nan,0.26587027200303304,-14.614786774267147
Chebyshev-I,900.0,2450.0,1.0949222482294005,-15.353711190416634,-7.129394471093617,-15.353711190416634,3.335570813648445,0.12189523150794941,0.7501313527331862,0.16829655905036198,0.4592139558917741,nan,nan,0.3761614622831892,-14.640145079084766
Chebyshev-I,1200.0,2500.0,1.2529567073996453,-15.541756351167155,-7.144399821883755,-15.541756351167155,3.4095408238078995,0.11703775857124289,0.7560620571007278,0.16479110234292338,0.4604265797218256,nan,nan,0.3243713940519646,-14.64316762612761
Chebyshev-I,1250.0,2500.0,1.2077187811681152,-15.541756351167155,-7.16701878499952,-15.541756351167155,3.3696153366023402,0.11703775857124289,0.7543721185758427,0.16479110234292338,0.45958161045938306,nan,nan,0.31346056908576947,-14.64565487783587
Chebyshev-I,1150.0,2500.0,1.2551302890653924,-15.541756351167155,-7.143313031050882,-15.541756351167155,3.4131873010671265,0.11703775857124289,0.7561430971063235,0.16479110234292338,0.46046709972462346,nan,nan,0.3314062580454134,-14.65606952327604
Chebyshev-I,1100.0,2500.0,1.2399171920602359,-15.541756351167155,-7.1509195795534595,-15.541756351167155,3.400266363731606,0.11703775857124289,0.7555755864667372,0.16479110234292338,0.4601833444048303,nan,nan,0.3370721932213243,-14.675575452770024
Chebyshev-I,1300.0,2500.0,1.0841783227783732,-15.541756351167155,-7.228789014194391,-15.541756351167155,3.2667470173902595,0.11703775857124289,0.7497254209306236,0.16479110234292338,0.45725826163677347,nan,nan,0.30132143960847907,-14.687793545721382
Chebyshev-I,1050.0,2500.0,1.235172965962004,-15.541756351167155,-7.153291692602576,-15.541756351167155,3.4061708197274605,0.11703775857124289,0.7553984623889388,0.16479110234292338,0.4600947823659311,nan,nan,0.3440451050326918,-14.692070513519674
Chebyshev-I,1000.0,2500.0,1.2660797144179265,-15.541756351167155,-7.137838318374614,-15.541756351167155,3.4355235800936894,0.11703775857124289,0.7565511157624435,0.16479110234292338,0.46067110905268344,nan,nan,0.3564973055551934,-14.700368886963211
Chebyshev-I,650.0,2400.0,0.8900334297552294,-15.137378948394744,-7.123672759319757,-15.137378948394744,3.3294351968193308,0.1276434377956142,0.7423313776628405,0.172416152807731,0.4573737652352858,nan,nan,0.46190700618537345,-14.701428715417306
Chebyshev-I,800.0,2400.0,0.597287184032136,-15.137378948394744,-7.270045882181304,-15.137378948394744,2.9623512808562897,0.1276434377956142,0.7309777848492451,0.172416152807731,0.4516969688284881,nan,nan,0.3849609666639971,-14.705263352049695
Chebyshev-I,750.0,2400.0,0.6476834360595298,-15.137378948394744,-7.244847756167607,-15.137378948394744,3.028279306065768,0.1276434377956142,0.7329493204858791,0.172416152807731,0.4526827366468051,nan,nan,0.4036027807345625,-14.715377318540494
Chebyshev-I,950.0,2500.0,1.2679722209627426,-15.541756351167155,-7.136892065102206,-15.541756351167155,3.4398269470682012,0.11703775857124289,0.7566216006493205,0.16479110234292338,0.46070635149612194,nan,nan,0.3662883081554798,-14.718934154004499
Chebyshev-I,700.0,2400.0,0.7453266725668641,-15.137378948394744,-7.19602613791394,-15.137378948394744,3.141641749799425,0.1276434377956142,0.7367492498410951,0.172416152807731,0.4545827013244131,nan,nan,0.4330636575684163,-14.721677524599318
Chebyshev-I,1350.0,2500.0,0.9614397531115519,-15.541756351167155,-7.2901582990278015,-15.541756351167155,3.165679392864123,0.11703775857124289,0.7450637491367378,0.16479110234292338,0.4549274257398306,nan,nan,0.2940844505085251,-14.739350524148769
Chebyshev-I,1400.0,2500.0,0.8974554691634864,-15.541756351167155,-7.322150441001835,-15.541756351167155,3.113991087648622,0.11703775857124289,0.7426160713202321,0.16479110234292338,0.45370358683157774,nan,nan,0.28813892178713135,-14.761899286496519
Chebyshev-I,850.0,2450.0,0.8643489388386393,-15.353711190416634,-7.244681125788998,-15.353711190416634,3.166060668915426,0.12189523150794941,0.741344949867729,0.16829655905036198,0.4548207544590455,nan,nan,0.3835039431224552,-14.778903098324134
Chebyshev-I,1450.0,2500.0,0.8326622181468059,-15.541756351167155,-7.354547066510174,-15.541756351167155,3.063110151858128,0.11703775857124289,0.7401253939859203,0.16479110234292338,0.4524582481644218,nan,nan,0.27998337027890446,-14.780475486322716
Chebyshev-I,1500.0,2500.0,0.7322528012330014,-15.541756351167155,-7.404751774967077,-15.541756351167155,2.9843897001349817,0.11703775857124289,0.7362420004886925,0.16479110234292338,0.45051655141580793,nan,nan,0.26714674273705197,-14.808890333193142
Chebyshev-I,1200.0,2550.0,1.2529567073996453,-15.712973773194406,-7.23000853289738,-15.712973773194406,3.4095408238078995,0.11266664049791086,0.7560620571007278,0.16165940063340964,0.45886072886706875,nan,nan,0.32532843677734086,-14.819430835315128
Chebyshev-I,1250.0,2550.0,1.2077187811681152,-15.712973773194406,-7.252627496013146,-15.712973773194406,3.3696153366023402,0.11266664049791086,0.7543721185758427,0.16165940063340964,0.4580157596046262,nan,nan,0.3144508636198646,-14.821984590640826
Chebyshev-I,600.0,2400.0,0.763312943466572,-15.137378948394744,-7.187033002464086,-15.137378948394744,3.3109193170438904,0.1276434377956142,0.7374463100114975,0.172416152807731,0.4549312314096143,nan,nan,0.48955919526986624,-14.82497840438196
Chebyshev-I,1150.0,2550.0,1.2551302890653924,-15.712973773194406,-7.228921742064507,-15.712973773194406,3.4131873010671265,0.11266664049791086,0.7561430971063235,0.16165940063340964,0.4589012488698666,nan,nan,0.33234306381027984,-14.832292258542536
Chebyshev-I,900.0,2500.0,1.0949222482294005,-15.541756351167155,-7.223417051468878,-15.541756351167155,3.335570813648445,0.11703775857124289,0.7501313527331862,0.16479110234292338,0.4574612275380548,nan,nan,0.37706512908484147,-14.833503030146028
Chebyshev-I,1100.0,2550.0,1.2399171920602359,-15.712973773194406,-7.236528290567085,-15.712973773194406,3.400266363731606,0.11266664049791086,0.7555755864667372,0.16165940063340964,0.4586174935500734,nan,nan,0.3379933134610371,-14.851766816986217
Chebyshev-I,1300.0,2550.0,1.0841783227783732,-15.712973773194406,-7.314397725208017,-15.712973773194406,3.2667470173902595,0.11266664049791086,0.7497254209306236,0.16165940063340964,0.4556924107820166,nan,nan,0.3023514933753974,-14.864202776991982
Chebyshev-I,1050.0,2550.0,1.235172965962004,-15.712973773194406,-7.238900403616201,-15.712973773194406,3.4061708197274605,0.11266664049791086,0.7553984623889388,0.16165940063340964,0.45852893151117424,nan,nan,0.34494764337929706,-14.86822471394965
Chebyshev-I,1000.0,2550.0,1.2660797144179265,-15.712973773194406,-7.22344702938824,-15.712973773194406,3.4355235800936894,0.11266664049791086,0.7565511157624435,0.16165940063340964,0.4591052581979266,nan,nan,0.3573683223908186,-14.876460044371228
Chebyshev-I,950.0,2550.0,1.2679722209627426,-15.712973773194406,-7.222500776115831,-15.712973773194406,3.4398269470682012,0.11266664049791086,0.7566216006493205,0.16165940063340964,0.4591405006413651,nan,nan,0.36713615404747296,-14.89497896952525
Chebyshev-I,1350.0,2550.0,0.9614397531115519,-15.712973773194406,-7.375767010041427,-15.712973773194406,3.165679392864123,0.11266664049791086,0.7450637491367378,0.16165940063340964,0.4533615748850737,nan,nan,0.29513976286091254,-14.915810272590308
Chebyshev-I,650.0,2450.0,0.8900334297552294,-15.353711190416634,-7.231838880330702,-15.353711190416634,3.3294351968193308,0.12189523150794941,0.7423313776628405,0.16829655905036198,0.45531396835660126,nan,nan,0.4627941223130028,-14.923654783451822
Chebyshev-I,800.0,2450.0,0.597287184032136,-15.353711190416634,-7.378212003192249,-15.353711190416634,2.9623512808562897,0.12189523150794941,0.7309777848492451,0.16829655905036198,0.44963717194980357,nan,nan,0.3860250245429989,-14.927843303586956
Chebyshev-I,750.0,2450.0,0.6476834360595298,-15.353711190416634,-7.353013877178552,-15.353711190416634,3.028279306065768,0.12189523150794941,0.7329493204858791,0.16829655905036198,0.45062293976812057,nan,nan,0.404617750819019,-14.937859094488667
Chebyshev-I,1400.0,2550.0,0.8974554691634864,-15.712973773194406,-7.40775915201546,-15.712973773194406,3.113991087648622,0.11266664049791086,0.7426160713202321,0.16165940063340964,0.4521377359768209,nan,nan,0.2892158816688374,-14.938402329996695
Chebyshev-I,700.0,2450.0,0.7453266725668641,-15.353711190416634,-7.304192258924885,-15.353711190416634,3.141641749799425,0.12189523150794941,0.7367492498410951,0.16829655905036198,0.45252290444572857,nan,nan,0.4340097918950047,-14.944021629031754
Chebyshev-I,1450.0,2550.0,0.8326622181468059,-15.712973773194406,-7.4401557775238,-15.712973773194406,3.063110151858128,0.11266664049791086,0.7401253939859203,0.16165940063340964,0.45089239730966496,nan,nan,0.28109143790474,-14.957040745311152
Chebyshev-I,850.0,2500.0,0.8643489388386393,-15.541756351167155,-7.338703706164258,-15.541756351167155,3.166060668915426,0.11703775857124289,0.741344949867729,0.16479110234292338,0.4530680261053262,nan,nan,0.38439034456188814,-14.97222651866096
Chebyshev-I,1200.0,2600.0,1.2529567073996453,-15.872043869611975,-7.309543581106165,-15.872043869611975,3.4095408238078995,0.10873282283447533,0.7560620571007278,0.15880042111084983,0.4574312391057888,nan,nan,0.3263048513143576,-14.98331274032929
Chebyshev-I,1500.0,2550.0,0.7322528012330014,-15.712973773194406,-7.490360485980703,-15.712973773194406,2.9843897001349817,0.11266664049791086,0.7362420004886925,0.16165940063340964,0.4489507005610511,nan,nan,0.26830765967425624,-14.985561290804316
Chebyshev-I,1250.0,2600.0,1.2077187811681152,-15.872043869611975,-7.33216254422193,-15.872043869611975,3.3696153366023402,0.10873282283447533,0.7543721185758427,0.15880042111084983,0.45658626984334627,nan,nan,0.31546088730969835,-14.985933713960621
Chebyshev-I,1150.0,2600.0,1.2551302890653924,-15.872043869611975,-7.308456790273292,-15.872043869611975,3.4131873010671265,0.10873282283447533,0.7561430971063235,0.15880042111084983,0.4574717591085867,nan,nan,0.33329897808060904,-14.996133163023323
Chebyshev-I,900.0,2550.0,1.0949222482294005,-15.712973773194406,-7.309025762482503,-15.712973773194406,3.335570813648445,0.11266664049791086,0.7501313527331862,0.16165940063340964,0.45589537668329794,nan,nan,0.3778887884236602,-15.00949947256043
Chebyshev-I,1100.0,2600.0,1.2399171920602359,-15.872043869611975,-7.316063338775869,-15.872043869611975,3.400266363731606,0.10873282283447533,0.7555755864667372,0.15880042111084983,0.4571880037887935,nan,nan,0.33893327890003516,-15.01557582380434
Chebyshev-I,1300.0,2600.0,1.0841783227783732,-15.872043869611975,-7.393932773416801,-15.872043869611975,3.2667470173902595,0.10873282283447533,0.7497254209306236,0.15880042111084983,0.4542629210207367,nan,nan,0.30340182171799385,-15.028232509617304
Chebyshev-I,1050.0,2600.0,1.235172965962004,-15.872043869611975,-7.3184354518249854,-15.872043869611975,3.4061708197274605,0.10873282283447533,0.7553984623889388,0.15880042111084983,0.4570994417498943,nan,nan,0.34586857554316874,-15.031995654217523
Chebyshev-I,1000.0,2600.0,1.2660797144179265,-15.872043869611975,-7.302982077597024,-15.872043869611975,3.4355235800936894,0.10873282283447533,0.7565511157624435,0.15880042111084983,0.45767576843664665,nan,nan,0.3582573945071961,-15.04016726454411
Chebyshev-I,600.0,2450.0,0.763312943466572,-15.353711190416634,-7.295199123475031,-15.353711190416634,3.3109193170438904,0.12189523150794941,0.7374463100114975,0.16829655905036198,0.45287143453092976,nan,nan,0.4903963208389127,-15.047104491299315
Chebyshev-I,950.0,2600.0,1.2679722209627426,-15.872043869611975,-7.302035824324616,-15.872043869611975,3.4398269470682012,0.10873282283447533,0.7566216006493205,0.15880042111084983,0.45771101088008515,nan,nan,0.3680016414533678,-15.05863902027717
Chebyshev-I,1350.0,2600.0,0.9614397531115519,-15.872043869611975,-7.455302058250211,-15.872043869611975,3.165679392864123,0.10873282283447533,0.7450637491367378,0.15880042111084983,0.4519320851237938,nan,nan,0.2962157071330763,-15.079891237074765
Chebyshev-I,1400.0,2600.0,0.8974554691634864,-15.872043869611975,-7.487294200224245,-15.872043869611975,3.113991087648622,0.10873282283447533,0.7426160713202321,0.15880042111084983,0.45070824621554095,nan,nan,0.2903136803537451,-15.10252700330664
Chebyshev-I,650.0,2500.0,0.8900334297552294,-15.541756351167155,-7.325861460705963,-15.541756351167155,3.3294351968193308,0.11703775857124289,0.7423313776628405,0.16479110234292338,0.45356124000288195,nan,nan,0.4635288217789482,-15.116674799841674
Chebyshev-I,800.0,2500.0,0.597287184032136,-15.541756351167155,-7.472234583567509,-15.541756351167155,2.9623512808562897,0.11703775857124289,0.7309777848492451,0.16479110234292338,0.44788444359608426,nan,nan,0.3869056332465238,-15.121155138451966
Chebyshev-I,1450.0,2600.0,0.8326622181468059,-15.872043869611975,-7.519690825732584,-15.872043869611975,3.063110151858128,0.10873282283447533,0.7401253939859203,0.15880042111084983,0.449462907548385,nan,nan,0.2822208333309642,-15.121228612103728
Chebyshev-I,750.0,2500.0,0.6476834360595298,-15.541756351167155,-7.447036457553812,-15.541756351167155,3.028279306065768,0.11703775857124289,0.7329493204858791,0.16479110234292338,0.44887021141440125,nan,nan,0.40545803606219716,-15.131090282432982
Chebyshev-I,700.0,2500.0,0.7453266725668641,-15.541756351167155,-7.398214839300145,-15.541756351167155,3.141641749799425,0.11703775857124289,0.7367492498410951,0.16479110234292338,0.45077017609200926,nan,nan,0.4347932030038131,-15.13713906870733
Chebyshev-I,850.0,2550.0,0.8643489388386393,-15.712973773194406,-7.424312417177884,-15.712973773194406,3.166060668915426,0.11266664049791086,0.741344949867729,0.16165940063340964,0.45150217525056935,nan,nan,0.3851983559907215,-15.148191665255391
Chebyshev-I,1500.0,2600.0,0.7322528012330014,-15.872043869611975,-7.569895534189487,-15.872043869611975,2.9843897001349817,0.10873282283447533,0.7362420004886925,0.15880042111084983,0.44752121079977114,nan,nan,0.2694904686393726,-15.149855984674677
Chebyshev-I,900.0,2600.0,1.0949222482294005,-15.872043869611975,-7.3885608106912875,-15.872043869611975,3.335570813648445,0.10873282283447533,0.7501313527331862,0.15880042111084983,0.454465886922018,nan,nan,0.3787297131246982,-15.173110397902633
Chebyshev-I,600.0,2500.0,0.763312943466572,-15.541756351167155,-7.389221703850292,-15.541756351167155,3.3109193170438904,0.11703775857124289,0.7374463100114975,0.16479110234292338,0.45111870617721045,nan,nan,0.49108994454114663,-15.24004235616174
Chebyshev-I,650.0,2550.0,0.8900334297552294,-15.712973773194406,-7.411470171719588,-15.712973773194406,3.3294351968193308,0.11266664049791086,0.7423313776628405,0.16165940063340964,0.4519953891481251,nan,nan,0.46419912407687713,-15.292364528174296
Chebyshev-I,800.0,2550.0,0.597287184032136,-15.712973773194406,-7.557843294581135,-15.712973773194406,2.9623512808562897,0.11266664049791086,0.7309777848492451,0.16165940063340964,0.4463185927413274,nan,nan,0.38770841616697266,-15.297109828029628
Chebyshev-I,750.0,2550.0,0.6476834360595298,-15.712973773194406,-7.532645168567438,-15.712973773194406,3.028279306065768,0.11266664049791086,0.7329493204858791,0.16165940063340964,0.4473043605596444,nan,nan,0.40622410657844965,-15.306971547202252
Chebyshev-I,850.0,2600.0,0.8643489388386393,-15.872043869611975,-7.503847465386668,-15.872043869611975,3.166060668915426,0.10873282283447533,0.741344949867729,0.15880042111084983,0.4500726854892894,nan,nan,0.38602333186042836,-15.311770692934934
Chebyshev-I,700.0,2550.0,0.7453266725668641,-15.712973773194406,-7.483823550313771,-15.712973773194406,3.141641749799425,0.11266664049791086,0.7367492498410951,0.16165940063340964,0.4492043252372524,nan,nan,0.43550777835475335,-15.312917343145976
Chebyshev-I,600.0,2550.0,0.763312943466572,-15.712973773194406,-7.474830414863917,-15.712973773194406,3.3109193170438904,0.11266664049791086,0.7374463100114975,0.16165940063340964,0.4495528553224536,nan,nan,0.4917225188253369,-15.415656628466886
Chebyshev-I,650.0,2600.0,0.8900334297552294,-15.872043869611975,-7.491005219928373,-15.872043869611975,3.3294351968193308,0.10873282283447533,0.7423313776628405,0.15880042111084983,0.45056589938684516,nan,nan,0.46488402106008075,-15.455663398080832
Chebyshev-I,800.0,2600.0,0.597287184032136,-15.872043869611975,-7.637378342789919,-15.872043869611975,2.9623512808562897,0.10873282283447533,0.7309777848492451,0.15880042111084983,0.44488910298004747,nan,nan,0.388528163528295,-15.460678398692401
Chebyshev-I,750.0,2600.0,0.6476834360595298,-15.872043869611975,-7.612180216776222,-15.872043869611975,3.028279306065768,0.10873282283447533,0.7329493204858791,0.15880042111084983,0.44587487079836446,nan,nan,0.4070065773080522,-15.470465564601584
Chebyshev-I,700.0,2600.0,0.7453266725668641,-15.872043869611975,-7.563358598522555,-15.872043869611975,3.141641749799425,0.10873282283447533,0.7367492498410951,0.15880042111084983,0.44777483547597247,nan,nan,0.4362376630791648,-15.476306188534927
Chebyshev-I,600.0,2600.0,0.763312943466572,-15.872043869611975,-7.554365463072702,-15.872043869611975,3.3109193170438904,0.10873282283447533,0.7374463100114975,0.15880042111084983,0.44812336556117366,nan,nan,0.49236908595211015,-15.578878838660561
Elliptic,950.0,1050.0,1.0558609073118639,-5.927270953766474,-2.435705023227305,-5.927270953766474,3.3218133218793158,0.9508671828027928,0.7486538696290758,0.4510660069620839,0.5998599382955798,nan,nan,0.1439172040963467,-4.487455031712075
Elliptic,1150.0,1250.0,1.0550319660444953,-5.981923041351528,-2.463445537653516,-5.981923041351528,3.2766325376149497,0.9235078518662929,0.7486224659373499,0.4488081062781531,0.5987152861077515,nan,nan,0.12251512315423001,-4.502006732422236
Elliptic,900.0,1000.0,0.9398869913316441,-5.850390249739542,-2.455251629203949,-5.850390249739542,3.2722913810034635,0.9701520555249707,0.7442405918178219,0.454251626990979,0.5992461094044004,nan,nan,0.16110444901509755,-4.504163433295115
Elliptic,1100.0,1250.0,1.0699850497342243,-5.981923041351528,-2.455968995808652,-5.981923041351528,3.2938775511888476,0.9235078518662929,0.7491886359270307,0.4488081062781531,0.5989983711025919,nan,nan,0.13375641618094442,-4.516446606641121
Elliptic,1100.0,1200.0,1.0699850497342243,-5.997310539152797,-2.4636627447092865,-5.997310539152797,3.2938775511888476,0.917264065503552,0.7491886359270307,0.44817339583705224,0.5986810158820415,nan,nan,0.12696538311178007,-4.518886748745162
Elliptic,1000.0,1100.0,1.0146784686649861,-5.93228866438284,-2.458805097858927,-5.93228866438284,3.2897029045137867,0.9323098270355091,0.7470912464688201,0.4508584727000768,0.5989748595844484,nan,nan,0.15550388900157727,-4.538007488884605
Elliptic,850.0,1000.0,0.9200311772925595,-5.850390249739542,-2.4651795362234914,-5.850390249739542,3.2584141824904904,0.9701520555249707,0.7434810482559877,0.454251626990979,0.5988663376234833,nan,nan,0.17897618655399353,-4.5505943589542825
Elliptic,950.0,1100.0,1.0558609073118639,-5.93228866438284,-2.438213878535488,-5.93228866438284,3.3218133218793158,0.9323098270355091,0.7486538696290758,0.4508584727000768,0.5997561711645762,nan,nan,0.1749712619769572,-4.5547883923516705
Elliptic,1050.0,1150.0,1.0224429304991185,-5.9893881756691805,-2.483472622585031,-5.9893881756691805,3.2800765919613495,0.9186783503822643,0.7473862445251777,0.4485001253661061,0.5979431849456419,nan,nan,0.13833083440504268,-4.558942009338423
Elliptic,1050.0,1250.0,1.0224429304991185,-5.981923041351528,-2.4797400554262046,-5.981923041351528,3.2800765919613495,0.9235078518662929,0.7473862445251777,0.4488081062781531,0.5980971754016654,nan,nan,0.1542105102494372,-4.582928245797512
Elliptic,1050.0,1200.0,1.0224429304991185,-5.997310539152797,-2.487433804326839,-5.997310539152797,3.2800765919613495,0.917264065503552,0.7473862445251777,0.44817339583705224,0.597779820181115,nan,nan,0.14755829595864023,-4.585646025458288
Elliptic,900.0,1050.0,0.9398869913316441,-5.927270953766474,-2.493691981217415,-5.927270953766474,3.2722913810034635,0.9508671828027928,0.7442405918178219,0.4510660069620839,0.5976532993899528,nan,nan,0.17686667149668156,-4.615754202314109
Elliptic,1150.0,1300.0,1.0550319660444953,-6.073391609966405,-2.509179821960955,-6.073391609966405,3.2766325376149497,0.9021699419965147,0.7486224659373499,0.4450417649754555,0.5968321154564027,nan,nan,0.13479983273637788,-4.621811061504108
Elliptic,1200.0,1300.0,1.0108442289874289,-6.073391609966405,-2.5312736904894884,-6.073391609966405,3.2334859691514857,0.9021699419965147,0.746945505156296,0.4450417649754555,0.5959936350658758,nan,nan,0.1233153388394469,-4.622612903019833
Elliptic,800.0,1000.0,0.7747618682558394,-5.850390249739542,-2.537814190741851,-5.850390249739542,3.1386121120627415,0.9701520555249707,0.737889540271336,0.454251626990979,0.5960705836311575,nan,nan,0.181160706256764,-4.633189560862834
Elliptic,1000.0,1150.0,1.0146784686649861,-5.9893881756691805,-2.4873548535020973,-5.9893881756691805,3.2897029045137867,0.9186783503822643,0.7470912464688201,0.4485001253661061,0.5977956859174631,nan,nan,0.17342185558223278,-4.6333012806662275
Elliptic,1100.0,1300.0,1.0699850497342243,-6.073391609966405,-2.5017032801160903,-6.073391609966405,3.2938775511888476,0.9021699419965147,0.7491886359270307,0.4450417649754555,0.5971152004512431,nan,nan,0.1459289949465869,-4.6360266740899805
Elliptic,950.0,1150.0,1.0558609073118639,-5.9893881756691805,-2.4667636341786583,-5.9893881756691805,3.3218133218793158,0.9186783503822643,0.7486538696290758,0.4485001253661061,0.598576997497591,nan,nan,0.19215988925314062,-4.648623505524348
Elliptic,1000.0,1250.0,1.0146784686649861,-5.981923041351528,-2.483622286343271,-5.981923041351528,3.2897029045137867,0.9235078518662929,0.7470912464688201,0.4488081062781531,0.5979496763734866,nan,nan,0.1876268477140997,-4.653938149700261
Elliptic,1000.0,1200.0,1.0146784686649861,-5.997310539152797,-2.4913160352439054,-5.997310539152797,3.2897029045137867,0.917264065503552,0.7470912464688201,0.44817339583705224,0.5976323211529362,nan,nan,0.18199241524158474,-4.658691492997601
Elliptic,850.0,1050.0,0.9200311772925595,-5.927270953766474,-2.5036198882369574,-5.927270953766474,3.2584141824904904,0.9508671828027928,0.7434810482559877,0.4510660069620839,0.5972735276090357,nan,nan,0.1939975971047941,-4.660703504111711
Elliptic,950.0,1250.0,1.0558609073118639,-5.981923041351528,-2.463031067019832,-5.981923041351528,3.3218133218793158,0.9235078518662929,0.7486538696290758,0.4488081062781531,0.5987309879536145,nan,nan,0.20526264411024828,-4.667055900008863
Elliptic,950.0,1200.0,1.0558609073118639,-5.997310539152797,-2.4707248159204664,-5.997310539152797,3.3218133218793158,0.917264065503552,0.7486538696290758,0.44817339583705224,0.598413632733064,nan,nan,0.20009431999490426,-4.6727414600205455
Elliptic,900.0,1100.0,0.9398869913316441,-5.93228866438284,-2.496200836525598,-5.93228866438284,3.2722913810034635,0.9323098270355091,0.7442405918178219,0.4508584727000768,0.5975495322589494,nan,nan,0.20387611139397682,-4.674998326987073
Elliptic,750.0,1000.0,0.8621286164358901,-5.850390249739542,-2.494130816651826,-5.850390249739542,3.209306077189445,0.9701520555249707,0.7412595880123413,0.454251626990979,0.5977556075016601,nan,nan,0.2265842191885523,-4.676983164895382
Elliptic,1050.0,1300.0,1.0224429304991185,-6.073391609966405,-2.5254743397336434,-6.073391609966405,3.2800765919613495,0.9021699419965147,0.7473862445251777,0.4450417649754555,0.5962140047503166,nan,nan,0.1650527439563577,-4.699847623128929
Elliptic,850.0,1100.0,0.9200311772925595,-5.93228866438284,-2.5061287435451405,-5.93228866438284,3.2584141824904904,0.9323098270355091,0.7434810482559877,0.4508584727000768,0.5971697604780323,nan,nan,0.21902819703922213,-4.71598994885894
Elliptic,800.0,1050.0,0.7747618682558394,-5.927270953766474,-2.576254542755317,-5.927270953766474,3.1386121120627415,0.9508671828027928,0.737889540271336,0.4510660069620839,0.59447777361671,nan,nan,0.19608407287156282,-4.74310261814826
Elliptic,900.0,1150.0,0.9398869913316441,-5.9893881756691805,-2.5247505921687683,-5.9893881756691805,3.2722913810034635,0.9186783503822643,0.7442405918178219,0.4485001253661061,0.596370358591964,nan,nan,0.21896065900465808,-4.764625280828747
Elliptic,1000.0,1300.0,1.0146784686649861,-6.073391609966405,-2.5293565706507097,-6.073391609966405,3.2897029045137867,0.9021699419965147,0.7470912464688201,0.4450417649754555,0.5960665057221378,nan,nan,0.19667694434568214,-4.767273252881001
Elliptic,950.0,1300.0,1.0558609073118639,-6.073391609966405,-2.5087653513272707,-6.073391609966405,3.3218133218793158,0.9021699419965147,0.7486538696290758,0.4450417649754555,0.5968478173022657,nan,nan,0.21357277515233253,-4.778911072010607
Elliptic,900.0,1250.0,0.9398869913316441,-5.981923041351528,-2.521018025009942,-5.981923041351528,3.2722913810034635,0.9235078518662929,0.7442405918178219,0.4488081062781531,0.5965243490479875,nan,nan,0.23057336420251448,-4.78007757599476
Elliptic,750.0,1050.0,0.8621286164358901,-5.927270953766474,-2.532571168665292,-5.927270953766474,3.209306077189445,0.9508671828027928,0.7412595880123413,0.4510660069620839,0.5961627974872126,nan,nan,0.23869233495963382,-4.781265720493371
Elliptic,900.0,1200.0,0.9398869913316441,-5.997310539152797,-2.5287117739105764,-5.997310539152797,3.2722913810034635,0.917264065503552,0.7442405918178219,0.44817339583705224,0.596206993827437,nan,nan,0.22598045812322923,-4.786913972078559
Elliptic,700.0,1000.0,0.806421064243106,-5.850390249739542,-2.521984592748218,-5.850390249739542,3.162263220415946,0.9701520555249707,0.7391132566118681,0.454251626990979,0.5966824418014236,nan,nan,0.26940463082546273,-4.792624095666067
Elliptic,800.0,1100.0,0.7747618682558394,-5.93228866438284,-2.5787633980635003,-5.93228866438284,3.1386121120627415,0.9323098270355091,0.737889540271336,0.4508584727000768,0.5943740064857064,nan,nan,0.22089076851707826,-4.797941254317664
Elliptic,850.0,1150.0,0.9200311772925595,-5.9893881756691805,-2.5346784991883107,-5.9893881756691805,3.2584141824904904,0.9186783503822643,0.7434810482559877,0.4485001253661061,0.5959905868110469,nan,nan,0.23315494962116246,-4.803701312643132
Elliptic,850.0,1250.0,0.9200311772925595,-5.981923041351528,-2.5309459320294843,-5.981923041351528,3.2584141824904904,0.9235078518662929,0.7434810482559877,0.4488081062781531,0.5961445772670704,nan,nan,0.24409691994665525,-4.817812138064418
Elliptic,850.0,1200.0,0.9200311772925595,-5.997310539152797,-2.538639680930119,-5.997310539152797,3.2584141824904904,0.917264065503552,0.7434810482559877,0.44817339583705224,0.5958272220465199,nan,nan,0.23976269337931486,-4.825165893172107
Elliptic,750.0,1100.0,0.8621286164358901,-5.93228866438284,-2.535080023973475,-5.93228866438284,3.209306077189445,0.9323098270355091,0.7412595880123413,0.4508584727000768,0.596059030356209,nan,nan,0.2594574688542531,-4.8280212331609835
Elliptic,800.0,1150.0,0.7747618682558394,-5.9893881756691805,-2.6073131537066705,-5.9893881756691805,3.1386121120627415,0.9186783503822643,0.737889540271336,0.4485001253661061,0.5931948328187211,nan,nan,0.23490744030918195,-4.885432456522182
Elliptic,900.0,1300.0,0.9398869913316441,-6.073391609966405,-2.5667523093173807,-6.073391609966405,3.2722913810034635,0.9021699419965147,0.7442405918178219,0.4450417649754555,0.5946411783966387,nan,nan,0.2380020401997886,-4.890169837906884
Elliptic,700.0,1050.0,0.806421064243106,-5.927270953766474,-2.560424944761684,-5.927270953766474,3.162263220415946,0.9508671828027928,0.7391132566118681,0.4510660069620839,0.595089631786976,nan,nan,0.2796654844921594,-4.893212127055286
Elliptic,650.0,1000.0,0.7642688318707885,-5.850390249739542,-2.5430607089343766,-5.850390249739542,3.186918514166731,0.9701520555249707,0.7374833301228029,0.454251626990979,0.5958674785568909,nan,nan,0.3091477267415701,-4.894816330173507
Elliptic,800.0,1250.0,0.7747618682558394,-5.981923041351528,-2.603580586547844,-5.981923041351528,3.1386121120627415,0.9235078518662929,0.737889540271336,0.4488081062781531,0.5933488232747446,nan,nan,0.24577160365918282,-4.899387667992485
Elliptic,800.0,1200.0,0.7747618682558394,-5.997310539152797,-2.6112743354484786,-5.997310539152797,3.1386121120627415,0.917264065503552,0.737889540271336,0.44817339583705224,0.5930314680541942,nan,nan,0.24146743161126136,-4.906801532139012
Elliptic,750.0,1150.0,0.8621286164358901,-5.9893881756691805,-2.563629779616645,-5.9893881756691805,3.209306077189445,0.9186783503822643,0.7412595880123413,0.4485001253661061,0.5948798566892237,nan,nan,0.27149031667369855,-4.911544787420185
Elliptic,750.0,1250.0,0.8621286164358901,-5.981923041351528,-2.5598972124578188,-5.981923041351528,3.209306077189445,0.9235078518662929,0.7412595880123413,0.4488081062781531,0.5950338471452472,nan,nan,0.28094344102532354,-4.922677920893735
Elliptic,850.0,1300.0,0.9200311772925595,-6.073391609966405,-2.576680216336923,-6.073391609966405,3.2584141824904904,0.9021699419965147,0.7434810482559877,0.4450417649754555,0.5942614066157216,nan,nan,0.2511258595511072,-4.927104927190897
Elliptic,750.0,1200.0,0.8621286164358901,-5.997310539152797,-2.5675909613584533,-5.997310539152797,3.209306077189445,0.917264065503552,0.7412595880123413,0.44817339583705224,0.5947164919246968,nan,nan,0.27718589260217774,-4.931185032289814
Elliptic,700.0,1100.0,0.806421064243106,-5.93228866438284,-2.562933800069867,-5.93228866438284,3.162263220415946,0.9323098270355091,0.7391132566118681,0.4508584727000768,0.5949858646559725,nan,nan,0.29758529421605834,-4.934276991381458
Elliptic,650.0,1050.0,0.7642688318707885,-5.927270953766474,-2.5815010609478426,-5.927270953766474,3.186918514166731,0.9508671828027928,0.7374833301228029,0.4510660069620839,0.5942746685424434,nan,nan,0.3181291944987097,-4.992845589743611
Elliptic,800.0,1300.0,0.7747618682558394,-6.073391609966405,-2.649314870855283,-6.073391609966405,3.1386121120627415,0.9021699419965147,0.737889540271336,0.4450417649754555,0.5914656526233958,nan,nan,0.2527539756853612,-5.008587321962416
Elliptic,700.0,1150.0,0.806421064243106,-5.9893881756691805,-2.591483555713037,-5.9893881756691805,3.162263220415946,0.9186783503822643,0.7391132566118681,0.4485001253661061,0.5938066909889871,nan,nan,0.30813277546469764,-5.014829812499048
Elliptic,700.0,1250.0,0.806421064243106,-5.981923041351528,-2.5877509885542107,-5.981923041351528,3.162263220415946,0.9235078518662929,0.7391132566118681,0.4488081062781531,0.5939606814450106,nan,nan,0.3164933860625519,-5.023777918465058
Elliptic,600.0,1000.0,0.6545576589139359,-5.850390249739542,-2.5979162954128032,-5.850390249739542,3.1969892311678683,0.9701520555249707,0.7332177051022016,0.454251626990979,0.5937346660465903,nan,nan,0.34482407755164857,-5.025290243292691
Elliptic,650.0,1100.0,0.7642688318707885,-5.93228866438284,-2.5840099162560257,-5.93228866438284,3.186918514166731,0.9323098270355091,0.7374833301228029,0.4508584727000768,0.5941709014114398,nan,nan,0.3339916614036372,-5.029795768431841
Elliptic,750.0,1300.0,0.8621286164358901,-6.073391609966405,-2.6056314967652576,-6.073391609966405,3.209306077189445,0.9021699419965147,0.7412595880123413,0.4450417649754555,0.5931506764938984,nan,nan,0.2870716854264137,-5.030169319613492
Elliptic,700.0,1200.0,0.806421064243106,-5.997310539152797,-2.5954447374548453,-5.997310539152797,3.162263220415946,0.917264065503552,0.7391132566118681,0.44817339583705224,0.5936433262244601,nan,nan,0.3131627321836931,-5.03313881894971
Elliptic,1150.0,1350.0,1.0550319660444953,-6.448089510253627,-2.696528772104566,-6.448089510253627,3.2766325376149497,0.8316439130423676,0.7486224659373499,0.42978415888169547,0.5892033124095227,nan,nan,0.16116925994996464,-5.064505422312264
Elliptic,1200.0,1350.0,1.0108442289874289,-6.448089510253627,-2.7186226406330993,-6.448089510253627,3.2334859691514857,0.8316439130423676,0.746945505156296,0.42978415888169547,0.5883648320189957,nan,nan,0.15012994156908238,-5.066197614860086
Elliptic,1250.0,1350.0,0.9320602548780337,-6.448089510253627,-2.758014627687797,-6.448089510253627,3.165154361437291,0.8316439130423676,0.74394133286378,0.42978415888169547,0.5868627458727377,nan,nan,0.13161210709301605,-5.071558105255167
Elliptic,1100.0,1350.0,1.0699850497342243,-6.448089510253627,-2.6890522302597013,-6.448089510253627,3.2938775511888476,0.8316439130423676,0.7491886359270307,0.42978415888169547,0.589486397404363,nan,nan,0.17085399969999018,-5.075832189977769
Elliptic,650.0,1150.0,0.7642688318707885,-5.9893881756691805,-2.612559671899196,-5.9893881756691805,3.186918514166731,0.9186783503822643,0.7374833301228029,0.4485001253661061,0.5929917277444545,nan,nan,0.34342283730459766,-5.108115978854072
Elliptic,650.0,1250.0,0.7642688318707885,-5.981923041351528,-2.6088271047403695,-5.981923041351528,3.186918514166731,0.9235078518662929,0.7374833301228029,0.4488081062781531,0.593145718200478,nan,nan,0.35094365165646085,-5.115384492328099
Elliptic,600.0,1050.0,0.6545576589139359,-5.927270953766474,-2.636356647426269,-5.927270953766474,3.1969892311678683,0.9508671828027928,0.7332177051022016,0.4510660069620839,0.5921418560321428,nan,nan,0.3528988881012613,-5.121506188447743
Elliptic,650.0,1200.0,0.7642688318707885,-5.997310539152797,-2.616520853641004,-5.997310539152797,3.186918514166731,0.917264065503552,0.7374833301228029,0.44817339583705224,0.5928283629799276,nan,nan,0.34794297684093434,-5.125405350939415
Elliptic,700.0,1300.0,0.806421064243106,-6.073391609966405,-2.6334852728616496,-6.073391609966405,3.162263220415946,0.9021699419965147,0.7391132566118681,0.4450417649754555,0.5920775107936618,nan,nan,0.32194555423738924,-5.129917164732307
Elliptic,1050.0,1350.0,1.0224429304991185,-6.448089510253627,-2.7128232898772544,-6.448089510253627,3.2800765919613495,0.8316439130423676,0.7473862445251777,0.42978415888169547,0.5885852017034365,nan,nan,0.18750268004375945,-5.134703001684715
Elliptic,600.0,1100.0,0.6545576589139359,-5.93228866438284,-2.6388655027344523,-5.93228866438284,3.1969892311678683,0.9323098270355091,0.7332177051022016,0.4508584727000768,0.5920380889011392,nan,nan,0.3672624657824025,-5.1554585886884
Elliptic,1000.0,1350.0,1.0146784686649861,-6.448089510253627,-2.7167055207943207,-6.448089510253627,3.2897029045137867,0.8316439130423676,0.7470912464688201,0.42978415888169547,0.5884377026752577,nan,nan,0.21587271699882885,-5.195620304568276
Elliptic,950.0,1350.0,1.0558609073118639,-6.448089510253627,-2.6961143014708817,-6.448089510253627,3.3218133218793158,0.8316439130423676,0.7486538696290758,0.42978415888169547,0.5892190142553856,nan,nan,0.23137215991513052,-5.204465347917185
Elliptic,650.0,1300.0,0.7642688318707885,-6.073391609966405,-2.6545613890478084,-6.073391609966405,3.186918514166731,0.9021699419965147,0.7374833301228029,0.4450417649754555,0.5912625475491292,nan,nan,0.3558684927878265,-5.220469084508406
Elliptic,600.0,1150.0,0.6545576589139359,-5.9893881756691805,-2.6674152583776225,-5.9893881756691805,3.1969892311678683,0.9186783503822643,0.7332177051022016,0.4485001253661061,0.5908589152341539,nan,nan,0.37585986386428943,-5.232111243472485
Elliptic,600.0,1250.0,0.6545576589139359,-5.981923041351528,-2.6636826912187956,-5.981923041351528,3.1969892311678683,0.9235078518662929,0.7332177051022016,0.4488081062781531,0.5910129056901774,nan,nan,0.3827438534179519,-5.238106107350109
Elliptic,600.0,1200.0,0.6545576589139359,-5.997310539152797,-2.67137644011943,-5.997310539152797,3.1969892311678683,0.917264065503552,0.7332177051022016,0.44817339583705224,0.590695550469627,nan,nan,0.37999429746555524,-5.248629203687686
Elliptic,900.0,1350.0,0.9398869913316441,-6.448089510253627,-2.7541012594609917,-6.448089510253627,3.2722913810034635,0.8316439130423676,0.7442405918178219,0.42978415888169547,0.5870123753497587,nan,nan,0.25409599085002776,-5.312313245588343
Elliptic,600.0,1300.0,0.6545576589139359,-6.073391609966405,-2.709416975526235,-6.073391609966405,3.1969892311678683,0.9021699419965147,0.7332177051022016,0.4450417649754555,0.5891297350388286,nan,nan,0.38726440672113915,-5.342382123874058
Elliptic,850.0,1350.0,0.9200311772925595,-6.448089510253627,-2.764029166480534,-6.448089510253627,3.2584141824904904,0.8316439130423676,0.7434810482559877,0.42978415888169547,0.5866326035688416,nan,nan,0.2664281801782789,-5.347665074826223
Elliptic,1150.0,1400.0,1.0550319660444953,-6.741573021634528,-2.843270527795016,-6.741573021634528,3.2766325376149497,0.7848783602809302,0.7486224659373499,0.4180354866402501,0.5833289762888,nan,nan,0.17796100958611172,-5.403321105206904
Elliptic,1200.0,1400.0,1.0108442289874289,-6.741573021634528,-2.8653643963235496,-6.741573021634528,3.2334859691514857,0.7848783602809302,0.746945505156296,0.4180354866402501,0.5824904958982731,nan,nan,0.16767117343229082,-5.406512262208849
Elliptic,1250.0,1400.0,0.9320602548780337,-6.741573021634528,-2.9047563833782473,-6.741573021634528,3.165154361437291,0.7848783602809302,0.74394133286378,0.4180354866402501,0.580988409752015,nan,nan,0.14914264684465398,-5.411851368380789
Elliptic,1100.0,1400.0,1.0699850497342243,-6.741573021634528,-2.8357939859501515,-6.741573021634528,3.2938775511888476,0.7848783602809302,0.7491886359270307,0.4180354866402501,0.5836120612836404,nan,nan,0.18683948701262676,-5.413035348225388
Elliptic,800.0,1350.0,0.7747618682558394,-6.448089510253627,-2.836663820998894,-6.448089510253627,3.1386121120627415,0.8316439130423676,0.737889540271336,0.42978415888169547,0.5838368495765157,nan,nan,0.26796342446216326,-5.428961725897002
Elliptic,1300.0,1400.0,0.7831543473520268,-6.741573021634528,-2.9792093371412505,-6.741573021634528,3.0424053633649617,0.7848783602809302,0.7382142092832032,0.4180354866402501,0.5781248479617267,nan,nan,0.12045131052632227,-5.434648773087705
Elliptic,750.0,1350.0,0.8621286164358901,-6.448089510253627,-2.7929804469088686,-6.448089510253627,3.209306077189445,0.8316439130423676,0.7412595880123413,0.42978415888169547,0.5855218734470183,nan,nan,0.3005494635108138,-5.447080382163274
Elliptic,1050.0,1400.0,1.0224429304991185,-6.741573021634528,-2.8595650455677046,-6.741573021634528,3.2800765919613495,0.7848783602809302,0.7473862445251777,0.4180354866402501,0.5827108655827139,nan,nan,0.2021876229147074,-5.4693050710489555
Elliptic,1000.0,1400.0,1.0146784686649861,-6.741573021634528,-2.863447276484771,-6.741573021634528,3.2897029045137867,0.7848783602809302,0.7470912464688201,0.4180354866402501,0.5825633665545351,nan,nan,0.22874547390977004,-5.526598002012505
Elliptic,950.0,1400.0,1.0558609073118639,-6.741573021634528,-2.842856057161332,-6.741573021634528,3.3218133218793158,0.7848783602809302,0.7486538696290758,0.4180354866402501,0.583344678134663,nan,nan,0.24342691857007223,-5.533807048849415
Elliptic,700.0,1350.0,0.806421064243106,-6.448089510253627,-2.8208342230052605,-6.448089510253627,3.162263220415946,0.8316439130423676,0.7391132566118681,0.42978415888169547,0.5844487077467818,nan,nan,0.33401912047644794,-5.544019803591406
Elliptic,1150.0,1450.0,1.0550319660444953,-6.882855555106708,-2.9139117945311064,-6.882855555106708,3.2766325376149497,0.7637485556510784,0.7486224659373499,0.41244595765927916,0.5805342117983145,nan,nan,0.18599828019782694,-5.566267708883485
Elliptic,1200.0,1450.0,1.0108442289874289,-6.882855555106708,-2.93600566305964,-6.882855555106708,3.2334859691514857,0.7637485556510784,0.746945505156296,0.41244595765927916,0.5796957314077875,nan,nan,0.1761042308441636,-5.570250439485747
Elliptic,1100.0,1450.0,1.0699850497342243,-6.882855555106708,-2.906435252686242,-6.882855555106708,3.2938775511888476,0.7637485556510784,0.7491886359270307,0.41244595765927916,0.5808172967931549,nan,nan,0.19452357000220938,-5.575275576657704
Elliptic,1250.0,1450.0,0.9320602548780337,-6.882855555106708,-2.9753976501143375,-6.882855555106708,3.165154361437291,0.7637485556510784,0.74394133286378,0.41244595765927916,0.5781936452615295,nan,nan,0.15812948416705896,-5.57669710547875
Elliptic,1300.0,1450.0,0.7831543473520268,-6.882855555106708,-3.0498506038773407,-6.882855555106708,3.0424053633649617,0.7637485556510784,0.7382142092832032,0.41244595765927916,0.5753300834712411,nan,nan,0.12918023004393916,-5.598978674576091
Elliptic,1050.0,1450.0,1.0224429304991185,-6.882855555106708,-2.930206312303795,-6.882855555106708,3.2800765919613495,0.7637485556510784,0.7473862445251777,0.41244595765927916,0.5799161010922285,nan,nan,0.20931125870518835,-5.630424405083069
Elliptic,650.0,1350.0,0.7642688318707885,-6.448089510253627,-2.8419103391914193,-6.448089510253627,3.186918514166731,0.8316439130423676,0.7374833301228029,0.42978415888169547,0.5836337445022491,nan,nan,0.3668271454404311,-5.632341896194597
Elliptic,1350.0,1450.0,0.6609169120365644,-6.882855555106708,-3.1109693215350718,-6.882855555106708,2.9448504223388827,0.7637485556510784,0.7334658683059703,0.41244595765927916,0.5729559129826247,nan,nan,0.11528310866027501,-5.637051490443725
Elliptic,900.0,1400.0,0.9398869913316441,-6.741573021634528,-2.900843015151442,-6.741573021634528,3.2722913810034635,0.7848783602809302,0.7442405918178219,0.4180354866402501,0.581138039229036,nan,nan,0.26511952966783586,-5.639592506846305
Elliptic,850.0,1400.0,0.9200311772925595,-6.741573021634528,-2.9107709221709843,-6.741573021634528,3.2584141824904904,0.7848783602809302,0.7434810482559877,0.4180354866402501,0.5807582674481189,nan,nan,0.2769613300478211,-5.673963558187653
Elliptic,1150.0,1500.0,1.0550319660444953,-6.977914078043205,-2.9614410559993547,-6.977914078043205,3.2766325376149497,0.7488274428331765,0.7486224659373499,0.4087100768927968,0.5786662714150734,nan,nan,0.19134941403078792,-5.675764380252387
Elliptic,1200.0,1500.0,1.0108442289874289,-6.977914078043205,-2.983534924527888,-6.977914078043205,3.2334859691514857,0.7488274428331765,0.746945505156296,0.4087100768927968,0.5778277910245464,nan,nan,0.18172969209905476,-5.680295765698507
Elliptic,1100.0,1500.0,1.0699850497342243,-6.977914078043205,-2.9539645141544906,-6.977914078043205,3.2938775511888476,0.7488274428331765,0.7491886359270307,0.4087100768927968,0.5789493564099137,nan,nan,0.1996493325546967,-5.684321505465659
Elliptic,1000.0,1450.0,1.0146784686649861,-6.882855555106708,-2.934088543220861,-6.882855555106708,3.2897029045137867,0.7637485556510784,0.7470912464688201,0.41244595765927916,0.5797686020640496,nan,nan,0.2350659694357039,-5.686111055517523
Elliptic,1250.0,1500.0,0.9320602548780337,-6.977914078043205,-3.0229269115825854,-6.977914078043205,3.165154361437291,0.7488274428331765,0.74394133286378,0.4087100768927968,0.5763257048782884,nan,nan,0.16427260536718566,-5.687777751581983
Elliptic,950.0,1450.0,1.0558609073118639,-6.882855555106708,-2.913497323897422,-6.882855555106708,3.3218133218793158,0.7637485556510784,0.7486538696290758,0.41244595765927916,0.5805499136441774,nan,nan,0.24937556935042945,-5.69257641286328
Elliptic,1300.0,1500.0,0.7831543473520268,-6.977914078043205,-3.097379865345589,-6.977914078043205,3.0424053633649617,0.7488274428331765,0.7382142092832032,0.4087100768927968,0.573462143088,nan,nan,0.136136149203057,-5.711684916597306
Elliptic,1050.0,1500.0,1.0224429304991185,-6.977914078043205,-2.9777355737720432,-6.977914078043205,3.2800765919613495,0.7488274428331765,0.7473862445251777,0.4087100768927968,0.5780481607089872,nan,nan,0.21408372079003832,-5.738763732955747
Elliptic,1350.0,1500.0,0.6609169120365644,-6.977914078043205,-3.15849858300332,-6.977914078043205,2.9448504223388827,0.7488274428331765,0.7334658683059703,0.4087100768927968,0.5710879725993836,nan,nan,0.12172284426951048,-5.748725365365177
Elliptic,600.0,1350.0,0.6545576589139359,-6.448089510253627,-2.896765925669846,-6.448089510253627,3.1969892311678683,0.8316439130423676,0.7332177051022016,0.42978415888169547,0.5815009319919485,nan,nan,0.3973582114257089,-5.75252523966418
Elliptic,800.0,1400.0,0.7747618682558394,-6.741573021634528,-2.983405576689344,-6.741573021634528,3.1386121120627415,0.7848783602809302,0.737889540271336,0.4180354866402501,0.5779625134557931,nan,nan,0.27843849651195224,-5.755144053618927
Elliptic,1400.0,1500.0,0.6099341437927109,-6.977914078043205,-3.183989967125247,-6.977914078043205,2.908073327531068,0.7488274428331765,0.7314731948660842,0.4087100768927968,0.5700916358794406,nan,nan,0.11520578127817808,-5.763175296944325
Elliptic,750.0,1400.0,0.8621286164358901,-6.741573021634528,-2.939722202599319,-6.741573021634528,3.209306077189445,0.7848783602809302,0.7412595880123413,0.4180354866402501,0.5796475373262957,nan,nan,0.30992502538554045,-5.771063689535072
Elliptic,1000.0,1500.0,1.0146784686649861,-6.977914078043205,-2.9816178046891095,-6.977914078043205,3.2897029045137867,0.7488274428331765,0.7470912464688201,0.4087100768927968,0.5779006616808084,nan,nan,0.23932543585617935,-5.793424392061453
Elliptic,900.0,1450.0,0.9398869913316441,-6.882855555106708,-2.971484281887532,-6.882855555106708,3.2722913810034635,0.7637485556510784,0.7442405918178219,0.41244595765927916,0.5783432747385505,nan,nan,0.27059167149700547,-5.797408852957797
Elliptic,950.0,1500.0,1.0558609073118639,-6.977914078043205,-2.9610265853656705,-6.977914078043205,3.3218133218793158,0.7488274428331765,0.7486538696290758,0.4087100768927968,0.5786819732609363,nan,nan,0.2533945996155535,-5.799408877096507
Elliptic,850.0,1450.0,0.9200311772925595,-6.882855555106708,-2.9814121889070746,-6.882855555106708,3.2584141824904904,0.7637485556510784,0.7434810482559877,0.41244595765927916,0.5779635029576334,nan,nan,0.2822039817355954,-5.831320924016353
Elliptic,700.0,1400.0,0.806421064243106,-6.741573021634528,-2.9675759786957108,-6.741573021634528,3.162263220415946,0.7848783602809302,0.7391132566118681,0.4180354866402501,0.5785743716260591,nan,nan,0.3424796369611315,-5.866173020183119
Elliptic,900.0,1500.0,0.9398869913316441,-6.977914078043205,-3.0190135433557805,-6.977914078043205,3.2722913810034635,0.7488274428331765,0.7442405918178219,0.4087100768927968,0.5764753343553093,nan,nan,0.2743000380876854,-5.903619989842134
Elliptic,800.0,1450.0,0.7747618682558394,-6.882855555106708,-3.0540468434254344,-6.882855555106708,3.1386121120627415,0.7637485556510784,0.737889540271336,0.41244595765927916,0.5751677489653075,nan,nan,0.2836538772027569,-5.912446877453687
Elliptic,1150.0,1550.0,1.0550319660444953,-7.1929543697405816,-3.068961201848043,-7.1929543697405816,3.2766325376149497,0.7102445648867097,0.7486224659373499,0.40033425950156903,0.5744783627194595,nan,nan,0.20088630736206997,-5.918254276003555
Elliptic,1200.0,1550.0,1.0108442289874289,-7.1929543697405816,-3.0910550703765765,-7.1929543697405816,3.2334859691514857,0.7102445648867097,0.746945505156296,0.40033425950156903,0.5736398823289325,nan,nan,0.19174106316243977,-5.923734616913881
Elliptic,1100.0,1550.0,1.0699850497342243,-7.1929543697405816,-3.0614846600031784,-7.1929543697405816,3.2938775511888476,0.7102445648867097,0.7491886359270307,0.40033425950156903,0.5747614477142998,nan,nan,0.20880821225281168,-5.926055373950493
Elliptic,750.0,1450.0,0.8621286164358901,-6.882855555106708,-3.010363469335409,-6.882855555106708,3.209306077189445,0.7637485556510784,0.7412595880123413,0.41244595765927916,0.5768527728358102,nan,nan,0.31461885296119735,-5.927323407139538
Elliptic,1250.0,1550.0,0.9320602548780337,-7.1929543697405816,-3.130447057431274,-7.1929543697405816,3.165154361437291,0.7102445648867097,0.74394133286378,0.40033425950156903,0.5721377961826745,nan,nan,0.1752570620251987,-5.933162773986613
Elliptic,850.0,1500.0,0.9200311772925595,-6.977914078043205,-3.028941450375323,-6.977914078043205,3.2584141824904904,0.7488274428331765,0.7434810482559877,0.4087100768927968,0.5760955625743922,nan,nan,0.28576169957749836,-5.9372307634031385
Elliptic,650.0,1400.0,0.7642688318707885,-6.741573021634528,-2.9886520948818696,-6.741573021634528,3.186918514166731,0.7848783602809302,0.7374833301228029,0.4180354866402501,0.5777594083815265,nan,nan,0.37454732018393416,-5.953014429303948
Elliptic,1300.0,1550.0,0.7831543473520268,-7.1929543697405816,-3.2049000111942774,-7.1929543697405816,3.0424053633649617,0.7102445648867097,0.7382142092832032,0.40033425950156903,0.5692742343923861,nan,nan,0.1490732562630544,-5.960975239805904
Elliptic,1050.0,1550.0,1.0224429304991185,-7.1929543697405816,-3.0852557196207315,-7.1929543697405816,3.2800765919613495,0.7102445648867097,0.7473862445251777,0.40033425950156903,0.5738602520133733,nan,nan,0.22264963497611343,-5.979311670416503
Elliptic,1350.0,1550.0,0.6609169120365644,-7.1929543697405816,-3.2660187288520084,-7.1929543697405816,2.9448504223388827,0.7102445648867097,0.7334658683059703,0.40033425950156903,0.5669000639037697,nan,nan,0.13564045651607007,-5.9999766989469
Elliptic,1400.0,1550.0,0.6099341437927109,-7.1929543697405816,-3.2915101129739353,-7.1929543697405816,2.908073327531068,0.7102445648867097,0.7314731948660842,0.40033425950156903,0.5659037271838266,nan,nan,0.12845647659194984,-6.013092796660473
Elliptic,800.0,1500.0,0.7747618682558394,-6.977914078043205,-3.1015761048936827,-6.977914078043205,3.1386121120627415,0.7488274428331765,0.737889540271336,0.4087100768927968,0.5732998085820664,nan,nan,0.2871935585714917,-6.0183206438941355
Elliptic,700.0,1450.0,0.806421064243106,-6.882855555106708,-3.038217245431801,-6.882855555106708,3.162263220415946,0.7637485556510784,0.7391132566118681,0.41244595765927916,0.5757796071355736,nan,nan,0.3467330849546895,-6.021551978623386
Elliptic,1450.0,1550.0,0.5517364338502191,-7.1929543697405816,-3.3206089679451813,-7.1929543697405816,2.8668275569949464,0.7102445648867097,0.7291898614372572,0.40033425950156903,0.5647620604694131,nan,nan,0.12035726320194536,-6.028276558280536
Elliptic,1000.0,1550.0,1.0146784686649861,-7.1929543697405816,-3.089137950537798,-7.1929543697405816,3.2897029045137867,0.7102445648867097,0.7470912464688201,0.40033425950156903,0.5737127529851945,nan,nan,0.2470176437221005,-6.0322249168819
Elliptic,750.0,1500.0,0.8621286164358901,-6.977914078043205,-3.0578927308036574,-6.977914078043205,3.209306077189445,0.7488274428331765,0.7412595880123413,0.4087100768927968,0.574984832452569,nan,nan,0.31781390415857275,-6.032507913237267
Elliptic,950.0,1550.0,1.0558609073118639,-7.1929543697405816,-3.068546731214359,-7.1929543697405816,3.3218133218793158,0.7102445648867097,0.7486538696290758,0.40033425950156903,0.5744940645653224,nan,nan,0.2606719121758542,-6.037379611305713
Elliptic,600.0,1400.0,0.6545576589139359,-6.741573021634528,-3.043507681360296,-6.741573021634528,3.1969892311678683,0.7848783602809302,0.7332177051022016,0.4180354866402501,0.5756265958712259,nan,nan,0.40449606574978225,-6.072033131934672
Elliptic,650.0,1450.0,0.7642688318707885,-6.882855555106708,-3.05929336161796,-6.882855555106708,3.186918514166731,0.7637485556510784,0.7374833301228029,0.41244595765927916,0.574964643891041,nan,nan,0.37844049009614744,-6.107672831581527
Elliptic,700.0,1500.0,0.806421064243106,-6.977914078043205,-3.0857465069000494,-6.977914078043205,3.162263220415946,0.7488274428331765,0.7391132566118681,0.4087100768927968,0.5739116667523325,nan,nan,0.349634719032256,-6.1261496504815
Elliptic,900.0,1550.0,0.9398869913316441,-7.1929543697405816,-3.126533689204469,-7.1929543697405816,3.2722913810034635,0.7102445648867097,0.7442405918178219,0.40033425950156903,0.5722874256596955,nan,nan,0.28103659498945494,-6.140509212734279
Elliptic,850.0,1550.0,0.9200311772925595,-7.1929543697405816,-3.136461596224011,-7.1929543697405816,3.2584141824904904,0.7102445648867097,0.7434810482559877,0.40033425950156903,0.5719076538787784,nan,nan,0.29223416038309735,-6.17359179410294
Elliptic,650.0,1500.0,0.7642688318707885,-6.977914078043205,-3.106822623086208,-6.977914078043205,3.186918514166731,0.7488274428331765,0.7374833301228029,0.4087100768927968,0.5730967035077998,nan,nan,0.38110089809982967,-6.21178805129187
Elliptic,600.0,1450.0,0.6545576589139359,-6.882855555106708,-3.1141489480963864,-6.882855555106708,3.1969892311678683,0.7637485556510784,0.7332177051022016,0.41244595765927916,0.5728318313807403,nan,nan,0.4081036236895952,-6.22612031026745
Elliptic,800.0,1550.0,0.7747618682558394,-7.1929543697405816,-3.209096250742371,-7.1929543697405816,3.1386121120627415,0.7102445648867097,0.737889540271336,0.40033425950156903,0.5691118998864525,nan,nan,0.2936345354812789,-6.254618706802314
Elliptic,750.0,1550.0,0.8621286164358901,-7.1929543697405816,-3.1654128766523457,-7.1929543697405816,3.209306077189445,0.7102445648867097,0.7412595880123413,0.40033425950156903,0.5707969237569551,nan,nan,0.32364594791740475,-6.267588109843537
Elliptic,600.0,1500.0,0.6545576589139359,-6.977914078043205,-3.1616782095646343,-6.977914078043205,3.1969892311678683,0.7488274428331765,0.7332177051022016,0.4087100768927968,0.5709638909974992,nan,nan,0.4105717429532655,-6.32985095249777
Elliptic,700.0,1550.0,0.806421064243106,-7.1929543697405816,-3.1932666527487377,-7.1929543697405816,3.162263220415946,0.7102445648867097,0.7391132566118681,0.40033425950156903,0.5697237580567186,nan,nan,0.35494432571948675,-6.360184972944564
Elliptic,650.0,1550.0,0.7642688318707885,-7.1929543697405816,-3.2143427689348965,-7.1929543697405816,3.186918514166731,0.7102445648867097,0.7374833301228029,0.40033425950156903,0.5689087948121859,nan,nan,0.38597781750686533,-6.444957999194546
Elliptic,1150.0,1600.0,1.0550319660444953,-7.682058422985905,-3.3135132284707045,-7.682058422985905,3.2766325376149497,0.6336762005506557,0.7486224659373499,0.38168605010421597,0.5651542580207829,nan,nan,0.21852977725253825,-6.461293478427168
Elliptic,1100.0,1600.0,1.0699850497342243,-7.682058422985905,-3.3060366866258404,-7.682058422985905,3.2938775511888476,0.6336762005506557,0.7491886359270307,0.38168605010421597,0.5654373430156233,nan,nan,0.22583362731402803,-6.467858466715603
Elliptic,1200.0,1600.0,1.0108442289874289,-7.682058422985905,-3.335607096999238,-7.682058422985905,3.2334859691514857,0.6336762005506557,0.746945505156296,0.38168605010421597,0.564315777630256,nan,nan,0.2101525031351564,-6.468309759501992
Elliptic,1250.0,1600.0,0.9320602548780337,-7.682058422985905,-3.3749990840539352,-7.682058422985905,3.165154361437291,0.6336762005506557,0.74394133286378,0.38168605010421597,0.562813691483998,nan,nan,0.19522106806677142,-6.480843048712435
Elliptic,1300.0,1600.0,0.7831543473520268,-7.682058422985905,-3.449452037816939,-7.682058422985905,3.0424053633649617,0.6336762005506557,0.7382142092832032,0.38168605010421597,0.5599501296937096,nan,nan,0.17206037456800513,-6.5147017390584825
Elliptic,1050.0,1600.0,1.0224429304991185,-7.682058422985905,-3.329807746243393,-7.682058422985905,3.2800765919613495,0.6336762005506557,0.7473862445251777,0.38168605010421597,0.5645361473146968,nan,nan,0.23868992758886687,-6.519144518284685
Elliptic,1350.0,1600.0,0.6609169120365644,-7.682058422985905,-3.51057075547467,-7.682058422985905,2.9448504223388827,0.6336762005506557,0.7334658683059703,0.38168605010421597,0.5575759592050931,nan,nan,0.16042017268216974,-6.557288393921776
Elliptic,600.0,1550.0,0.6545576589139359,-7.1929543697405816,-3.269198355413323,-7.1929543697405816,3.1969892311678683,0.7102445648867097,0.7332177051022016,0.40033425950156903,0.5667759823018853,nan,nan,0.4151026780428853,-6.562328931765614
Elliptic,1000.0,1600.0,1.0146784686649861,-7.682058422985905,-3.3336899771604593,-7.682058422985905,3.2897029045137867,0.6336762005506557,0.7470912464688201,0.38168605010421597,0.564388648286518,nan,nan,0.2615677926376821,-6.56907747735574
Elliptic,1400.0,1600.0,0.6099341437927109,-7.682058422985905,-3.5360621395965968,-7.682058422985905,2.908073327531068,0.6336762005506557,0.7314731948660842,0.38168605010421597,0.55657962248515,nan,nan,0.15384608509579467,-6.571624276310838
Elliptic,950.0,1600.0,1.0558609073118639,-7.682058422985905,-3.3130987578370203,-7.682058422985905,3.3218133218793158,0.6336762005506557,0.7486538696290758,0.38168605010421597,0.5651699598666459,nan,nan,0.27449936086415705,-6.572786771324996
Elliptic,1450.0,1600.0,0.5517364338502191,-7.682058422985905,-3.565160994567843,-7.682058422985905,2.8668275569949464,0.6336762005506557,0.7291898614372572,0.38168605010421597,0.5554379557707365,nan,nan,0.14469912940600985,-6.584712553331342
Elliptic,1500.0,1600.0,0.4610401977002322,-7.682058422985905,-3.6105091126428364,-7.682058422985905,2.7998417274193037,0.6336762005506557,0.7256133343354694,0.38168605010421597,0.5536496922198426,nan,nan,0.12751637949986297,-6.599271698695829
Elliptic,900.0,1600.0,0.9398869913316441,-7.682058422985905,-3.3710857158271303,-7.682058422985905,3.2722913810034635,0.6336762005506557,0.7442405918178219,0.38168605010421597,0.562963320961019,nan,nan,0.2939074711419844,-6.674003227682014
Elliptic,850.0,1600.0,0.9200311772925595,-7.682058422985905,-3.3810136228466727,-7.682058422985905,3.2584141824904904,0.6336762005506557,0.7434810482559877,0.38168605010421597,0.5625835491801019,nan,nan,0.30463228910126267,-6.706140314181947
Elliptic,800.0,1600.0,0.7747618682558394,-7.682058422985905,-3.4536482773650325,-7.682058422985905,3.1386121120627415,0.6336762005506557,0.737889540271336,0.38168605010421597,0.559787795187776,nan,nan,0.30597588410299503,-6.787053666688423
Elliptic,750.0,1600.0,0.8621286164358901,-7.682058422985905,-3.4099649032750072,-7.682058422985905,3.209306077189445,0.6336762005506557,0.7412595880123413,0.38168605010421597,0.5614728190582786,nan,nan,0.3348831032756134,-6.7978146832026285
Elliptic,700.0,1600.0,0.806421064243106,-7.682058422985905,-3.437818679371399,-7.682058422985905,3.162263220415946,0.6336762005506557,0.7391132566118681,0.38168605010421597,0.560399653358042,nan,nan,0.36521977407145817,-6.888488132291185
Elliptic,650.0,1600.0,0.7642688318707885,-7.682058422985905,-3.458894795557558,-7.682058422985905,3.186918514166731,0.6336762005506557,0.7374833301228029,0.38168605010421597,0.5595846901135094,nan,nan,0.39544769941593855,-6.971650025655368
Elliptic,1150.0,1650.0,1.0550319660444953,-8.227224333271332,-3.586096183613418,-8.227224333271332,3.2766325376149497,0.5662066862881476,0.7486224659373499,0.3615866629553661,0.555104564446358,nan,nan,0.2348134211961812,-7.05912606374873
Elliptic,1100.0,1650.0,1.0699850497342243,-8.227224333271332,-3.5786196417685536,-8.227224333271332,3.2938775511888476,0.5662066862881476,0.7491886359270307,0.3615866629553661,0.5553876494411984,nan,nan,0.2416256410088533,-7.064707791539529
Elliptic,1200.0,1650.0,1.0108442289874289,-8.227224333271332,-3.6081900521419517,-8.227224333271332,3.2334859691514857,0.5662066862881476,0.746945505156296,0.3615866629553661,0.5542660840558311,nan,nan,0.22703750077335544,-7.067345052212666
Elliptic,1250.0,1650.0,0.9320602548780337,-8.227224333271332,-3.6475820391966494,-8.227224333271332,3.165154361437291,0.5662066862881476,0.74394133286378,0.3615866629553661,0.5527639979095731,nan,nan,0.21328930724452153,-7.0822448245022125
Elliptic,600.0,1600.0,0.6545576589139359,-7.682058422985905,-3.513750382035984,-7.682058422985905,3.1969892311678683,0.6336762005506557,0.7332177051022016,0.38168605010421597,0.5574518776032088,nan,nan,0.42392241938420305,-7.087720677090926
Elliptic,1050.0,1650.0,1.0224429304991185,-8.227224333271332,-3.6023907013861067,-8.227224333271332,3.2800765919613495,0.5662066862881476,0.7473862445251777,0.3615866629553661,0.5544864537402718,nan,nan,0.25368286345731433,-7.1143956874558585
Elliptic,1300.0,1650.0,0.7831543473520268,-8.227224333271332,-3.7220349929596526,-8.227224333271332,3.0424053633649617,0.5662066862881476,0.7382142092832032,0.3615866629553661,0.5499004361192847,nan,nan,0.19230527187836483,-7.120456831113478
Elliptic,1000.0,1650.0,1.0146784686649861,-8.227224333271332,-3.606272932303173,-8.227224333271332,3.2897029045137867,0.5662066862881476,0.7470912464688201,0.3615866629553661,0.5543389547120932,nan,nan,0.275317754079423,-7.1618426976734995
Elliptic,950.0,1650.0,1.0558609073118639,-8.227224333271332,-3.585681712979734,-8.227224333271332,3.3218133218793158,0.5662066862881476,0.7486538696290758,0.3615866629553661,0.555120266292221,nan,nan,0.28763177528141715,-7.1643168975937925
Elliptic,1350.0,1650.0,0.6609169120365644,-8.227224333271332,-3.7831537106173836,-8.227224333271332,2.9448504223388827,0.5662066862881476,0.7334658683059703,0.3615866629553661,0.5475262656306682,nan,nan,0.18192156707221613,-7.1655564801361455
Elliptic,1400.0,1650.0,0.6099341437927109,-8.227224333271332,-3.8086450947393105,-8.227224333271332,2.908073327531068,0.5662066862881476,0.7314731948660842,0.3615866629553661,0.5465299289107252,nan,nan,0.17598230127633327,-7.1811620061061925
Elliptic,1450.0,1650.0,0.5517364338502191,-8.227224333271332,-3.8377439497105565,-8.227224333271332,2.8668275569949464,0.5662066862881476,0.7291898614372572,0.3615866629553661,0.5453882621963116,nan,nan,0.16729376164181553,-7.195167115237229
Elliptic,1500.0,1650.0,0.4610401977002322,-8.227224333271332,-3.88309206778555,-8.227224333271332,2.7998417274193037,0.5662066862881476,0.7256133343354694,0.3615866629553661,0.5435999986454177,nan,nan,0.1490984020030188,-7.207701041136418
Elliptic,900.0,1650.0,0.9398869913316441,-8.227224333271332,-3.643668670969844,-8.227224333271332,3.2722913810034635,0.5662066862881476,0.7442405918178219,0.3615866629553661,0.552913627386594,nan,nan,0.3062086655716108,-7.263870913975544
Elliptic,850.0,1650.0,0.9200311772925595,-8.227224333271332,-3.6535965779893864,-8.227224333271332,3.2584141824904904,0.5662066862881476,0.7434810482559877,0.3615866629553661,0.5525338556056769,nan,nan,0.3165168955426981,-7.295174824499095
Elliptic,800.0,1650.0,0.7747618682558394,-8.227224333271332,-3.7262312325077462,-8.227224333271332,3.1386121120627415,0.5662066862881476,0.737889540271336,0.3615866629553661,0.5497381016133511,nan,nan,0.3178102178720858,-7.375987631660881
Elliptic,750.0,1650.0,0.8621286164358901,-8.227224333271332,-3.682547858417721,-8.227224333271332,3.209306077189445,0.5662066862881476,0.7412595880123413,0.3615866629553661,0.5514231254838537,nan,nan,0.3457294370358714,-7.384772648157423
Elliptic,700.0,1650.0,0.806421064243106,-8.227224333271332,-3.710401634514113,-8.227224333271332,3.162263220415946,0.5662066862881476,0.7391132566118681,0.3615866629553661,0.5503499597836171,nan,nan,0.3751900505635476,-7.473693982709639
Elliptic,1150.0,1700.0,1.0550319660444953,-8.66292743059663,-3.8039477322760673,-8.66292743059663,3.2766325376149497,0.5171552302822473,0.7486224659373499,0.34606237481994656,0.5473424203786482,nan,nan,0.2464432224879999,-7.533613051793085
Elliptic,1100.0,1700.0,1.0699850497342243,-8.66292743059663,-3.7964711904312027,-8.66292743059663,3.2938775511888476,0.5171552302822473,0.7491886359270307,0.34606237481994656,0.5476255053734886,nan,nan,0.25294237125546093,-7.538568637493462
Elliptic,1200.0,1700.0,1.0108442289874289,-8.66292743059663,-3.8260416008046008,-8.66292743059663,3.2334859691514857,0.5171552302822473,0.746945505156296,0.34606237481994656,0.5465039399881213,nan,nan,0.23904576708036,-7.542588970287394
Elliptic,650.0,1650.0,0.7642688318707885,-8.227224333271332,-3.7314777507002717,-8.227224333271332,3.186918514166731,0.5662066862881476,0.7374833301228029,0.3615866629553661,0.5495349965390846,nan,nan,0.4046739854955288,-7.555367895248827
Elliptic,1250.0,1700.0,0.9320602548780337,-8.66292743059663,-3.8654335878592985,-8.66292743059663,3.165154361437291,0.5171552302822473,0.74394133286378,0.34606237481994656,0.5450018538418633,nan,nan,0.2260286431537369,-7.55895088178136
Elliptic,1050.0,1700.0,1.0224429304991185,-8.66292743059663,-3.820242250048756,-8.66292743059663,3.2800765919613495,0.5171552302822473,0.7473862445251777,0.34606237481994656,0.5467243096725621,nan,nan,0.26448413424602807,-7.587225614494003
Elliptic,1300.0,1700.0,0.7831543473520268,-8.66292743059663,-3.9398865416223017,-8.66292743059663,3.0424053633649617,0.5171552302822473,0.7382142092832032,0.34606237481994656,0.5421382920515749,nan,nan,0.20634124025177253,-7.599756153321011
Elliptic,1000.0,1700.0,1.0146784686649861,-8.66292743059663,-3.824124480965822,-8.66292743059663,3.2897029045137867,0.5171552302822473,0.7470912464688201,0.34606237481994656,0.5465768106443833,nan,nan,0.28530113945764196,-7.633036853890654
Elliptic,950.0,1700.0,1.0558609073118639,-8.66292743059663,-3.803533261642383,-8.66292743059663,3.3218133218793158,0.5171552302822473,0.7486538696290758,0.34606237481994656,0.5473581222245112,nan,nan,0.29720186399866566,-7.634684460489007
Elliptic,1350.0,1700.0,0.6609169120365644,-8.66292743059663,-4.001005259280033,-8.66292743059663,2.9448504223388827,0.5171552302822473,0.7334658683059703,0.34606237481994656,0.5397641215629584,nan,nan,0.19668792797480644,-7.646316587402044
Elliptic,1400.0,1700.0,0.6099341437927109,-8.66292743059663,-4.02649664340196,-8.66292743059663,2.908073327531068,0.5171552302822473,0.7314731948660842,0.34606237481994656,0.5387677848430154,nan,nan,0.1911602097345712,-7.662745208483386
Elliptic,600.0,1650.0,0.6545576589139359,-8.227224333271332,-3.7863333371786982,-8.227224333271332,3.1969892311678683,0.5662066862881476,0.7332177051022016,0.3615866629553661,0.5474021840287839,nan,nan,0.43254167187883386,-7.670224479514465
Elliptic,1450.0,1700.0,0.5517364338502191,-8.66292743059663,-4.055595498373205,-8.66292743059663,2.8668275569949464,0.5171552302822473,0.7291898614372572,0.34606237481994656,0.5376261181286018,nan,nan,0.18298746809446143,-7.677781913603239
Elliptic,1500.0,1700.0,0.4610401977002322,-8.66292743059663,-4.100943616448199,-8.66292743059663,2.7998417274193037,0.5171552302822473,0.7256133343354694,0.34606237481994656,0.5358378545777079,nan,nan,0.16556562677522751,-7.6918628761415535
Elliptic,900.0,1700.0,0.9398869913316441,-8.66292743059663,-3.861520219632493,-8.66292743059663,3.2722913810034635,0.5171552302822473,0.7442405918178219,0.34606237481994656,0.5451514833188842,nan,nan,0.3152152038383783,-7.733111375969797
Elliptic,850.0,1700.0,0.9200311772925595,-8.66292743059663,-3.8714481266520355,-8.66292743059663,3.2584141824904904,0.5171552302822473,0.7434810482559877,0.34606237481994656,0.5447717115379671,nan,nan,0.3252380851432429,-7.763844589160901
Elliptic,800.0,1700.0,0.7747618682558394,-8.66292743059663,-3.9440827811703953,-8.66292743059663,3.1386121120627415,0.5171552302822473,0.737889540271336,0.34606237481994656,0.5419759575456413,nan,nan,0.3264969143633601,-7.844588410104148
Elliptic,750.0,1700.0,0.8621286164358901,-8.66292743059663,-3.90039940708037,-8.66292743059663,3.209306077189445,0.5171552302822473,0.7412595880123413,0.34606237481994656,0.5436609814161439,nan,nan,0.35373116131360555,-7.852003482173608
Elliptic,700.0,1700.0,0.806421064243106,-8.66292743059663,-3.928253183176762,-8.66292743059663,3.162263220415946,0.5171552302822473,0.7391132566118681,0.34606237481994656,0.5425878157159073,nan,nan,0.38257601453729206,-7.939693296117846
Elliptic,1150.0,1750.0,1.0550319660444953,-9.044217234415422,-3.994592634185463,-9.044217234415422,3.2766325376149497,0.48109080601686904,0.7486224659373499,0.3328792785573894,0.5407508722473697,nan,nan,0.25565852493846586,-7.946516556775367
Elliptic,1100.0,1750.0,1.0699850497342243,-9.044217234415422,-3.9871160923405986,-9.044217234415422,3.2938775511888476,0.48109080601686904,0.7491886359270307,0.3328792785573894,0.54103395724221,nan,nan,0.26192912394373735,-7.951015042951364
Elliptic,1200.0,1750.0,1.0108442289874289,-9.044217234415422,-4.016686502713997,-9.044217234415422,3.2334859691514857,0.48109080601686904,0.746945505156296,0.3328792785573894,0.5399123918568427,nan,nan,0.24853550979826075,-7.956041355804545
Elliptic,1250.0,1750.0,0.9320602548780337,-9.044217234415422,-4.056078489768694,-9.044217234415422,3.165154361437291,0.48109080601686904,0.74394133286378,0.3328792785573894,0.5384103057105847,nan,nan,0.23604223351204773,-7.973450962579331
Elliptic,1050.0,1750.0,1.0224429304991185,-9.044217234415422,-4.010887151958151,-9.044217234415422,3.2800765919613495,0.48109080601686904,0.7473862445251777,0.3328792785573894,0.5401327615412835,nan,nan,0.27309136869440814,-7.998912983472111
Elliptic,1300.0,1750.0,0.7831543473520268,-9.044217234415422,-4.130531443531698,-9.044217234415422,3.0424053633649617,0.48109080601686904,0.7382142092832032,0.3328792785573894,0.5355467439202963,nan,nan,0.21726340619119014,-8.016073385281196
Elliptic,650.0,1700.0,0.7642688318707885,-8.66292743059663,-3.9493292993629208,-8.66292743059663,3.186918514166731,0.5171552302822473,0.7374833301228029,0.34606237481994656,0.5417728524713747,nan,nan,0.4115311178190722,-8.02030954535663
Elliptic,1000.0,1750.0,1.0146784686649861,-9.044217234415422,-4.014769382875218,-9.044217234415422,3.2897029045137867,0.48109080601686904,0.7470912464688201,0.3328792785573894,0.5399852625131047,nan,nan,0.2932981054165945,-8.043503685889908
Elliptic,950.0,1750.0,1.0558609073118639,-9.044217234415422,-3.994178163551779,-9.044217234415422,3.3218133218793158,0.48109080601686904,0.7486538696290758,0.3328792785573894,0.5407665740932326,nan,nan,0.3048867933295335,-8.044527219232092
Elliptic,1350.0,1750.0,0.6609169120365644,-9.044217234415422,-4.191650161189429,-9.044217234415422,2.9448504223388827,0.48109080601686904,0.7334658683059703,0.3328792785573894,0.5331725734316799,nan,nan,0.2081140055154701,-8.06364164256472
Elliptic,1400.0,1750.0,0.6099341437927109,-9.044217234415422,-4.217141545311356,-9.044217234415422,2.908073327531068,0.48109080601686904,0.7314731948660842,0.3328792785573894,0.5321762367117369,nan,nan,0.20288382325596538,-8.080665335607524
Elliptic,1450.0,1750.0,0.5517364338502191,-9.044217234415422,-4.246240400282601,-9.044217234415422,2.8668275569949464,0.48109080601686904,0.7291898614372572,0.3328792785573894,0.5310345699973233,nan,nan,0.19514307301543832,-8.096566023526542
Elliptic,1500.0,1750.0,0.4610401977002322,-9.044217234415422,-4.291588518357595,-9.044217234415422,2.7998417274193037,0.48109080601686904,0.7256133343354694,0.3328792785573894,0.5292463064464294,nan,nan,0.17864306662411372,-8.112490655920674
Elliptic,600.0,1700.0,0.6545576589139359,-8.66292743059663,-4.004184885841347,-8.66292743059663,3.1969892311678683,0.5171552302822473,0.7332177051022016,0.34606237481994656,0.5396400399610741,nan,nan,0.4389637471665835,-8.134296015550682
Elliptic,900.0,1750.0,0.9398869913316441,-9.044217234415422,-4.052165121541889,-9.044217234415422,3.2722913810034635,0.48109080601686904,0.7442405918178219,0.3328792785573894,0.5385599351876056,nan,nan,0.3224711885982904,-8.142096245570968
Elliptic,850.0,1750.0,0.9200311772925595,-9.044217234415422,-4.062093028561431,-9.044217234415422,3.2584141824904904,0.48109080601686904,0.7434810482559877,0.3328792785573894,0.5381801634066885,nan,nan,0.3322753188922905,-8.172391956740345
Elliptic,800.0,1750.0,0.7747618682558394,-9.044217234415422,-4.134727683079792,-9.044217234415422,3.1386121120627415,0.48109080601686904,0.737889540271336,0.3328792785573894,0.5353844094143627,nan,nan,0.3335074789581298,-8.253082439375037
Elliptic,750.0,1750.0,0.8621286164358901,-9.044217234415422,-4.0910443089897655,-9.044217234415422,3.209306077189445,0.48109080601686904,0.7412595880123413,0.3328792785573894,0.5370694332848653,nan,nan,0.3602120667244731,-8.25943819307669
Elliptic,700.0,1750.0,0.806421064243106,-9.044217234415422,-4.118898085086158,-9.044217234415422,3.162263220415946,0.48109080601686904,0.7391132566118681,0.3328792785573894,0.5359962675846288,nan,nan,0.38857619809812977,-8.34616656332087
Elliptic,1150.0,1800.0,1.0550319660444953,-9.479936259206452,-4.212452146580978,-9.479936259206452,3.2766325376149497,0.4370500058411308,0.7486224659373499,0.3182804523559735,0.5334514591466617,nan,nan,0.26516624770678243,-8.415849853304447
Elliptic,1100.0,1800.0,1.0699850497342243,-9.479936259206452,-4.204975604736114,-9.479936259206452,3.2938775511888476,0.4370500058411308,0.7491886359270307,0.3182804523559735,0.5337345441415021,nan,nan,0.27121717412956775,-8.419908994315472
Elliptic,1200.0,1800.0,1.0108442289874289,-9.479936259206452,-4.234546015109512,-9.479936259206452,3.2334859691514857,0.4370500058411308,0.746945505156296,0.3182804523559735,0.5326129787561348,nan,nan,0.2583055607498409,-8.425899308700151
Elliptic,650.0,1750.0,0.7642688318707885,-9.044217234415422,-4.139974201272317,-9.044217234415422,3.186918514166731,0.48109080601686904,0.7374833301228029,0.3328792785573894,0.5351813043400961,nan,nan,0.41711497669789666,-8.425950163195628
Elliptic,1250.0,1800.0,0.9320602548780337,-9.479936259206452,-4.2739380021642095,-9.479936259206452,3.165154361437291,0.4370500058411308,0.74394133286378,0.3182804523559735,0.5311108926098768,nan,nan,0.2463083533022971,-8.444301053152275
Elliptic,1050.0,1800.0,1.0224429304991185,-9.479936259206452,-4.228746664353666,-9.479936259206452,3.2800765919613495,0.4370500058411308,0.7473862445251777,0.3182804523559735,0.5328333484405756,nan,nan,0.2820120691472658,-8.467072235370273
Elliptic,1300.0,1800.0,0.7831543473520268,-9.479936259206452,-4.348390955927213,-9.479936259206452,3.0424053633649617,0.4370500058411308,0.7382142092832032,0.3182804523559735,0.5282473308195884,nan,nan,0.22837509615575452,-8.48861461620277
Elliptic,1000.0,1800.0,1.0146784686649861,-9.479936259206452,-4.232628895270733,-9.479936259206452,3.2897029045137867,0.4370500058411308,0.7470912464688201,0.3182804523559735,0.5326858494123968,nan,nan,0.301621777919243,-8.510468881887652
Elliptic,950.0,1800.0,1.0558609073118639,-9.479936259206452,-4.212037675947294,-9.479936259206452,3.3218133218793158,0.4370500058411308,0.7486538696290758,0.3182804523559735,0.5334671609925247,nan,nan,0.3129022847588413,-8.510876053083154
Elliptic,1350.0,1800.0,0.6609169120365644,-9.479936259206452,-4.409509673584944,-9.479936259206452,2.9448504223388827,0.4370500058411308,0.7334658683059703,0.3182804523559735,0.5258731603309719,nan,nan,0.21968807993555023,-8.537107642397325
Elliptic,600.0,1750.0,0.6545576589139359,-9.044217234415422,-4.194829787750743,-9.044217234415422,3.1969892311678683,0.48109080601686904,0.7332177051022016,0.3328792785573894,0.5330484918297955,nan,nan,0.44420293825888024,-8.539247297816624
Elliptic,1400.0,1800.0,0.6099341437927109,-9.479936259206452,-4.435001057706871,-9.479936259206452,2.908073327531068,0.4370500058411308,0.7314731948660842,0.3182804523559735,0.5248768236110288,nan,nan,0.21473583615412611,-8.554687212396292
Elliptic,1450.0,1800.0,0.5517364338502191,-9.479936259206452,-4.464099912678116,-9.479936259206452,2.8668275569949464,0.4370500058411308,0.7291898614372572,0.3182804523559735,0.5237351568966153,nan,nan,0.20741925335818914,-8.57143623520449
Elliptic,1500.0,1800.0,0.4610401977002322,-9.479936259206452,-4.50944803075311,-9.479936259206452,2.7998417274193037,0.4370500058411308,0.7256133343354694,0.3182804523559735,0.5219468933457214,nan,nan,0.1918962445389889,-8.58931486274287
Elliptic,900.0,1800.0,0.9398869913316441,-9.479936259206452,-4.270024633937404,-9.479936259206452,3.2722913810034635,0.4370500058411308,0.7442405918178219,0.3182804523559735,0.5312605220868977,nan,nan,0.3300598607136476,-8.60759144079413
Elliptic,850.0,1800.0,0.9200311772925595,-9.479936259206452,-4.2799525409569465,-9.479936259206452,3.2584141824904904,0.4370500058411308,0.7434810482559877,0.3182804523559735,0.5308807503059806,nan,nan,0.3396449578830214,-8.637449085714254
Elliptic,800.0,1800.0,0.7747618682558394,-9.479936259206452,-4.352587195475307,-9.479936259206452,3.1386121120627415,0.4370500058411308,0.737889540271336,0.3182804523559735,0.5280849963136548,nan,nan,0.34085052402491933,-8.718086380501061
Elliptic,750.0,1800.0,0.8621286164358901,-9.479936259206452,-4.308903821385281,-9.479936259206452,3.209306077189445,0.4370500058411308,0.7412595880123413,0.3182804523559735,0.5297700201841574,nan,nan,0.36702127732368645,-8.723374465267563
Elliptic,700.0,1800.0,0.806421064243106,-9.479936259206452,-4.336757597481673,-9.479936259206452,3.162263220415946,0.4370500058411308,0.7391132566118681,0.3182804523559735,0.5286968544839208,nan,nan,0.39489659958614304,-8.809125217289342
Elliptic,650.0,1800.0,0.7642688318707885,-9.479936259206452,-4.357833713667832,-9.479936259206452,3.186918514166731,0.4370500058411308,0.7374833301228029,0.3182804523559735,0.5278818912393882,nan,nan,0.4230091607146511,-8.888056382221583
Elliptic,600.0,1800.0,0.6545576589139359,-9.479936259206452,-4.412689300146258,-9.479936259206452,3.1969892311678683,0.4370500058411308,0.7332177051022016,0.3182804523559735,0.5257490787290876,nan,nan,0.4497422983936839,-9.000643869078678
Elliptic,1150.0,1850.0,1.0550319660444953,-10.245015798223822,-4.594991916089663,-10.245015798223822,3.2766325376149497,0.3653738721836538,0.7486224659373499,0.2938586310352297,0.5212405484862899,nan,nan,0.2791528461718831,-9.23332441057276
Elliptic,1100.0,1850.0,1.0699850497342243,-10.245015798223822,-4.5875153742447985,-10.245015798223822,3.2938775511888476,0.3653738721836538,0.7491886359270307,0.2938586310352297,0.5215236334811302,nan,nan,0.284906894879382,-9.236789796153213
Elliptic,1200.0,1850.0,1.0108442289874289,-10.245015798223822,-4.6170857846181965,-10.245015798223822,3.2334859691514857,0.3653738721836538,0.746945505156296,0.2938586310352297,0.5204020680957628,nan,nan,0.27264436884270005,-9.244078285223981
Elliptic,1250.0,1850.0,0.9320602548780337,-10.245015798223822,-4.656477771672894,-10.245015798223822,3.165154361437291,0.3653738721836538,0.74394133286378,0.2938586310352297,0.5188999819495048,nan,nan,0.2613062731805356,-9.263798253246867
Elliptic,1050.0,1850.0,1.0224429304991185,-10.245015798223822,-4.611286433862352,-10.245015798223822,3.2800765919613495,0.3653738721836538,0.7473862445251777,0.2938586310352297,0.5206224377802037,nan,nan,0.29520160219748914,-9.282952661808833
Elliptic,1300.0,1850.0,0.7831543473520268,-10.245015798223822,-4.730930725435897,-10.245015798223822,3.0424053633649617,0.3653738721836538,0.7382142092832032,0.2938586310352297,0.5160364201592165,nan,nan,0.24447566707560286,-9.310317118380581
Elliptic,950.0,1850.0,1.0558609073118639,-10.245015798223822,-4.594577445455979,-10.245015798223822,3.3218133218793158,0.3653738721836538,0.7486538696290758,0.2938586310352297,0.5212562503321527,nan,nan,0.3248399285874866,-9.324252701078558
Elliptic,1000.0,1850.0,1.0146784686649861,-10.245015798223822,-4.615168664779418,-10.245015798223822,3.2897029045137867,0.3653738721836538,0.7470912464688201,0.2938586310352297,0.5204749387520249,nan,nan,0.3139886296250217,-9.324703945637323
Elliptic,1350.0,1850.0,0.6609169120365644,-10.245015798223822,-4.792049443093629,-10.245015798223822,2.9448504223388827,0.3653738721836538,0.7334658683059703,0.2938586310352297,0.5136622496706,nan,nan,0.2363808640640738,-9.35999457099249
Elliptic,1400.0,1850.0,0.6099341437927109,-10.245015798223822,-4.817540827215556,-10.245015798223822,2.908073327531068,0.3653738721836538,0.7314731948660842,0.2938586310352297,0.512665912950657,nan,nan,0.23178415885279693,-9.378285218131747
Elliptic,1450.0,1850.0,0.5517364338502191,-10.245015798223822,-4.846639682186801,-10.245015798223822,2.8668275569949464,0.3653738721836538,0.7291898614372572,0.2938586310352297,0.5115242462362435,nan,nan,0.2250163625538091,-9.396131813933843
Elliptic,1500.0,1850.0,0.4610401977002322,-10.245015798223822,-4.891987800261795,-10.245015798223822,2.7998417274193037,0.3653738721836538,0.7256133343354694,0.2938586310352297,0.5097359826853496,nan,nan,0.2107653106484397,-9.416554355299885
Elliptic,900.0,1850.0,0.9398869913316441,-10.245015798223822,-4.652564403446089,-10.245015798223822,3.2722913810034635,0.3653738721836538,0.7442405918178219,0.2938586310352297,0.5190496114265257,nan,nan,0.34139812564406913,-9.419769330993088
Elliptic,850.0,1850.0,0.9200311772925595,-10.245015798223822,-4.662492310465631,-10.245015798223822,3.2584141824904904,0.3653738721836538,0.7434810482559877,0.2938586310352297,0.5186698396456086,nan,nan,0.3506734619030364,-9.449007454092397
Elliptic,800.0,1850.0,0.7747618682558394,-10.245015798223822,-4.7351269649839915,-10.245015798223822,3.1386121120627415,0.3653738721836538,0.737889540271336,0.2938586310352297,0.5158740856532829,nan,nan,0.35184133764636394,-9.529569368082065
Elliptic,750.0,1850.0,0.8621286164358901,-10.245015798223822,-4.691443590893966,-10.245015798223822,3.209306077189445,0.3653738721836538,0.7412595880123413,0.2938586310352297,0.5175591095237855,nan,nan,0.377250270942889,-9.533333812844083
Elliptic,700.0,1850.0,0.806421064243106,-10.245015798223822,-4.719297366990358,-10.245015798223822,3.162263220415946,0.3653738721836538,0.7391132566118681,0.2938586310352297,0.516485943823549,nan,nan,0.4044212491801649,-9.617675876815502
Elliptic,650.0,1850.0,0.7642688318707885,-10.245015798223822,-4.7403734831765165,-10.245015798223822,3.186918514166731,0.3653738721836538,0.7374833301228029,0.2938586310352297,0.5156709805790163,nan,nan,0.43191425087269164,-9.695367922875779
Elliptic,600.0,1850.0,0.6545576589139359,-10.245015798223822,-4.795229069654943,-10.245015798223822,3.1969892311678683,0.3653738721836538,0.7332177051022016,0.2938586310352297,0.5135381680687157,nan,nan,0.45812803592391843,-9.806916704477258
Elliptic,1150.0,1900.0,1.0550319660444953,-11.299670350061621,-5.122319192008563,-11.299670350061621,3.2766325376149497,0.29282412612003755,0.7486224659373499,0.26271611568004366,0.5056692908086968,nan,nan,0.294013357840563,-10.348842501103105
Elliptic,1100.0,1900.0,1.0699850497342243,-11.299670350061621,-5.114842650163698,-11.299670350061621,3.2938775511888476,0.29282412612003755,0.7491886359270307,0.26271611568004366,0.5059523758035371,nan,nan,0.2994820202666709,-10.351737114120777
Elliptic,1200.0,1900.0,1.0108442289874289,-11.299670350061621,-5.144413060537096,-11.299670350061621,3.2334859691514857,0.29282412612003755,0.746945505156296,0.26271611568004366,0.5048308104181698,nan,nan,0.28784106607747084,-10.360268746886508
Elliptic,1250.0,1900.0,0.9320602548780337,-11.299670350061621,-5.183805047591794,-11.299670350061621,3.165154361437291,0.29282412612003755,0.74394133286378,0.26271611568004366,0.5033287242719118,nan,nan,0.2771254074116576,-10.381233588902099
Elliptic,1050.0,1900.0,1.0224429304991185,-11.299670350061621,-5.138613709781252,-11.299670350061621,3.2800765919613495,0.29282412612003755,0.7473862445251777,0.26271611568004366,0.5050511801026106,nan,nan,0.3092919056814108,-10.396930335969662
Elliptic,1300.0,1900.0,0.7831543473520268,-11.299670350061621,-5.258258001354797,-11.299670350061621,3.0424053633649617,0.29282412612003755,0.7382142092832032,0.26271611568004366,0.5004651624816234,nan,nan,0.26131563935742586,-10.42979413013721
Elliptic,950.0,1900.0,1.0558609073118639,-11.299670350061621,-5.121904721374879,-11.299670350061621,3.3218133218793158,0.29282412612003755,0.7486538696290758,0.26271611568004366,0.5056849926545597,nan,nan,0.3376959279409796,-10.435761766978528
Elliptic,1000.0,1900.0,1.0146784686649861,-11.299670350061621,-5.142495940698318,-11.299670350061621,3.2897029045137867,0.29282412612003755,0.7470912464688201,0.26271611568004366,0.5049036810744318,nan,nan,0.3272710345256147,-10.437065822631494
Elliptic,1350.0,1900.0,0.6609169120365644,-11.299670350061621,-5.319376719012529,-11.299670350061621,2.9448504223388827,0.29282412612003755,0.7334658683059703,0.26271611568004366,0.498090991993007,nan,nan,0.25375852636821694,-10.48054696279376
Elliptic,1400.0,1900.0,0.6099341437927109,-11.299670350061621,-5.344868103134456,-11.299670350061621,2.908073327531068,0.29282412612003755,0.7314731948660842,0.26271611568004366,0.49709465527306396,nan,nan,0.2494818886234427,-10.499477744866024
Elliptic,1450.0,1900.0,0.5517364338502191,-11.299670350061621,-5.373966958105701,-11.299670350061621,2.8668275569949464,0.29282412612003755,0.7291898614372572,0.26271611568004366,0.49595298855865044,nan,nan,0.24320497026990784,-10.518306096559026
Elliptic,900.0,1900.0,0.9398869913316441,-11.299670350061621,-5.179891679364989,-11.299670350061621,3.2722913810034635,0.29282412612003755,0.7442405918178219,0.26271611568004366,0.5034783537489328,nan,nan,0.35365262084233307,-10.5300753885826
Elliptic,1500.0,1900.0,0.4610401977002322,-11.299670350061621,-5.419315076180695,-11.299670350061621,2.7998417274193037,0.29282412612003755,0.7256133343354694,0.26271611568004366,0.49416472500775654,nan,nan,0.2300739664214565,-10.540968734038906
Elliptic,850.0,1900.0,0.9200311772925595,-11.299670350061621,-5.189819586384531,-11.299670350061621,3.2584141824904904,0.29282412612003755,0.7434810482559877,0.26271611568004366,0.5030985819680157,nan,nan,0.3626145851347434,-10.558686767748798
Elliptic,800.0,1900.0,0.7747618682558394,-11.299670350061621,-5.262454240902891,-11.299670350061621,3.1386121120627415,0.29282412612003755,0.737889540271336,0.26271611568004366,0.5003028279756898,nan,nan,0.36374405579130403,-10.639171871564931
Elliptic,750.0,1900.0,0.8621286164358901,-11.299670350061621,-5.218770866812866,-11.299670350061621,3.209306077189445,0.29282412612003755,0.7412595880123413,0.26271611568004366,0.5019878518461924,nan,nan,0.3883751074087511,-10.641380552968794
Elliptic,700.0,1900.0,0.806421064243106,-11.299670350061621,-5.246624642909258,-11.299670350061621,3.162263220415946,0.29282412612003755,0.7391132566118681,0.26271611568004366,0.5009146861459559,nan,nan,0.41481808168002726,-10.724266609008213
Elliptic,650.0,1900.0,0.7642688318707885,-11.299670350061621,-5.267700759095416,-11.299670350061621,3.186918514166731,0.29282412612003755,0.7374833301228029,0.26271611568004366,0.5000997229014232,nan,nan,0.4416643657851078,-10.800665219893599
Elliptic,600.0,1900.0,0.6545576589139359,-11.299670350061621,-5.322556345573843,-11.299670350061621,3.1969892311678683,0.29282412612003755,0.7332177051022016,0.26271611568004366,0.4979669103911226,nan,nan,0.4673315648267271,-10.911120829475863
Elliptic,1150.0,1950.0,1.0550319660444953,-12.156462433255905,-5.550715233605705,-12.156462433255905,3.2766325376149497,0.24509273081084415,0.7486224659373499,0.23952299586534503,0.4940727309013475,nan,nan,0.3036579433984988,-11.24811687522796
Elliptic,1100.0,1950.0,1.0699850497342243,-12.156462433255905,-5.54323869176084,-12.156462433255905,3.2938775511888476,0.24509273081084415,0.7491886359270307,0.23952299586534503,0.4943558158961878,nan,nan,0.3089559269987452,-11.250670130593909
Elliptic,1200.0,1950.0,1.0108442289874289,-12.156462433255905,-5.572809102134238,-12.156462433255905,3.2334859691514857,0.24509273081084415,0.746945505156296,0.23952299586534503,0.4932342505108205,nan,nan,0.29768567029249066,-11.259943158325532
Elliptic,1250.0,1950.0,0.9320602548780337,-12.156462433255905,-5.612201089188936,-12.156462433255905,3.165154361437291,0.24509273081084415,0.74394133286378,0.23952299586534503,0.49173216436456246,nan,nan,0.2873373989748183,-11.2816427750374
Elliptic,1050.0,1950.0,1.0224429304991185,-12.156462433255905,-5.567009751378393,-12.156462433255905,3.2800765919613495,0.24509273081084415,0.7473862445251777,0.23952299586534503,0.4934546201952613,nan,nan,0.3184740879762467,-11.295279903568316
Elliptic,1300.0,1950.0,0.7831543473520268,-12.156462433255905,-5.68665404295194,-12.156462433255905,3.0424053633649617,0.24509273081084415,0.7382142092832032,0.23952299586534503,0.4888686025742741,nan,nan,0.2721215556194165,-11.331391165670176
Elliptic,950.0,1950.0,1.0558609073118639,-12.156462433255905,-5.550300762972021,-12.156462433255905,3.3218133218793158,0.24509273081084415,0.7486538696290758,0.23952299586534503,0.49408843274721037,nan,nan,0.34612541191187013,-11.332605937929292
Elliptic,1000.0,1950.0,1.0146784686649861,-12.156462433255905,-5.57089198229546,-12.156462433255905,3.2897029045137867,0.24509273081084415,0.7470912464688201,0.23952299586534503,0.49330712116708253,nan,nan,0.3359622824522453,-11.334433521493738
Elliptic,1350.0,1950.0,0.6609169120365644,-12.156462433255905,-5.747772760609671,-12.156462433255905,2.9448504223388827,0.24509273081084415,0.7334658683059703,0.23952299586534503,0.4864944320856577,nan,nan,0.2648730374703988,-11.382761188007105
Elliptic,1400.0,1950.0,0.6099341437927109,-12.156462433255905,-5.7732641447315975,-12.156462433255905,2.908073327531068,0.24509273081084415,0.7314731948660842,0.23952299586534503,0.48549809536571464,nan,nan,0.26077856998538157,-11.402056310598883
Elliptic,1450.0,1950.0,0.5517364338502191,-12.156462433255905,-5.802362999702843,-12.156462433255905,2.8668275569949464,0.24509273081084415,0.7291898614372572,0.23952299586534503,0.48435642865130113,nan,nan,0.2547796089175115,-11.421440576863215
Elliptic,900.0,1950.0,0.9398869913316441,-12.156462433255905,-5.608287720962131,-12.156462433255905,3.2722913810034635,0.24509273081084415,0.7442405918178219,0.23952299586534503,0.4918817938415835,nan,nan,0.36171054218140875,-11.426176434269733
Elliptic,1500.0,1950.0,0.4610401977002322,-12.156462433255905,-5.847711117777837,-12.156462433255905,2.7998417274193037,0.24509273081084415,0.7256133343354694,0.23952299586534503,0.48256816510040723,nan,nan,0.24227391962578124,-11.445353843456537
Elliptic,850.0,1950.0,0.9200311772925595,-12.156462433255905,-5.618215627981673,-12.156462433255905,3.2584141824904904,0.24509273081084415,0.7434810482559877,0.23952299586534503,0.4915020220606664,nan,nan,0.3704776599023672,-11.454398120293027
Elliptic,800.0,1950.0,0.7747618682558394,-12.156462433255905,-5.690850282500033,-12.156462433255905,3.1386121120627415,0.24509273081084415,0.737889540271336,0.23952299586534503,0.4887062680683405,nan,nan,0.3715832449270993,-11.534835452845503
Elliptic,750.0,1950.0,0.8621286164358901,-12.156462433255905,-5.647166908410007,-12.156462433255905,3.209306077189445,0.24509273081084415,0.7412595880123413,0.23952299586534503,0.4903912919388431,nan,nan,0.39572661588839325,-11.536068772937059
Elliptic,700.0,1950.0,0.806421064243106,-12.156462433255905,-5.6750206845064,-12.156462433255905,3.162263220415946,0.24509273081084415,0.7391132566118681,0.23952299586534503,0.4893181262386066,nan,nan,0.4217087667336354,-11.61803318212441
Elliptic,650.0,1950.0,0.7642688318707885,-12.156462433255905,-5.696096800692558,-12.156462433255905,3.186918514166731,0.24509273081084415,0.7374833301228029,0.23952299586534503,0.4885031629940739,nan,nan,0.448142487673526,-11.693606666679415
Elliptic,600.0,1950.0,0.6545576589139359,-12.156462433255905,-5.750952387170985,-12.156462433255905,3.1969892311678683,0.24509273081084415,0.7332177051022016,0.23952299586534503,0.4863703504837733,nan,nan,0.4734586243500179,-11.803360151531427
Elliptic,1150.0,2000.0,1.0550319660444953,-12.854649636902915,-5.8998088354292095,-12.854649636902915,3.2766325376149497,0.21182496357217617,0.7486224659373499,0.22197081588598697,0.48529664091166846,nan,nan,0.3101993528074706,-11.97693907767227
Elliptic,1100.0,2000.0,1.0699850497342243,-12.854649636902915,-5.892332293584345,-12.854649636902915,3.2938775511888476,0.21182496357217617,0.7491886359270307,0.22197081588598697,0.48557972590650883,nan,nan,0.31538744369372157,-11.979272547610227
Elliptic,1200.0,2000.0,1.0108442289874289,-12.854649636902915,-5.921902703957743,-12.854649636902915,3.2334859691514857,0.21182496357217617,0.746945505156296,0.22197081588598697,0.4844581605211415,nan,nan,0.3043555355009814,-11.989022272368882
Elliptic,1250.0,2000.0,0.9320602548780337,-12.854649636902915,-5.961294691012441,-12.854649636902915,3.165154361437291,0.21182496357217617,0.74394133286378,0.22197081588598697,0.48295607437488347,nan,nan,0.29424186998758417,-12.011191100689299
Elliptic,1050.0,2000.0,1.0224429304991185,-12.854649636902915,-5.916103353201898,-12.854649636902915,3.2800765919613495,0.21182496357217617,0.7473862445251777,0.22197081588598697,0.4846785302055823,nan,nan,0.3247172279087075,-12.023505567059605
Elliptic,950.0,2000.0,1.0558609073118639,-12.854649636902915,-5.899394364795525,-12.854649636902915,3.3218133218793158,0.21182496357217617,0.7486538696290758,0.22197081588598697,0.4853123427575314,nan,nan,0.35187827574156966,-12.059851049215059
Elliptic,1300.0,2000.0,0.7831543473520268,-12.854649636902915,-6.035747644775444,-12.854649636902915,3.0424053633649617,0.21182496357217617,0.7382142092832032,0.22197081588598697,0.4800925125845951,nan,nan,0.2794023099676106,-12.061692057992932
Elliptic,1000.0,2000.0,1.0146784686649861,-12.854649636902915,-5.919985584118964,-12.854649636902915,3.2897029045137867,0.21182496357217617,0.7470912464688201,0.22197081588598697,0.48453103117740354,nan,nan,0.3418861072215681,-12.062020554658751
Elliptic,1350.0,2000.0,0.6609169120365644,-12.854649636902915,-6.096866362433175,-12.854649636902915,2.9448504223388827,0.21182496357217617,0.7334658683059703,0.22197081588598697,0.47771834209597863,nan,nan,0.27234762278050245,-12.11344974225368
Elliptic,1400.0,2000.0,0.6099341437927109,-12.854649636902915,-6.122357746555102,-12.854649636902915,2.908073327531068,0.21182496357217617,0.7314731948660842,0.22197081588598697,0.4767220053760356,nan,nan,0.26836718567798645,-12.132972925610462
Elliptic,1450.0,2000.0,0.5517364338502191,-12.854649636902915,-6.151456601526347,-12.854649636902915,2.8668275569949464,0.21182496357217617,0.7291898614372572,0.22197081588598697,0.4755803386616221,nan,nan,0.262541498882586,-12.152703740419732
Elliptic,900.0,2000.0,0.9398869913316441,-12.854649636902915,-5.957381322785635,-12.854649636902915,3.2722913810034635,0.21182496357217617,0.7442405918178219,0.22197081588598697,0.48310570385190443,nan,nan,0.3672192083389335,-12.15293315021115
Elliptic,1500.0,2000.0,0.4610401977002322,-12.854649636902915,-6.196804719601341,-12.854649636902915,2.7998417274193037,0.21182496357217617,0.7256133343354694,0.22197081588598697,0.4737920751107282,nan,nan,0.25042296370990363,-12.17739131525115
Elliptic,850.0,2000.0,0.9200311772925595,-12.854649636902915,-5.967309229805178,-12.854649636902915,3.2584141824904904,0.21182496357217617,0.7434810482559877,0.22197081588598697,0.48272593207098735,nan,nan,0.37585787026037304,-12.180897924635405
Elliptic,800.0,2000.0,0.7747618682558394,-12.854649636902915,-6.039943884323538,-12.854649636902915,3.1386121120627415,0.21182496357217617,0.737889540271336,0.22197081588598697,0.4799301780786615,nan,nan,0.37694769452961513,-12.261303735676902
Elliptic,750.0,2000.0,0.8621286164358901,-12.854649636902915,-5.996260510233512,-12.854649636902915,3.209306077189445,0.21182496357217617,0.7412595880123413,0.22197081588598697,0.48161520194916413,nan,nan,0.4007680640412842,-12.26189105286921
Elliptic,700.0,2000.0,0.806421064243106,-12.854649636902915,-6.024114286329905,-12.854649636902915,3.162263220415946,0.21182496357217617,0.7391132566118681,0.22197081588598697,0.48054203624892755,nan,nan,0.4264431246530644,-12.343241281589636
Elliptic,650.0,2000.0,0.7642688318707885,-12.854649636902915,-6.045190402516063,-12.854649636902915,3.186918514166731,0.21182496357217617,0.7374833301228029,0.22197081588598697,0.47972707300439493,nan,nan,0.4526005245671085,-12.418262124092946
Elliptic,600.0,2000.0,0.6545576589139359,-12.854649636902915,-6.10004598899449,-12.854649636902915,3.1969892311678683,0.21182496357217617,0.7332177051022016,0.22197081588598697,0.4775942604940943,nan,nan,0.4776804379870912,-12.527543162431941
Elliptic,1150.0,2050.0,1.0550319660444953,-13.413153452577117,-6.1790607432663105,-13.413153452577117,3.2766325376149497,0.18870899932697616,0.7486224659373499,0.20876882511841133,0.47869564552788063,nan,nan,0.3146509010845327,-12.557547980668172
Elliptic,1100.0,2050.0,1.0699850497342243,-13.413153452577117,-6.171584201421446,-13.413153452577117,3.2938775511888476,0.18870899932697616,0.7491886359270307,0.20876882511841133,0.478978730522721,nan,nan,0.3197668084629427,-12.559737083590447
Elliptic,1200.0,2050.0,1.0108442289874289,-13.413153452577117,-6.201154611794844,-13.413153452577117,3.2334859691514857,0.18870899932697616,0.746945505156296,0.20876882511841133,0.47785716513735366,nan,nan,0.30889132294730337,-12.569799653703301
Elliptic,1250.0,2050.0,0.9320602548780337,-13.413153452577117,-6.240546598849542,-13.413153452577117,3.165154361437291,0.18870899932697616,0.74394133286378,0.20876882511841133,0.47635507899109564,nan,nan,0.29893118374305305,-12.592275534642017
Elliptic,1050.0,2050.0,1.0224429304991185,-13.413153452577117,-6.1953552610389995,-13.413153452577117,3.2800765919613495,0.18870899932697616,0.7473862445251777,0.20876882511841133,0.4780775348217945,nan,nan,0.3289724438151725,-12.603721805314313
Elliptic,950.0,2050.0,1.0558609073118639,-13.413153452577117,-6.178646272632626,-13.413153452577117,3.3218133218793158,0.18870899932697616,0.7486538696290758,0.20876882511841133,0.47871134737374355,nan,nan,0.35580879751583927,-12.639417899205377
Elliptic,1000.0,2050.0,1.0146784686649861,-13.413153452577117,-6.199237491956065,-13.413153452577117,3.2897029045137867,0.18870899932697616,0.7470912464688201,0.20876882511841133,0.4779300357936157,nan,nan,0.3459302268039042,-12.6418146002652
Elliptic,1300.0,2050.0,0.7831543473520268,-13.413153452577117,-6.314999552612544,-13.413153452577117,3.0424053633649617,0.18870899932697616,0.7382142092832032,0.20876882511841133,0.4734915172008073,nan,nan,0.2843364608531142,-12.643266166205716
Elliptic,1350.0,2050.0,0.6609169120365644,-13.413153452577117,-6.376118270270276,-13.413153452577117,2.9448504223388827,0.18870899932697616,0.7334658683059703,0.20876882511841133,0.4711173467121908,nan,nan,0.27740718263689806,-12.69527466840825
Elliptic,1400.0,2050.0,0.6099341437927109,-13.413153452577117,-6.401609654392203,-13.413153452577117,2.908073327531068,0.18870899932697616,0.7314731948660842,0.20876882511841133,0.47012100999224776,nan,nan,0.2735004524565364,-12.71494526560934
Elliptic,900.0,2050.0,0.9398869913316441,-13.413153452577117,-6.236633230622736,-13.413153452577117,3.2722913810034635,0.18870899932697616,0.7442405918178219,0.20876882511841133,0.4765047084681166,nan,nan,0.370987157356096,-12.732174854687253
Elliptic,1450.0,2050.0,0.5517364338502191,-13.413153452577117,-6.430708509363448,-13.413153452577117,2.8668275569949464,0.18870899932697616,0.7291898614372572,0.20876882511841133,0.46897934327783425,nan,nan,0.2677864827107908,-12.734899514517918
Elliptic,850.0,2050.0,0.9200311772925595,-13.413153452577117,-6.246561137642279,-13.413153452577117,3.2584141824904904,0.18870899932697616,0.7434810482559877,0.20876882511841133,0.4761249366871995,nan,nan,0.37954016953946684,-12.759968329635372
Elliptic,1500.0,2050.0,0.4610401977002322,-13.413153452577117,-6.476056627438442,-13.413153452577117,2.7998417274193037,0.18870899932697616,0.7256133343354694,0.20876882511841133,0.46719107972694035,nan,nan,0.25591618884086836,-12.760083571954857
Elliptic,800.0,2050.0,0.7747618682558394,-13.413153452577117,-6.319195792160639,-13.413153452577117,3.1386121120627415,0.18870899932697616,0.737889540271336,0.20876882511841133,0.4733291826948737,nan,nan,0.3806193863312669,-12.840352925721984
Elliptic,750.0,2050.0,0.8621286164358901,-13.413153452577117,-6.275512418070614,-13.413153452577117,3.209306077189445,0.18870899932697616,0.7412595880123413,0.20876882511841133,0.4750142065653763,nan,nan,0.4042235438559273,-12.840507818940274
Elliptic,700.0,2050.0,0.806421064243106,-13.413153452577117,-6.303366194167006,-13.413153452577117,3.162263220415946,0.18870899932697616,0.7391132566118681,0.20876882511841133,0.4739410408651397,nan,nan,0.4296921724244396,-12.921445183574164
Elliptic,650.0,2050.0,0.7642688318707885,-13.413153452577117,-6.324442310353164,-13.413153452577117,3.186918514166731,0.18870899932697616,0.7374833301228029,0.20876882511841133,0.4731260776206071,nan,nan,0.4556630011040433,-12.996092883608595
Elliptic,1150.0,2100.0,1.0550319660444953,-13.897072809438809,-6.421020421697157,-13.897072809438809,3.2766325376149497,0.17016469716333854,0.7486224659373499,0.19791099214874652,0.47326672904304823,nan,nan,0.3178220666500795,-13.058667501630625
Elliptic,1100.0,2100.0,1.0699850497342243,-13.897072809438809,-6.413543879852292,-13.897072809438809,3.2938775511888476,0.17016469716333854,0.7491886359270307,0.19791099214874652,0.4735498140378886,nan,nan,0.3228876637409766,-13.060755983977872
Elliptic,1200.0,2100.0,1.0108442289874289,-13.897072809438809,-6.44311429022569,-13.897072809438809,3.2334859691514857,0.17016469716333854,0.746945505156296,0.19791099214874652,0.47242824865252125,nan,nan,0.31212086725394933,-13.071035932147952
Elliptic,1250.0,2100.0,0.9320602548780337,-13.897072809438809,-6.482506277280388,-13.897072809438809,3.165154361437291,0.17016469716333854,0.74394133286378,0.19791099214874652,0.47092616250626324,nan,nan,0.3022672165909692,-13.093724790169205
Elliptic,1050.0,2100.0,1.0224429304991185,-13.897072809438809,-6.437314939469845,-13.897072809438809,3.2800765919613495,0.17016469716333854,0.7473862445251777,0.19791099214874652,0.4726486183369621,nan,nan,0.33200678420626833,-13.10456767592786
Elliptic,600.0,2050.0,0.6545576589139359,-13.413153452577117,-6.3792978968315905,-13.413153452577117,3.1969892311678683,0.18870899932697616,0.7332177051022016,0.20876882511841133,0.4709932651103065,nan,nan,0.4805830876742,-13.105054268247935
Elliptic,950.0,2100.0,1.0558609073118639,-13.897072809438809,-6.4206059510634725,-13.897072809438809,3.3218133218793158,0.17016469716333854,0.7486538696290758,0.19791099214874652,0.47328243088891114,nan,nan,0.35861613036664325,-13.13980975473834
Elliptic,1000.0,2100.0,1.0146784686649861,-13.897072809438809,-6.4411971703869115,-13.897072809438809,3.2897029045137867,0.17016469716333854,0.7470912464688201,0.19791099214874652,0.4725011193087833,nan,nan,0.34881700289001827,-13.142365342268786
Elliptic,1300.0,2100.0,0.7831543473520268,-13.897072809438809,-6.5569592310433915,-13.897072809438809,3.0424053633649617,0.17016469716333854,0.7382142092832032,0.19791099214874652,0.4680626007159749,nan,nan,0.2878416867277467,-13.14505380778634
Elliptic,1350.0,2100.0,0.6609169120365644,-13.897072809438809,-6.6180779487011225,-13.897072809438809,2.9448504223388827,0.17016469716333854,0.7334658683059703,0.19791099214874652,0.4656884302273584,nan,nan,0.28099886697571624,-13.197235226917241
Elliptic,1400.0,2100.0,0.6099341437927109,-13.897072809438809,-6.643569332823049,-13.897072809438809,2.908073327531068,0.17016469716333854,0.7314731948660842,0.19791099214874652,0.46469209350741536,nan,nan,0.27714282323454986,-13.217007196996722
Elliptic,900.0,2100.0,0.9398869913316441,-13.897072809438809,-6.4785929090535825,-13.897072809438809,3.2722913810034635,0.17016469716333854,0.7442405918178219,0.19791099214874652,0.4710757919832842,nan,nan,0.37368055386231935,-13.232338837531056
Elliptic,1450.0,2100.0,0.5517364338502191,-13.897072809438809,-6.672668187794295,-13.897072809438809,2.8668275569949464,0.17016469716333854,0.7291898614372572,0.19791099214874652,0.46355042679300185,nan,nan,0.2715054379713286,-13.237114614870354
Elliptic,850.0,2100.0,0.9200311772925595,-13.897072809438809,-6.488520816073125,-13.897072809438809,3.2584141824904904,0.17016469716333854,0.7434810482559877,0.19791099214874652,0.4706960202023671,nan,nan,0.38217323131584297,-13.26001164301948
Elliptic,1500.0,2100.0,0.4610401977002322,-13.897072809438809,-6.7180163058692886,-13.897072809438809,2.7998417274193037,0.17016469716333854,0.7256133343354694,0.19791099214874652,0.46176216324210795,nan,nan,0.2598050894314871,-13.262638562967451
Elliptic,750.0,2100.0,0.8621286164358901,-13.897072809438809,-6.517472096501459,-13.897072809438809,3.209306077189445,0.17016469716333854,0.7412595880123413,0.19791099214874652,0.4695852900805439,nan,nan,0.4066967787824774,-13.34023147862473
Elliptic,800.0,2100.0,0.7747618682558394,-13.897072809438809,-6.561155470591485,-13.897072809438809,3.1386121120627415,0.17016469716333854,0.737889540271336,0.19791099214874652,0.46790026621004127,nan,nan,0.38324511314983745,-13.340381569190482
Elliptic,700.0,2100.0,0.806421064243106,-13.897072809438809,-6.545325872597852,-13.897072809438809,3.162263220415946,0.17016469716333854,0.7391132566118681,0.19791099214874652,0.4685121243803073,nan,nan,0.43201964857408315,-13.420877325704806
Elliptic,650.0,2100.0,0.7642688318707885,-13.897072809438809,-6.56640198878401,-13.897072809438809,3.186918514166731,0.17016469716333854,0.7374833301228029,0.19791099214874652,0.4676971611357747,nan,nan,0.4578584480131857,-13.495260967258236
Elliptic,1150.0,2150.0,1.0550319660444953,-14.385560885811564,-6.665264459883534,-14.385560885811564,3.2766325376149497,0.15314280976961758,0.7486224659373499,0.18747883026196446,0.4680506480996572,nan,nan,0.3208086357775183,-13.563560878145038
Elliptic,1100.0,2150.0,1.0699850497342243,-14.385560885811564,-6.65778791803867,-14.385560885811564,3.2938775511888476,0.15314280976961758,0.7491886359270307,0.18747883026196446,0.46833373309449755,nan,nan,0.3258278157508147,-13.565556526257087
Elliptic,1200.0,2150.0,1.0108442289874289,-14.385560885811564,-6.687358328412068,-14.385560885811564,3.2334859691514857,0.15314280976961758,0.746945505156296,0.18747883026196446,0.4672121677091302,nan,nan,0.315161451762972,-13.576037339425532
Elliptic,1250.0,2150.0,0.9320602548780337,-14.385560885811564,-6.726750315466766,-14.385560885811564,3.165154361437291,0.15314280976961758,0.74394133286378,0.18747883026196446,0.4657100815628722,nan,nan,0.30540597668908254,-13.59892254862497
Elliptic,600.0,2100.0,0.6545576589139359,-13.897072809438809,-6.621257575262437,-13.897072809438809,3.1969892311678683,0.17016469716333854,0.7332177051022016,0.19791099214874652,0.4655643486254741,nan,nan,0.48266527531179,-13.603995833354475
Elliptic,1050.0,2150.0,1.0224429304991185,-14.385560885811564,-6.681558977656223,-14.385560885811564,3.2800765919613495,0.15314280976961758,0.7473862445251777,0.18747883026196446,0.46743253739357105,nan,nan,0.33486677829259986,-13.609207902360064
Elliptic,950.0,2150.0,1.0558609073118639,-14.385560885811564,-6.66484998924985,-14.385560885811564,3.3218133218793158,0.15314280976961758,0.7486538696290758,0.18747883026196446,0.4680663499455201,nan,nan,0.36126555474120114,-13.644028841746994
Elliptic,1000.0,2150.0,1.0146784686649861,-14.385560885811564,-6.685441208573289,-14.385560885811564,3.2897029045137867,0.15314280976961758,0.7470912464688201,0.18747883026196446,0.46728503836539226,nan,nan,0.3515403410701559,-13.6467322568886
Elliptic,1300.0,2150.0,0.7831543473520268,-14.385560885811564,-6.801203269229768,-14.385560885811564,3.0424053633649617,0.15314280976961758,0.7382142092832032,0.18747883026196446,0.46284651977258384,nan,nan,0.2911360043540915,-13.650562681298565
Elliptic,1350.0,2150.0,0.6609169120365644,-14.385560885811564,-6.8623219868875,-14.385560885811564,2.9448504223388827,0.15314280976961758,0.7334658683059703,0.18747883026196446,0.46047234928396735,nan,nan,0.2843724021463617,-13.702902535518072
Elliptic,1400.0,2150.0,0.6099341437927109,-14.385560885811564,-6.887813371009427,-14.385560885811564,2.908073327531068,0.15314280976961758,0.7314731948660842,0.18747883026196446,0.4594760125640243,nan,nan,0.28056270029245955,-13.72276718937208
Elliptic,900.0,2150.0,0.9398869913316441,-14.385560885811564,-6.72283694723996,-14.385560885811564,3.2722913810034635,0.15314280976961758,0.7442405918178219,0.18747883026196446,0.46585971103989315,nan,nan,0.3762239410776258,-13.736345850221209
Elliptic,1450.0,2150.0,0.5517364338502191,-14.385560885811564,-6.916912225980672,-14.385560885811564,2.8668275569949464,0.15314280976961758,0.7291898614372572,0.18747883026196446,0.4583343458496108,nan,nan,0.27499546731799457,-13.743014911823222
Elliptic,850.0,2150.0,0.9200311772925595,-14.385560885811564,-6.732764854259503,-14.385560885811564,3.2584141824904904,0.15314280976961758,0.7434810482559877,0.18747883026196446,0.46547993925897607,nan,nan,0.38466038385463963,-13.763906186356614
Elliptic,1500.0,2150.0,0.4610401977002322,-14.385560885811564,-6.962260344055666,-14.385560885811564,2.7998417274193037,0.15314280976961758,0.7256133343354694,0.18747883026196446,0.4565460822987169,nan,nan,0.2634501496940293,-13.768848921752074
Elliptic,1150.0,2200.0,1.0550319660444953,-14.613949531024627,-6.779458782490066,-14.613949531024627,3.2766325376149497,0.14509254620381135,0.7486224659373499,0.18277809970186534,0.4657002828196076,nan,nan,0.32333671361935346,-13.80170640960187
Elliptic,1100.0,2200.0,1.0699850497342243,-14.613949531024627,-6.771982240645201,-14.613949531024627,3.2938775511888476,0.14509254620381135,0.7491886359270307,0.18277809970186534,0.465983367814448,nan,nan,0.3283172628148736,-13.803624796158367
Elliptic,1200.0,2200.0,1.0108442289874289,-14.613949531024627,-6.801552651018599,-14.613949531024627,3.2334859691514857,0.14509254620381135,0.746945505156296,0.18277809970186534,0.46486180242908065,nan,nan,0.31773453615359915,-13.81427288397995
Elliptic,1250.0,2200.0,0.9320602548780337,-14.613949531024627,-6.840944638073297,-14.613949531024627,3.165154361437291,0.14509254620381135,0.74394133286378,0.18277809970186534,0.46335971628282263,nan,nan,0.3080605919568567,-13.83732115493368
Elliptic,750.0,2150.0,0.8621286164358901,-14.385560885811564,-6.761716134687838,-14.385560885811564,3.209306077189445,0.15314280976961758,0.7412595880123413,0.18747883026196446,0.46436920913715285,nan,nan,0.40903486240956294,-13.84382788413844
Elliptic,800.0,2150.0,0.7747618682558394,-14.385560885811564,-6.805399508777863,-14.385560885811564,3.1386121120627415,0.15314280976961758,0.737889540271336,0.18747883026196446,0.4626841852666502,nan,nan,0.3857253821128473,-13.84426234537604
Elliptic,1050.0,2200.0,1.0224429304991185,-14.613949531024627,-6.795753300262755,-14.613949531024627,3.2800765919613495,0.14509254620381135,0.7473862445251777,0.18277809970186534,0.4650821721135215,nan,nan,0.33728953366338005,-13.847142788874786
Elliptic,950.0,2200.0,1.0558609073118639,-14.613949531024627,-6.7790443118563815,-14.613949531024627,3.3218133218793158,0.14509254620381135,0.7486538696290758,0.18277809970186534,0.46571598466547054,nan,nan,0.36351249681565584,-13.881612101669067
Elliptic,1000.0,2200.0,1.0146784686649861,-14.613949531024627,-6.7996355311798204,-14.613949531024627,3.2897029045137867,0.14509254620381135,0.7470912464688201,0.18277809970186534,0.4649346730853427,nan,nan,0.3538490096356825,-13.884438969792814
Elliptic,1300.0,2200.0,0.7831543473520268,-14.613949531024627,-6.9153975918362995,-14.613949531024627,3.0424053633649617,0.14509254620381135,0.7382142092832032,0.18277809970186534,0.4604961544925343,nan,nan,0.29391941395789867,-13.889218876279342
Elliptic,700.0,2150.0,0.806421064243106,-14.385560885811564,-6.78956991078423,-14.385560885811564,3.162263220415946,0.15314280976961758,0.7391132566118681,0.18747883026196446,0.46329604343691627,nan,nan,0.43422149006182537,-13.924201246939832
Elliptic,1350.0,2200.0,0.6609169120365644,-14.613949531024627,-6.9765163094940315,-14.613949531024627,2.9448504223388827,0.14509254620381135,0.7334658683059703,0.18277809970186534,0.4581219840039178,nan,nan,0.2872214690263213,-13.941690045051153
Elliptic,1150.0,2250.0,1.0550319660444953,-14.751422982596711,-6.848195508276108,-14.751422982596711,3.2766325376149497,0.14024203064505653,0.7486224659373499,0.1800017141476711,0.4643120900425105,nan,nan,0.32562920766253944,-13.946541234814521
Elliptic,1100.0,2250.0,1.0699850497342243,-14.751422982596711,-6.840718966431243,-14.751422982596711,3.2938775511888476,0.14024203064505653,0.7491886359270307,0.1800017141476711,0.46459517503735087,nan,nan,0.3305752261336209,-13.948390559922139
Elliptic,1200.0,2250.0,1.0108442289874289,-14.751422982596711,-6.870289376804641,-14.751422982596711,3.2334859691514857,0.14024203064505653,0.746945505156296,0.1800017141476711,0.46347360965198353,nan,nan,0.3200671655812907,-13.95918797996161
Elliptic,1400.0,2200.0,0.6099341437927109,-14.613949531024627,-7.002007693615958,-14.613949531024627,2.908073327531068,0.14509254620381135,0.7314731948660842,0.18277809970186534,0.45712564728397476,nan,nan,0.28345000299092893,-13.96163117054218
Elliptic,900.0,2200.0,0.9398869913316441,-14.613949531024627,-6.8370312698464915,-14.613949531024627,3.2722913810034635,0.14509254620381135,0.7442405918178219,0.18277809970186534,0.4635093457598436,nan,nan,0.3783819608943754,-13.97375126562787
Elliptic,1450.0,2200.0,0.5517364338502191,-14.613949531024627,-7.0311065485872035,-14.613949531024627,2.8668275569949464,0.14509254620381135,0.7291898614372572,0.18277809970186534,0.45598398056956124,nan,nan,0.2779406033376236,-13.981994559635641
Elliptic,1250.0,2250.0,0.9320602548780337,-14.751422982596711,-6.909681363859339,-14.751422982596711,3.165154361437291,0.14024203064505653,0.74394133286378,0.1800017141476711,0.4619715235057255,nan,nan,0.31046581865923983,-13.982381445464725
Elliptic,1050.0,2250.0,1.0224429304991185,-14.751422982596711,-6.864490026048797,-14.751422982596711,3.2800765919613495,0.14024203064505653,0.7473862445251777,0.1800017141476711,0.46369397933642437,nan,nan,0.33948783932530824,-13.99178923732492
Elliptic,650.0,2150.0,0.7642688318707885,-14.385560885811564,-6.810646026970388,-14.385560885811564,3.186918514166731,0.15314280976961758,0.7374833301228029,0.18747883026196446,0.46248108019238365,nan,nan,0.4599366108277747,-13.998337531146953
Elliptic,850.0,2200.0,0.9200311772925595,-14.613949531024627,-6.846959176866034,-14.613949531024627,3.2584141824904904,0.14509254620381135,0.7434810482559877,0.18277809970186534,0.4631295739789265,nan,nan,0.3867714223262651,-14.001217639073024
Elliptic,1500.0,2200.0,0.4610401977002322,-14.613949531024627,-7.0764546666621975,-14.613949531024627,2.7998417274193037,0.14509254620381135,0.7256133343354694,0.18277809970186534,0.45419571701866734,nan,nan,0.26652293278706024,-14.008083863711297
Elliptic,950.0,2250.0,1.0558609073118639,-14.751422982596711,-6.847781037642424,-14.751422982596711,3.3218133218793158,0.14024203064505653,0.7486538696290758,0.1800017141476711,0.4643277918883734,nan,nan,0.36555300684684267,-14.025942958857717
Elliptic,1000.0,2250.0,1.0146784686649861,-14.751422982596711,-6.868372256965863,-14.751422982596711,3.2897029045137867,0.14024203064505653,0.7470912464688201,0.1800017141476711,0.4635464803082456,nan,nan,0.35594496442484613,-14.028880716497419
Elliptic,1300.0,2250.0,0.7831543473520268,-14.751422982596711,-6.984134317622342,-14.751422982596711,3.0424053633649617,0.14024203064505653,0.7382142092832032,0.1800017141476711,0.45910796171543716,nan,nan,0.29643951738406826,-14.03450892025796
Elliptic,750.0,2200.0,0.8621286164358901,-14.613949531024627,-6.875910457294369,-14.613949531024627,3.209306077189445,0.14509254620381135,0.7412595880123413,0.18277809970186534,0.4620188438571033,nan,nan,0.4110207552164741,-14.080889045525424
Elliptic,800.0,2200.0,0.7747618682558394,-14.613949531024627,-6.919593831384394,-14.613949531024627,3.1386121120627415,0.14509254620381135,0.737889540271336,0.18277809970186534,0.46033381998660067,nan,nan,0.38783051500306004,-14.081561986929627
Elliptic,1350.0,2250.0,0.6609169120365644,-14.751422982596711,-7.045253035280074,-14.751422982596711,2.9448504223388827,0.14024203064505653,0.7334658683059703,0.1800017141476711,0.4567337912268207,nan,nan,0.28979978192533296,-14.087096507975454
Elliptic,600.0,2150.0,0.6545576589139359,-14.385560885811564,-6.8655016134488145,-14.385560885811564,3.1969892311678683,0.15314280976961758,0.7332177051022016,0.18747883026196446,0.46034826768208303,nan,nan,0.48463713766094985,-14.106859796312328
Elliptic,1400.0,2250.0,0.6099341437927109,-14.751422982596711,-7.070744419402001,-14.751422982596711,2.908073327531068,0.14024203064505653,0.7314731948660842,0.1800017141476711,0.45573745450687764,nan,nan,0.2860623388096082,-14.107105679305818
Elliptic,900.0,2250.0,0.9398869913316441,-14.751422982596711,-6.905767995632534,-14.751422982596711,3.2722913810034635,0.14024203064505653,0.7442405918178219,0.1800017141476711,0.4621211529827465,nan,nan,0.3803428772295792,-14.117922935424556
Elliptic,1450.0,2250.0,0.5517364338502191,-14.751422982596711,-7.099843274373246,-14.751422982596711,2.8668275569949464,0.14024203064505653,0.7291898614372572,0.1800017141476711,0.4545957877924641,nan,nan,0.28060422743818986,-14.127571644963052
Elliptic,1150.0,2300.0,1.0550319660444953,-14.926039958055775,-6.9355039960056395,-14.926039958055775,3.2766325376149497,0.13483050187267515,0.7486224659373499,0.17653191911861005,0.46257719252798,nan,nan,0.3272919485591528,-14.127953487095873
Elliptic,1100.0,2300.0,1.0699850497342243,-14.926039958055775,-6.928027454160775,-14.926039958055775,3.2938775511888476,0.13483050187267515,0.7491886359270307,0.17653191911861005,0.46286027752282033,nan,nan,0.33221321624953626,-14.129753310642093
Elliptic,1200.0,2300.0,1.0108442289874289,-14.926039958055775,-6.957597864534173,-14.926039958055775,3.2334859691514857,0.13483050187267515,0.746945505156296,0.17653191911861005,0.461738712137453,nan,nan,0.321758682081603,-14.140657783450358
Elliptic,850.0,2250.0,0.9200311772925595,-14.751422982596711,-6.915695902652076,-14.751422982596711,3.2584141824904904,0.14024203064505653,0.7434810482559877,0.1800017141476711,0.4617413812018294,nan,nan,0.3886899839820374,-14.14530459951085
Elliptic,1500.0,2250.0,0.4610401977002322,-14.751422982596711,-7.14519139244824,-14.751422982596711,2.7998417274193037,0.14024203064505653,0.7256133343354694,0.1800017141476711,0.4528075242415702,nan,nan,0.26929949643024886,-14.153886828123953
Elliptic,700.0,2200.0,0.806421064243106,-14.613949531024627,-6.903764233390761,-14.613949531024627,3.162263220415946,0.14509254620381135,0.7391132566118681,0.18277809970186534,0.4609456781568667,nan,nan,0.4360926189904547,-14.161032880570252
Elliptic,1250.0,2300.0,0.9320602548780337,-14.926039958055775,-6.996989851588871,-14.926039958055775,3.165154361437291,0.13483050187267515,0.74394133286378,0.17653191911861005,0.46023662599119497,nan,nan,0.3122093569372197,-14.163955292508808
Elliptic,1050.0,2300.0,1.0224429304991185,-14.926039958055775,-6.9517985137783285,-14.926039958055775,3.2800765919613495,0.13483050187267515,0.7473862445251777,0.17653191911861005,0.4619590818218938,nan,nan,0.34108302337977336,-14.173066375921975
Elliptic,950.0,2300.0,1.0558609073118639,-14.926039958055775,-6.935089525371955,-14.926039958055775,3.3218133218793158,0.13483050187267515,0.7486538696290758,0.17653191911861005,0.4625928943738429,nan,nan,0.36703493162975537,-14.206993578911668
Elliptic,1000.0,2300.0,1.0146784686649861,-14.926039958055775,-6.955680744695394,-14.926039958055775,3.2897029045137867,0.13483050187267515,0.7470912464688201,0.17653191911861005,0.46181158279371504,nan,nan,0.3574667989012551,-14.21001115593836
Elliptic,1300.0,2300.0,0.7831543473520268,-14.926039958055775,-7.071442805351873,-14.926039958055775,3.0424053633649617,0.13483050187267515,0.7382142092832032,0.17653191911861005,0.4573730642009066,nan,nan,0.298265037921214,-14.216246731820377
Elliptic,750.0,2250.0,0.8621286164358901,-14.751422982596711,-6.944647183080411,-14.751422982596711,3.209306077189445,0.14024203064505653,0.7412595880123413,0.1800017141476711,0.46063065108000617,nan,nan,0.4128265842130493,-14.224750540644854
Elliptic,800.0,2250.0,0.7747618682558394,-14.751422982596711,-6.988330557170436,-14.751422982596711,3.1386121120627415,0.14024203064505653,0.737889540271336,0.1800017141476711,0.45894562720950355,nan,nan,0.3897438857656161,-14.225638565581017
Elliptic,650.0,2200.0,0.7642688318707885,-14.613949531024627,-6.924840349576919,-14.613949531024627,3.186918514166731,0.14509254620381135,0.7374833301228029,0.18277809970186534,0.4601307149123341,nan,nan,0.4617035833555643,-14.234960851975693
Elliptic,1350.0,2300.0,0.6609169120365644,-14.926039958055775,-7.132561523009605,-14.926039958055775,2.9448504223388827,0.13483050187267515,0.7334658683059703,0.17653191911861005,0.4549988937122902,nan,nan,0.29166688603096125,-14.268917486674837
Elliptic,1400.0,2300.0,0.6099341437927109,-14.926039958055775,-7.158052907131532,-14.926039958055775,2.908073327531068,0.13483050187267515,0.7314731948660842,0.17653191911861005,0.45400255699234715,nan,nan,0.2879536294684109,-14.288975031111546
Elliptic,900.0,2300.0,0.9398869913316441,-14.926039958055775,-6.993076483362065,-14.926039958055775,3.2722913810034635,0.13483050187267515,0.7442405918178219,0.17653191911861005,0.460386255468216,nan,nan,0.3817674012657669,-14.298858753985055
Elliptic,700.0,2250.0,0.806421064243106,-14.751422982596711,-6.972500959176803,-14.751422982596711,3.162263220415946,0.14024203064505653,0.7391132566118681,0.1800017141476711,0.4595574853797696,nan,nan,0.4377951191198913,-14.304687717955403
Elliptic,1450.0,2300.0,0.5517364338502191,-14.926039958055775,-7.187151762102777,-14.926039958055775,2.8668275569949464,0.13483050187267515,0.7291898614372572,0.17653191911861005,0.45286089027793364,nan,nan,0.2825321176556842,-14.309514195886166
Elliptic,1150.0,2350.0,1.0550319660444953,-15.108859747785559,-7.0269138908705315,-15.108859747785559,3.2766325376149497,0.12926431985933426,0.7486224659373499,0.17296625609628383,0.46079436101681687,nan,nan,0.3285460382680725,-14.316847119265821
Elliptic,1100.0,2350.0,1.0699850497342243,-15.108859747785559,-7.019437349025667,-15.108859747785559,3.2938775511888476,0.12926431985933426,0.7491886359270307,0.17296625609628383,0.46107744601165723,nan,nan,0.33344872406534837,-14.318609779025829
Elliptic,850.0,2300.0,0.9200311772925595,-14.926039958055775,-7.003004390381608,-14.926039958055775,3.2584141824904904,0.13483050187267515,0.7434810482559877,0.17653191911861005,0.4600064836872989,nan,nan,0.3900839645016192,-14.326179331038137
Elliptic,1200.0,2350.0,1.0108442289874289,-15.108859747785559,-7.049007759399065,-15.108859747785559,3.2334859691514857,0.12926431985933426,0.746945505156296,0.17296625609628383,0.4599558806262899,nan,nan,0.32303421243641606,-14.329594296912095
Elliptic,1500.0,2300.0,0.4610401977002322,-14.926039958055775,-7.232499880177771,-14.926039958055775,2.7998417274193037,0.13483050187267515,0.7256133343354694,0.17653191911861005,0.45107262672703974,nan,nan,0.2713076574167545,-14.335989920585087
Elliptic,600.0,2200.0,0.6545576589139359,-14.613949531024627,-6.979695936055346,-14.613949531024627,3.1969892311678683,0.14509254620381135,0.7332177051022016,0.18277809970186534,0.4579979024020335,nan,nan,0.486314322782165,-14.34330354232792
Elliptic,1250.0,2350.0,0.9320602548780337,-15.108859747785559,-7.088399746453763,-15.108859747785559,3.165154361437291,0.12926431985933426,0.74394133286378,0.17296625609628383,0.4584537944800319,nan,nan,0.3135237249532343,-14.352969481292948
Elliptic,1050.0,2350.0,1.0224429304991185,-15.108859747785559,-7.0432084086432205,-15.108859747785559,3.2800765919613495,0.12926431985933426,0.7473862445251777,0.17296625609628383,0.46017625031073073,nan,nan,0.34228655830258664,-14.361858898519712
Elliptic,650.0,2250.0,0.7642688318707885,-14.751422982596711,-6.993577075362961,-14.751422982596711,3.186918514166731,0.14024203064505653,0.7374833301228029,0.1800017141476711,0.458742522135237,nan,nan,0.4633119703340795,-14.378427463059003
Elliptic,950.0,2350.0,1.0558609073118639,-15.108859747785559,-7.026499420236847,-15.108859747785559,3.3218133218793158,0.12926431985933426,0.7486538696290758,0.17296625609628383,0.4608100628626798,nan,nan,0.36815364434820114,-14.395616457100669
Elliptic,1000.0,2350.0,1.0146784686649861,-15.108859747785559,-7.047090639560286,-15.108859747785559,3.2897029045137867,0.12926431985933426,0.7470912464688201,0.17296625609628383,0.46002875128255194,nan,nan,0.3586153780632786,-14.39869376701452
Elliptic,1300.0,2350.0,0.7831543473520268,-15.108859747785559,-7.1628527002167655,-15.108859747785559,3.0424053633649617,0.12926431985933426,0.7382142092832032,0.17296625609628383,0.4555902326897435,nan,nan,0.29964062462352936,-14.405383357977115
Elliptic,750.0,2300.0,0.8621286164358901,-14.926039958055775,-7.031955670809943,-14.926039958055775,3.209306077189445,0.13483050187267515,0.7412595880123413,0.17653191911861005,0.45889575356547563,nan,nan,0.41413935358441395,-14.405462849875706
Elliptic,800.0,2300.0,0.7747618682558394,-14.926039958055775,-7.075639044899968,-14.926039958055775,3.1386121120627415,0.13483050187267515,0.737889540271336,0.17653191911861005,0.457210729694973,nan,nan,0.39113410476837446,-14.40650577407466
Elliptic,1350.0,2350.0,0.6609169120365644,-15.108859747785559,-7.223971417874497,-15.108859747785559,2.9448504223388827,0.12926431985933426,0.7334658683059703,0.17296625609628383,0.45321606220112703,nan,nan,0.2930734864394855,-14.458116140243995
Elliptic,1400.0,2350.0,0.6099341437927109,-15.108859747785559,-7.249462801996424,-15.108859747785559,2.908073327531068,0.12926431985933426,0.7314731948660842,0.17296625609628383,0.452219725481184,nan,nan,0.28937824754251923,-14.478209720011874
Elliptic,700.0,2300.0,0.806421064243106,-14.926039958055775,-7.059809446906335,-14.926039958055775,3.162263220415946,0.13483050187267515,0.7391132566118681,0.17653191911861005,0.4578225878652391,nan,nan,0.43903325999747983,-14.485250770198704
Elliptic,600.0,2250.0,0.6545576589139359,-14.751422982596711,-7.048432661841388,-14.751422982596711,3.1969892311678683,0.14024203064505653,0.7332177051022016,0.1800017141476711,0.45660970962493636,nan,nan,0.4878415362276314,-14.486607806345134
Elliptic,900.0,2350.0,0.9398869913316441,-15.108859747785559,-7.084486378226957,-15.108859747785559,3.2722913810034635,0.12926431985933426,0.7442405918178219,0.17296625609628383,0.45860342395705284,nan,nan,0.3828430070014166,-14.487395418208465
Elliptic,1450.0,2350.0,0.5517364338502191,-15.108859747785559,-7.278561656967669,-15.108859747785559,2.8668275569949464,0.12926431985933426,0.7291898614372572,0.17296625609628383,0.4510780587667705,nan,nan,0.2839838562660892,-14.498803125859085
Elliptic,850.0,2350.0,0.9200311772925595,-15.108859747785559,-7.0944142852465,-15.108859747785559,3.2584141824904904,0.12926431985933426,0.7434810482559877,0.17296625609628383,0.45822365217613575,nan,nan,0.39113673783015085,-14.514670330447311
Elliptic,1500.0,2350.0,0.4610401977002322,-15.108859747785559,-7.323909775042663,-15.108859747785559,2.7998417274193037,0.12926431985933426,0.7256133343354694,0.17296625609628383,0.4492897952158766,nan,nan,0.2728191477218991,-14.525398353947487
Elliptic,1150.0,2400.0,1.0550319660444953,-15.326972323470624,-7.135970178713064,-15.326972323470624,3.2766325376149497,0.123014204016601,0.7486224659373499,0.1688006829039268,0.45871157442063837,nan,nan,0.3298239007633161,-14.541680993133731
Elliptic,1100.0,2400.0,1.0699850497342243,-15.326972323470624,-7.1284936368682,-15.326972323470624,3.2938775511888476,0.123014204016601,0.7491886359270307,0.1688006829039268,0.45899465941547873,nan,nan,0.33470796705231615,-14.543406413877188
Elliptic,1200.0,2400.0,1.0108442289874289,-15.326972323470624,-7.158064047241598,-15.326972323470624,3.2334859691514857,0.123014204016601,0.746945505156296,0.1688006829039268,0.4578730940301114,nan,nan,0.32433377888373066,-14.554471578684149
Elliptic,650.0,2300.0,0.7642688318707885,-14.926039958055775,-7.080885563092493,-14.926039958055775,3.186918514166731,0.13483050187267515,0.7374833301228029,0.17653191911861005,0.45700762462070643,nan,nan,0.4644821029875011,-14.558854498853972
Elliptic,1250.0,2400.0,0.9320602548780337,-15.326972323470624,-7.197456034296295,-15.326972323470624,3.165154361437291,0.123014204016601,0.74394133286378,0.1688006829039268,0.4563710078838534,nan,nan,0.31486252402101683,-14.577925228305935
Elliptic,1050.0,2400.0,1.0224429304991185,-15.326972323470624,-7.152264696485753,-15.326972323470624,3.2800765919613495,0.123014204016601,0.7473862445251777,0.1688006829039268,0.45809346371455223,nan,nan,0.34351333939936857,-14.586590609590699
Elliptic,750.0,2350.0,0.8621286164358901,-15.108859747785559,-7.123365565674835,-15.108859747785559,3.209306077189445,0.12926431985933426,0.7412595880123413,0.17296625609628383,0.45711292205431253,nan,nan,0.41513122795557483,-14.59383205137014
Elliptic,800.0,2350.0,0.7747618682558394,-15.108859747785559,-7.16704893976486,-15.108859747785559,3.1386121120627415,0.12926431985933426,0.737889540271336,0.17296625609628383,0.4554278981838099,nan,nan,0.39218416980479326,-14.594991356899607
Elliptic,950.0,2400.0,1.0558609073118639,-15.326972323470624,-7.13555570807938,-15.326972323470624,3.3218133218793158,0.123014204016601,0.7486538696290758,0.1688006829039268,0.4587272762665013,nan,nan,0.3692945124007367,-14.620176342083164
Elliptic,1000.0,2400.0,1.0146784686649861,-15.326972323470624,-7.156146927402819,-15.326972323470624,3.2897029045137867,0.123014204016601,0.7470912464688201,0.1688006829039268,0.45794596468637344,nan,nan,0.359786451095906,-14.623314061957197
Elliptic,1300.0,2400.0,0.7831543473520268,-15.326972323470624,-7.271908988059298,-15.326972323470624,3.0424053633649617,0.123014204016601,0.7382142092832032,0.1688006829039268,0.453507446093565,nan,nan,0.30104122541272027,-14.63046270843292
Elliptic,600.0,2300.0,0.6545576589139359,-14.926039958055775,-7.1357411495709195,-14.926039958055775,3.1969892311678683,0.13483050187267515,0.7332177051022016,0.17653191911861005,0.4548748121104058,nan,nan,0.4889530268337762,-14.666917558045547
Elliptic,700.0,2350.0,0.806421064243106,-15.108859747785559,-7.151219341771227,-15.108859747785559,3.162263220415946,0.12926431985933426,0.7391132566118681,0.17296625609628383,0.45603975635407595,nan,nan,0.4399689373072992,-14.673507577570453
Elliptic,1350.0,2400.0,0.6609169120365644,-15.326972323470624,-7.33302770571703,-15.326972323470624,2.9448504223388827,0.123014204016601,0.7334658683059703,0.1688006829039268,0.45113327560494854,nan,nan,0.2945052513955583,-14.683257819033564
Elliptic,1400.0,2400.0,0.6099341437927109,-15.326972323470624,-7.358519089838957,-15.326972323470624,2.908073327531068,0.123014204016601,0.7314731948660842,0.1688006829039268,0.4501369388850055,nan,nan,0.29082829347035366,-14.703387960744966
Elliptic,900.0,2400.0,0.9398869913316441,-15.326972323470624,-7.19354266606949,-15.326972323470624,3.2722913810034635,0.123014204016601,0.7442405918178219,0.1688006829039268,0.45652063736087434,nan,nan,0.38394024145880074,-14.711868036000654
Elliptic,1450.0,2400.0,0.5517364338502191,-15.326972323470624,-7.387617944810202,-15.326972323470624,2.8668275569949464,0.123014204016601,0.7291898614372572,0.1688006829039268,0.448995272170592,nan,nan,0.2854613048439821,-14.724036171892294
Elliptic,1150.0,2450.0,1.0550319660444953,-15.514610822621329,-7.2297894282884165,-15.514610822621329,3.2766325376149497,0.1180842082765464,0.7486224659373499,0.1652928488056578,0.45695765737150384,nan,nan,0.33094693922610874,-14.73507340330829
Elliptic,1100.0,2450.0,1.0699850497342243,-15.514610822621329,-7.222312886443552,-15.514610822621329,3.2938775511888476,0.1180842082765464,0.7491886359270307,0.1652928488056578,0.45724074236634427,nan,nan,0.33581460530175883,-14.736766023625046
Elliptic,850.0,2400.0,0.9200311772925595,-15.326972323470624,-7.2034705730890325,-15.326972323470624,3.2584141824904904,0.123014204016601,0.7434810482559877,0.1688006829039268,0.45614086557995726,nan,nan,0.39221076372873465,-14.7390965311219
Elliptic,650.0,2350.0,0.7642688318707885,-15.108859747785559,-7.172295457957385,-15.108859747785559,3.186918514166731,0.12926431985933426,0.7374833301228029,0.17296625609628383,0.45522479310954334,nan,nan,0.4653666236685223,-14.747008992968123
Elliptic,1200.0,2450.0,1.0108442289874289,-15.514610822621329,-7.25188329681695,-15.514610822621329,3.2334859691514857,0.1180842082765464,0.746945505156296,0.1652928488056578,0.4561191769809769,nan,nan,0.3254757753913132,-14.747901904948286
Elliptic,1500.0,2400.0,0.4610401977002322,-15.326972323470624,-7.432966062885196,-15.326972323470624,2.7998417274193037,0.123014204016601,0.7256133343354694,0.1688006829039268,0.4472070086196981,nan,nan,0.2743567241462139,-14.75075165567354
Elliptic,1250.0,2450.0,0.9320602548780337,-15.514610822621329,-7.291275283871648,-15.514610822621329,3.165154361437291,0.1180842082765464,0.74394133286378,0.1652928488056578,0.4546170908347189,nan,nan,0.31603873152410816,-14.77142397656109
Elliptic,1050.0,2450.0,1.0224429304991185,-15.514610822621329,-7.2460839460611055,-15.514610822621329,3.2800765919613495,0.1180842082765464,0.7473862445251777,0.1652928488056578,0.45633954666541776,nan,nan,0.3445917286574675,-14.779893721355869
Elliptic,950.0,2450.0,1.0558609073118639,-15.514610822621329,-7.229374957654732,-15.514610822621329,3.3218133218793158,0.1180842082765464,0.7486538696290758,0.1652928488056578,0.4569733592173668,nan,nan,0.3702978217830407,-14.813329294096745
Elliptic,1000.0,2450.0,1.0146784686649861,-15.514610822621329,-7.249966176978171,-15.514610822621329,3.2897029045137867,0.1180842082765464,0.7470912464688201,0.1652928488056578,0.456192047637239,nan,nan,0.36081620394147845,-14.816519900897315
Elliptic,750.0,2400.0,0.8621286164358901,-15.326972323470624,-7.232421853517367,-15.326972323470624,3.209306077189445,0.123014204016601,0.7412595880123413,0.1688006829039268,0.45503013545813403,nan,nan,0.4161432264417409,-14.818134197219893
Elliptic,800.0,2400.0,0.7747618682558394,-15.326972323470624,-7.276105227607393,-15.326972323470624,3.1386121120627415,0.123014204016601,0.737889540271336,0.1688006829039268,0.4533451115876314,nan,nan,0.3932552617202549,-14.819411689607954
Elliptic,1300.0,2450.0,0.7831543473520268,-15.514610822621329,-7.3657282376346505,-15.514610822621329,3.0424053633649617,0.1180842082765464,0.7382142092832032,0.1652928488056578,0.45175352904443056,nan,nan,0.30227122260638617,-14.824069036069226
Elliptic,600.0,2350.0,0.6545576589139359,-15.108859747785559,-7.227151044435812,-15.108859747785559,3.1969892311678683,0.12926431985933426,0.7332177051022016,0.17296625609628383,0.4530919805992427,nan,nan,0.4897933120769543,-14.854983581284014
Elliptic,1350.0,2450.0,0.6609169120365644,-15.514610822621329,-7.426846955292382,-15.514610822621329,2.9448504223388827,0.1180842082765464,0.7334658683059703,0.1652928488056578,0.449379358555814,nan,nan,0.2957623691255208,-14.876918387742462
Elliptic,1150.0,2500.0,1.0550319660444953,-15.661411129043948,-7.303189581499726,-15.661411129043948,3.2766325376149497,0.11425676124156207,0.7486224659373499,0.16259655107492296,0.45560950850613646,nan,nan,0.33181442023591995,-14.886304969481268
Elliptic,1100.0,2500.0,1.0699850497342243,-15.661411129043948,-7.295713039654862,-15.661411129043948,3.2938775511888476,0.11425676124156207,0.7491886359270307,0.16259655107492296,0.45589259350097683,nan,nan,0.3366695980757164,-14.887972613326315
Elliptic,1400.0,2450.0,0.6099341437927109,-15.514610822621329,-7.452338339414309,-15.514610822621329,2.908073327531068,0.1180842082765464,0.7314731948660842,0.1652928488056578,0.448383021835871,nan,nan,0.2921012659937268,-14.897080239040687
Elliptic,700.0,2400.0,0.806421064243106,-15.326972323470624,-7.260275629613759,-15.326972323470624,3.162263220415946,0.123014204016601,0.7391132566118681,0.1688006829039268,0.45395696975789745,nan,nan,0.4409239864287591,-14.897695824690794
Elliptic,1200.0,2500.0,1.0108442289874289,-15.661411129043948,-7.32528345002826,-15.661411129043948,3.2334859691514857,0.11425676124156207,0.746945505156296,0.16259655107492296,0.4547710281156095,nan,nan,0.326357813471231,-14.899162585261475
Elliptic,900.0,2450.0,0.9398869913316441,-15.514610822621329,-7.287361915644842,-15.514610822621329,3.2722913810034635,0.1180842082765464,0.7442405918178219,0.1652928488056578,0.4547667203117398,nan,nan,0.3849053714453473,-14.904944629222722
Elliptic,1450.0,2450.0,0.5517364338502191,-15.514610822621329,-7.481437194385554,-15.514610822621329,2.8668275569949464,0.1180842082765464,0.7291898614372572,0.1652928488056578,0.44724135512145746,nan,nan,0.28675812538401557,-14.917776146221335
Elliptic,1250.0,2500.0,0.9320602548780337,-15.661411129043948,-7.3646754370829575,-15.661411129043948,3.165154361437291,0.11425676124156207,0.74394133286378,0.16259655107492296,0.45326894196935147,nan,nan,0.31694713783695794,-14.922737393340144
Elliptic,1050.0,2500.0,1.0224429304991185,-15.661411129043948,-7.319484099272415,-15.661411129043948,3.2800765919613495,0.11425676124156207,0.7473862445251777,0.16259655107492296,0.4549913978000503,nan,nan,0.3454250550945223,-14.931056978383333
Elliptic,850.0,2450.0,0.9200311772925595,-15.514610822621329,-7.297289822664385,-15.514610822621329,3.2584141824904904,0.1180842082765464,0.7434810482559877,0.1652928488056578,0.45438694853082273,nan,nan,0.3931556191396031,-14.93213257519261
Elliptic,1500.0,2450.0,0.4610401977002322,-15.514610822621329,-7.526785312460548,-15.514610822621329,2.7998417274193037,0.1180842082765464,0.7256133343354694,0.1652928488056578,0.44545309157056356,nan,nan,0.2757058109625085,-14.944596162555102
Elliptic,950.0,2500.0,1.0558609073118639,-15.661411129043948,-7.302775110866042,-15.661411129043948,3.3218133218793158,0.11425676124156207,0.7486538696290758,0.16259655107492296,0.4556252103519994,nan,nan,0.37107337132168816,-14.964376997327394
Elliptic,1000.0,2500.0,1.0146784686649861,-15.661411129043948,-7.323366330189481,-15.661411129043948,3.2897029045137867,0.11425676124156207,0.7470912464688201,0.16259655107492296,0.45484389877187154,nan,nan,0.36161206567097226,-14.967608228509658
Elliptic,650.0,2400.0,0.7642688318707885,-15.326972323470624,-7.281351745799918,-15.326972323470624,3.186918514166731,0.123014204016601,0.7374833301228029,0.1688006829039268,0.45314200651336484,nan,nan,0.4662696510123146,-14.97109319653313
Elliptic,1300.0,2500.0,0.7831543473520268,-15.661411129043948,-7.43912839084596,-15.661411129043948,3.0424053633649617,0.11425676124156207,0.7382142092832032,0.16259655107492296,0.4504053801790631,nan,nan,0.30322077991328383,-14.975464754836375
Elliptic,750.0,2450.0,0.8621286164358901,-15.514610822621329,-7.32624110309272,-15.514610822621329,3.209306077189445,0.1180842082765464,0.7412595880123413,0.1652928488056578,0.45327621840899956,nan,nan,0.41703387839518424,-15.011061834375752
Elliptic,800.0,2450.0,0.7747618682558394,-15.514610822621329,-7.369924477182745,-15.514610822621329,3.1386121120627415,0.1180842082765464,0.737889540271336,0.1652928488056578,0.45159119453849694,nan,nan,0.39419752168451516,-15.012442542785447
Elliptic,1350.0,2500.0,0.6609169120365644,-15.661411129043948,-7.500247108503692,-15.661411129043948,2.9448504223388827,0.11425676124156207,0.7334658683059703,0.16259655107492296,0.44803120969044663,nan,nan,0.29673282165837245,-15.028355896961518
Elliptic,1400.0,2500.0,0.6099341437927109,-15.661411129043948,-7.525738492625619,-15.661411129043948,2.908073327531068,0.11425676124156207,0.7314731948660842,0.16259655107492296,0.4470348729705036,nan,nan,0.29308384941833393,-15.048542010043255
Elliptic,1150.0,2550.0,1.0550319660444953,-15.821417436721433,-7.3831927353384685,-15.821417436721433,3.2766325376149497,0.1101267413402052,0.7486224659373499,0.15970509581241746,0.4541637808748837,nan,nan,0.33270067121467994,-15.050975234378779
Elliptic,1100.0,2550.0,1.0699850497342243,-15.821417436721433,-7.375716193493604,-15.821417436721433,3.2938775511888476,0.1101267413402052,0.7491886359270307,0.15970509581241746,0.45444686586972405,nan,nan,0.3375429846669403,-15.052617149448752
Elliptic,900.0,2500.0,0.9398869913316441,-15.661411129043948,-7.360762068856152,-15.661411129043948,3.2722913810034635,0.11425676124156207,0.7442405918178219,0.16259655107492296,0.45341857144637243,nan,nan,0.3856516187679405,-15.055933728021262
Elliptic,1200.0,2550.0,1.0108442289874289,-15.821417436721433,-7.405286603867002,-15.821417436721433,3.2334859691514857,0.1101267413402052,0.746945505156296,0.15970509581241746,0.4533253004843567,nan,nan,0.3272588472111069,-15.063862415681218
Elliptic,1450.0,2500.0,0.5517364338502191,-15.661411129043948,-7.554837347596864,-15.661411129043948,2.8668275569949464,0.11425676124156207,0.7291898614372572,0.16259655107492296,0.4458932062560901,nan,nan,0.28775893335763203,-15.069274366321922
Elliptic,600.0,2400.0,0.6545576589139359,-15.326972323470624,-7.336207332278344,-15.326972323470624,3.1969892311678683,0.123014204016601,0.7332177051022016,0.1688006829039268,0.4510091940030642,nan,nan,0.4906513892947071,-15.078977884596942
Elliptic,850.0,2500.0,0.9200311772925595,-15.661411129043948,-7.3706899758756945,-15.661411129043948,3.2584141824904904,0.11425676124156207,0.7434810482559877,0.16259655107492296,0.45303879966545535,nan,nan,0.3938861809370428,-15.083090302940844
Elliptic,1250.0,2550.0,0.9320602548780337,-15.821417436721433,-7.4446785909217,-15.821417436721433,3.165154361437291,0.1101267413402052,0.74394133286378,0.15970509581241746,0.4518232143380987,nan,nan,0.31787472788560706,-15.087490336377433
Elliptic,700.0,2450.0,0.806421064243106,-15.514610822621329,-7.354094879189112,-15.514610822621329,3.162263220415946,0.1180842082765464,0.7391132566118681,0.1652928488056578,0.45220305270876293,nan,nan,0.4417646478236195,-15.090523480729491
Elliptic,1050.0,2550.0,1.0224429304991185,-15.821417436721433,-7.3994872531111575,-15.821417436721433,3.2800765919613495,0.1101267413402052,0.7473862445251777,0.15970509581241746,0.45354567016879754,nan,nan,0.3462763991971612,-15.0956574295286
Elliptic,1500.0,2500.0,0.4610401977002322,-15.661411129043948,-7.600185465671858,-15.661411129043948,2.7998417274193037,0.11425676124156207,0.7256133343354694,0.16259655107492296,0.4441049427051962,nan,nan,0.2767465662447894,-15.096174277273018
Elliptic,950.0,2550.0,1.0558609073118639,-15.821417436721433,-7.382778264704784,-15.821417436721433,3.3218133218793158,0.1101267413402052,0.7486538696290758,0.15970509581241746,0.4541794827207466,nan,nan,0.3718660357618821,-15.128860089147771
Elliptic,1000.0,2550.0,1.0146784686649861,-15.821417436721433,-7.403369484028223,-15.821417436721433,3.2897029045137867,0.1101267413402052,0.7470912464688201,0.15970509581241746,0.45339817114061876,nan,nan,0.3624253432233584,-15.132132546554418
Elliptic,1300.0,2550.0,0.7831543473520268,-15.821417436721433,-7.5191315446847025,-15.821417436721433,3.0424053633649617,0.1101267413402052,0.7382142092832032,0.15970509581241746,0.44895965254781034,nan,nan,0.3041903296820979,-15.140301617313993
Elliptic,750.0,2500.0,0.8621286164358901,-15.661411129043948,-7.3996412563040295,-15.661411129043948,3.209306077189445,0.11425676124156207,0.7412595880123413,0.16259655107492296,0.4519280695436321,nan,nan,0.41772268735588425,-15.161936056450509
Elliptic,800.0,2500.0,0.7747618682558394,-15.661411129043948,-7.443324630394055,-15.661411129043948,3.1386121120627415,0.11425676124156207,0.737889540271336,0.16259655107492296,0.4502430456731295,nan,nan,0.3949262027235432,-15.163396509016856
Elliptic,650.0,2450.0,0.7642688318707885,-15.514610822621329,-7.37517099537527,-15.514610822621329,3.186918514166731,0.1180842082765464,0.7374833301228029,0.1652928488056578,0.45138808946423037,nan,nan,0.4670647228232755,-15.163829673404026
Elliptic,1350.0,2550.0,0.6609169120365644,-15.821417436721433,-7.580250262342434,-15.821417436721433,2.9448504223388827,0.1101267413402052,0.7334658683059703,0.15970509581241746,0.44658548205919385,nan,nan,0.297723511151734,-15.193235038888231
Elliptic,1400.0,2550.0,0.6099341437927109,-15.821417436721433,-7.605741646464361,-15.821417436721433,2.908073327531068,0.1101267413402052,0.7314731948660842,0.15970509581241746,0.4455891453392508,nan,nan,0.29408672622620324,-15.213445526598981
Elliptic,1150.0,2600.0,1.0550319660444953,-15.983387536510405,-7.4641777852329545,-15.983387536510405,3.2766325376149497,0.10614576668876408,0.7486224659373499,0.15682782415937715,0.45272514504836353,nan,nan,0.3336942382684113,-15.217809739928253
Elliptic,1100.0,2600.0,1.0699850497342243,-15.983387536510405,-7.45670124338809,-15.983387536510405,3.2938775511888476,0.10614576668876408,0.7491886359270307,0.15682782415937715,0.4530082300432039,nan,nan,0.3385225212629205,-15.219423594082725
Elliptic,900.0,2550.0,0.9398869913316441,-15.821417436721433,-7.440765222694894,-15.821417436721433,3.2722913810034635,0.1101267413402052,0.7442405918178219,0.15970509581241746,0.45197284381511965,nan,nan,0.3864143415342202,-15.220356936493811
Elliptic,1200.0,2600.0,1.0108442289874289,-15.983387536510405,-7.486271653761488,-15.983387536510405,3.2334859691514857,0.10614576668876408,0.746945505156296,0.15682782415937715,0.45188666465783656,nan,nan,0.32826896493886126,-15.23073002257874
Elliptic,1450.0,2550.0,0.5517364338502191,-15.821417436721433,-7.634840501435606,-15.821417436721433,2.8668275569949464,0.1101267413402052,0.7291898614372572,0.15970509581241746,0.4444474786248373,nan,nan,0.28878031682827243,-15.234214896203193
Elliptic,700.0,2500.0,0.806421064243106,-15.661411129043948,-7.427495032400421,-15.661411129043948,3.162263220415946,0.11425676124156207,0.7391132566118681,0.16259655107492296,0.45085490384339555,nan,nan,0.4424150893127209,-15.241320967861048
Elliptic,850.0,2550.0,0.9200311772925595,-15.821417436721433,-7.450693129714437,-15.821417436721433,3.2584141824904904,0.1101267413402052,0.7434810482559877,0.15970509581241746,0.45159307203420257,nan,nan,0.3946329548719913,-15.24748161375073
Elliptic,1250.0,2600.0,0.9320602548780337,-15.983387536510405,-7.525663640816186,-15.983387536510405,3.165154361437291,0.10614576668876408,0.74394133286378,0.15682782415937715,0.45038457851157854,nan,nan,0.31891459921143445,-15.254417450471099
Elliptic,1500.0,2550.0,0.4610401977002322,-15.821417436721433,-7.6801886195106,-15.821417436721433,2.7998417274193037,0.1101267413402052,0.7256133343354694,0.15970509581241746,0.4426592150739434,nan,nan,0.2778084612516178,-15.261195830226665
Elliptic,1050.0,2600.0,1.0224429304991185,-15.983387536510405,-7.480472303005643,-15.983387536510405,3.2800765919613495,0.10614576668876408,0.7473862445251777,0.15682782415937715,0.4521070343422774,nan,nan,0.34723118501244343,-15.262414372601176
Elliptic,600.0,2450.0,0.6545576589139359,-15.514610822621329,-7.430026581853697,-15.514610822621329,3.1969892311678683,0.1180842082765464,0.7332177051022016,0.1652928488056578,0.44925527695392975,nan,nan,0.4914070027941906,-15.27163544484488
Elliptic,950.0,2600.0,1.0558609073118639,-15.983387536510405,-7.46376331459927,-15.983387536510405,3.3218133218793158,0.10614576668876408,0.7486538696290758,0.15682782415937715,0.45274084689422645,nan,nan,0.37275533356926904,-15.295486056204558
Elliptic,1000.0,2600.0,1.0146784686649861,-15.983387536510405,-7.484354533922709,-15.983387536510405,3.2897029045137867,0.10614576668876408,0.7470912464688201,0.15682782415937715,0.4519595353140986,nan,nan,0.3633378119743774,-15.298804855498469
Elliptic,1300.0,2600.0,0.7831543473520268,-15.983387536510405,-7.600116594579189,-15.983387536510405,3.0424053633649617,0.10614576668876408,0.7382142092832032,0.15682782415937715,0.4475210167212902,nan,nan,0.3052768438165354,-15.30732201702488
Elliptic,650.0,2500.0,0.7642688318707885,-15.661411129043948,-7.44857114858658,-15.661411129043948,3.186918514166731,0.11425676124156207,0.7374833301228029,0.16259655107492296,0.45003994059886293,nan,nan,0.46767991889974164,-15.314556669710312
Elliptic,750.0,2550.0,0.8621286164358901,-15.821417436721433,-7.479644410142772,-15.821417436721433,3.209306077189445,0.1101267413402052,0.7412595880123413,0.15970509581241746,0.45048234191237935,nan,nan,0.41842699376589665,-15.326242432210522
Elliptic,800.0,2550.0,0.7747618682558394,-15.821417436721433,-7.523327784232797,-15.821417436721433,3.1386121120627415,0.1101267413402052,0.737889540271336,0.15970509581241746,0.4487973180418767,nan,nan,0.3956710582849117,-15.327783983079586
Elliptic,1350.0,2600.0,0.6609169120365644,-15.983387536510405,-7.66123531223692,-15.983387536510405,2.9448504223388827,0.10614576668876408,0.7334658683059703,0.15682782415937715,0.4451468462326737,nan,nan,0.2988335347663177,-15.36030245755941
Elliptic,1400.0,2600.0,0.6099341437927109,-15.983387536510405,-7.686726696358847,-15.983387536510405,2.908073327531068,0.10614576668876408,0.7314731948660842,0.15682782415937715,0.44415050951273066,nan,nan,0.2952104041468559,-15.3805402538823
Elliptic,900.0,2600.0,0.9398869913316441,-15.983387536510405,-7.52175027258938,-15.983387536510405,3.2722913810034635,0.10614576668876408,0.7442405918178219,0.15682782415937715,0.4505342079885995,nan,nan,0.38727016184187896,-15.38691594855114
Elliptic,1450.0,2600.0,0.5517364338502191,-15.983387536510405,-7.715825551330092,-15.983387536510405,2.8668275569949464,0.10614576668876408,0.7291898614372572,0.15682782415937715,0.44300884279831715,nan,nan,0.2899246078611173,-15.401350849710894
Elliptic,700.0,2550.0,0.806421064243106,-15.821417436721433,-7.507498186239164,-15.821417436721433,3.162263220415946,0.1101267413402052,0.7391132566118681,0.15970509581241746,0.44940917621214277,nan,nan,0.44308008787192876,-15.405548727919452
Elliptic,850.0,2600.0,0.9200311772925595,-15.983387536510405,-7.531678179608923,-15.983387536510405,3.2584141824904904,0.10614576668876408,0.7434810482559877,0.15682782415937715,0.4501544362076824,nan,nan,0.39547109605058006,-15.414005267549918
Elliptic,600.0,2500.0,0.6545576589139359,-15.661411129043948,-7.503426735065006,-15.661411129043948,3.1969892311678683,0.11425676124156207,0.7332177051022016,0.16259655107492296,0.4479071280885623,nan,nan,0.4919917305843872,-15.422301504578629
Elliptic,1500.0,2600.0,0.4610401977002322,-15.983387536510405,-7.761173669405086,-15.983387536510405,2.7998417274193037,0.10614576668876408,0.7256133343354694,0.15682782415937715,0.44122057924742325,nan,nan,0.2789977212180863,-15.428421721601616
Elliptic,650.0,2550.0,0.7642688318707885,-15.821417436721433,-7.528574302425322,-15.821417436721433,3.186918514166731,0.1101267413402052,0.7374833301228029,0.15970509581241746,0.44859421296761015,nan,nan,0.4683090702036226,-15.478712735258066
Elliptic,750.0,2600.0,0.8621286164358901,-15.983387536510405,-7.560629460037257,-15.983387536510405,3.209306077189445,0.10614576668876408,0.7412595880123413,0.15682782415937715,0.4490437060858592,nan,nan,0.4192175141415012,-15.492670844403742
Elliptic,800.0,2600.0,0.7747618682558394,-15.983387536510405,-7.604312834127283,-15.983387536510405,3.1386121120627415,0.10614576668876408,0.737889540271336,0.15682782415937715,0.4473586822153566,nan,nan,0.3965070177837429,-15.494303273519257
Elliptic,700.0,2600.0,0.806421064243106,-15.983387536510405,-7.58848323613365,-15.983387536510405,3.162263220415946,0.10614576668876408,0.7391132566118681,0.15682782415937715,0.4479705403856226,nan,nan,0.44382671134620433,-15.571889346310016
Elliptic,600.0,2550.0,0.6545576589139359,-15.821417436721433,-7.583429888903749,-15.821417436721433,3.1969892311678683,0.1101267413402052,0.7332177051022016,0.15970509581241746,0.44646140045730953,nan,nan,0.4925899622199799,-15.586395730789805
Elliptic,650.0,2600.0,0.7642688318707885,-15.983387536510405,-7.609559352319808,-15.983387536510405,3.186918514166731,0.10614576668876408,0.7374833301228029,0.15682782415937715,0.44715557714109,nan,nan,0.4690154830630561,-15.644972932418941
Elliptic,600.0,2600.0,0.6545576589139359,-15.983387536510405,-7.6644149387982345,-15.983387536510405,3.1969892311678683,0.10614576668876408,0.7332177051022016,0.15682782415937715,0.4450227646307894,nan,nan,0.49326158104879697,-15.752586339889453
FIR-Hamming,1100.0,1200.0,1.047479618297296,-5.969132613562685,-2.4608264976326946,-5.969132613562685,2.878425978832439,0.9579955944705796,0.7483362580450005,0.44933603043767306,0.5988361442413368,nan,nan,0.07870113035790002,-4.405122776647165
FIR-Hamming,1150.0,1250.0,1.0772985207607357,-6.01765519398596,-2.470178336612612,-6.01765519398596,2.8842516951740924,0.9459402853375802,0.7494653040818784,0.44733489637768037,0.5984001002297794,nan,nan,0.07571657834385782,-4.433638889833749
FIR-Hamming,1100.0,1250.0,1.047479618297296,-6.01765519398596,-2.485087787844332,-6.01765519398596,2.878425978832439,0.9459402853375802,0.7483362580450005,0.44733489637768037,0.5978355772113404,nan,nan,0.09397801842944954,-4.48620026727353
FIR-Hamming,1050.0,1150.0,0.9440509079906436,-5.9590790103240545,-2.5075140511667056,-5.9590790103240545,2.842728290379948,0.962646190305,0.7443997284561089,0.44975120758554243,0.5970754680208257,nan,nan,0.11821112037456558,-4.529324861036213
FIR-Hamming,1050.0,1200.0,0.9440509079906436,-5.969132613562685,-2.512540852786021,-5.969132613562685,2.842728290379948,0.9579955944705796,0.7443997284561089,0.44933603043767306,0.596867879446891,nan,nan,0.12997717320951968,-4.563325747092621
FIR-Hamming,1000.0,1100.0,0.907343372463457,-5.940110290938229,-2.516383459237386,-5.940110290938229,2.831704699752449,0.9688992428075185,0.7429951029769953,0.4505350608086705,0.596765081892833,nan,nan,0.1383473474638974,-4.569603135848629
FIR-Hamming,950.0,1050.0,0.7738498748564294,-5.919640979900468,-2.572895552522019,-5.919640979900468,2.770872140248959,0.9786963078471782,0.7378542471795242,0.4513816748538811,0.5946179610167026,nan,nan,0.1236933336650298,-4.590866787768907
FIR-Hamming,900.0,1000.0,0.5552152975037472,-5.789064327733804,-2.6169245151150284,-5.789064327733804,2.657744664193607,1.0106321078353604,0.7293266089842546,0.4568004456241547,0.5930635273042046,nan,nan,0.1338386053235356,-4.593006835020593
FIR-Hamming,1000.0,1150.0,0.907343372463457,-5.9590790103240545,-2.5258678189302985,-5.9590790103240545,2.831704699752449,0.962646190305,0.7429951029769953,0.44975120758554243,0.5963731552812689,nan,nan,0.14878875393811697,-4.610238521406022
FIR-Hamming,850.0,1000.0,0.5208307796015608,-5.789064327733804,-2.634116774066122,-5.789064327733804,2.6396221925800583,1.0106321078353604,0.7279735902805347,0.4568004456241547,0.5923870179523447,nan,nan,0.14298484632512398,-4.629844594678582
FIR-Hamming,1050.0,1250.0,0.9440509079906436,-6.01765519398596,-2.5368021429976584,-6.01765519398596,2.842728290379948,0.9459402853375802,0.7443997284561089,0.44733489637768037,0.5958673124168946,nan,nan,0.13975718277688975,-4.633409480710629
FIR-Hamming,1000.0,1200.0,0.907343372463457,-5.969132613562685,-2.5308946205496143,-5.969132613562685,2.831704699752449,0.9579955944705796,0.7429951029769953,0.44933603043767306,0.5961655667073342,nan,nan,0.15829809415866763,-4.6397259822336245
FIR-Hamming,800.0,1000.0,0.5295789815784571,-5.789064327733804,-2.629742673077674,-5.789064327733804,2.6755426009261103,1.0106321078353604,0.7283181299122429,0.4568004456241547,0.5925592877681988,nan,nan,0.16351804509241274,-4.666192351593004
FIR-Hamming,950.0,1100.0,0.7738498748564294,-5.940110290938229,-2.5831302080408998,-5.940110290938229,2.770872140248959,0.9688992428075185,0.7378542471795242,0.4505350608086705,0.5941946539940973,nan,nan,0.15922630485759257,-4.683248655237004
FIR-Hamming,750.0,1000.0,0.7653443244486688,-5.789064327733804,-2.511860001642568,-5.789064327733804,2.9039994499333766,1.0106321078353604,0.7375249792463171,0.4568004456241547,0.5971627124352359,nan,nan,0.24209883982523633,-4.69626442028947
FIR-Hamming,1000.0,1250.0,0.907343372463457,-6.01765519398596,-2.5551559107612514,-6.01765519398596,2.831704699752449,0.9459402853375802,0.7429951029769953,0.44733489637768037,0.5951649996773378,nan,nan,0.16642203011799386,-4.706497568635544
FIR-Hamming,950.0,1150.0,0.7738498748564294,-5.9590790103240545,-2.5926145677338126,-5.9590790103240545,2.770872140248959,0.962646190305,0.7378542471795242,0.44975120758554243,0.5938027273825333,nan,nan,0.1683779060206543,-4.721304430172083
FIR-Hamming,700.0,1000.0,0.8310529301706369,-5.789064327733804,-2.4790056987815836,-5.789064327733804,2.993004041945829,1.0106321078353604,0.740063379230701,0.4568004456241547,0.5984319124274279,nan,nan,0.2754244495041186,-4.727522936801867
FIR-Hamming,950.0,1200.0,0.7738498748564294,-5.969132613562685,-2.597641369353128,-5.969132613562685,2.770872140248959,0.9579955944705796,0.7378542471795242,0.44933603043767306,0.5935951388085986,nan,nan,0.17683697432136086,-4.748691347159995
FIR-Hamming,900.0,1050.0,0.5552152975037472,-5.919640979900468,-2.68221284119836,-5.919640979900468,2.657744664193607,0.9786963078471782,0.7293266089842546,0.4513816748538811,0.5903541419190679,nan,nan,0.16342445855384669,-4.788173964418151
FIR-Hamming,950.0,1250.0,0.7738498748564294,-6.01765519398596,-2.6219026595647654,-6.01765519398596,2.770872140248959,0.9459402853375802,0.7378542471795242,0.44733489637768037,0.5925945717786023,nan,nan,0.18414481159068344,-4.813830736181908
FIR-Hamming,850.0,1050.0,0.5208307796015608,-5.919640979900468,-2.6994051001494537,-5.919640979900468,2.6396221925800583,0.9786963078471782,0.7279735902805347,0.4513816748538811,0.5896776325672078,nan,nan,0.1709954139249657,-4.821861152815203
FIR-Hamming,1200.0,1300.0,1.1007860872111264,-6.354592333493361,-2.6269031231411173,-6.354592333493361,2.889602570754961,0.8790144283137633,0.750352757283042,0.433564920686438,0.59195883898474,nan,nan,0.10100420272282838,-4.822290017363975
FIR-Hamming,800.0,1050.0,0.5295789815784571,-5.919640979900468,-2.6950309991610055,-5.919640979900468,2.6755426009261103,0.9786963078471782,0.7283181299122429,0.4513816748538811,0.589849902383062,nan,nan,0.18850177652722125,-4.852155237399558
FIR-Hamming,1150.0,1300.0,1.0772985207607357,-6.354592333493361,-2.6386469063663127,-6.354592333493361,2.8842516951740924,0.8790144283137633,0.7494653040818784,0.433564920686438,0.5915151123841582,nan,nan,0.1146893532297022,-4.862291554804082
FIR-Hamming,900.0,1100.0,0.5552152975037472,-5.940110290938229,-2.6924474967172407,-5.940110290938229,2.657744664193607,0.9688992428075185,0.7293266089842546,0.4505350608086705,0.5899308348964626,nan,nan,0.19173038045466134,-4.866101733302753
FIR-Hamming,750.0,1050.0,0.7653443244486688,-5.919640979900468,-2.5771483277258995,-5.919640979900468,2.9039994499333766,0.9786963078471782,0.7375249792463171,0.4513816748538811,0.5944533270500991,nan,nan,0.2596278091436005,-4.867317781863136
FIR-Hamming,700.0,1050.0,0.8310529301706369,-5.919640979900468,-2.5442940248649153,-5.919640979900468,2.993004041945829,0.9786963078471782,0.740063379230701,0.4513816748538811,0.595722527042291,nan,nan,0.29095259279378277,-4.894574646318133
FIR-Hamming,850.0,1100.0,0.5208307796015608,-5.940110290938229,-2.7096397556683343,-5.940110290938229,2.6396221925800583,0.9688992428075185,0.7279735902805347,0.4505350608086705,0.5892543255446026,nan,nan,0.19822315345110667,-4.897632556950457
FIR-Hamming,900.0,1150.0,0.5552152975037472,-5.9590790103240545,-2.7019318564101535,-5.9590790103240545,2.657744664193607,0.962646190305,0.7293266089842546,0.44975120758554243,0.5895389082848985,nan,nan,0.1993956934752952,-4.901184931952974
FIR-Hamming,1100.0,1300.0,1.047479618297296,-6.354592333493361,-2.6535563575980325,-6.354592333493361,2.878425978832439,0.8790144283137633,0.7483362580450005,0.433564920686438,0.5909505893657192,nan,nan,0.1274853375822779,-4.903922020777831
FIR-Hamming,650.0,1000.0,0.6651518694604568,-5.789064327733804,-2.5619562291366735,-5.789064327733804,2.942932538487838,1.0106321078353604,0.7336310712395697,0.4568004456241547,0.5952157584318623,nan,nan,0.31970387828648733,-4.9054646327128255
FIR-Hamming,800.0,1100.0,0.5295789815784571,-5.940110290938229,-2.705265654679886,-5.940110290938229,2.6755426009261103,0.9688992428075185,0.7283181299122429,0.4505350608086705,0.5894265953604567,nan,nan,0.21350860367532543,-4.923484816778738
FIR-Hamming,750.0,1100.0,0.7653443244486688,-5.940110290938229,-2.58738298324478,-5.940110290938229,2.9039994499333766,0.9688992428075185,0.7375249792463171,0.4505350608086705,0.5940300200274938,nan,nan,0.27831562656491604,-4.926009341788738
FIR-Hamming,900.0,1200.0,0.5552152975037472,-5.969132613562685,-2.706958658029469,-5.969132613562685,2.657744664193607,0.9579955944705796,0.7293266089842546,0.44933603043767306,0.5893313197109639,nan,nan,0.2065885599829107,-4.926039445354705
FIR-Hamming,850.0,1150.0,0.5208307796015608,-5.9590790103240545,-2.7191241153612467,-5.9590790103240545,2.6396221925800583,0.962646190305,0.7279735902805347,0.44975120758554243,0.5888623989330386,nan,nan,0.20564658213241216,-4.932231986922021
FIR-Hamming,700.0,1100.0,0.8310529301706369,-5.940110290938229,-2.554528680383796,-5.940110290938229,2.993004041945829,0.9688992428075185,0.740063379230701,0.4505350608086705,0.5952992200196857,nan,nan,0.3077440603161681,-4.949473506445875
FIR-Hamming,750.0,1150.0,0.7653443244486688,-5.9590790103240545,-2.596867342937693,-5.9590790103240545,2.9039994499333766,0.962646190305,0.7375249792463171,0.44975120758554243,0.5936380934159298,nan,nan,0.28365067991345705,-4.956432021094775
FIR-Hamming,850.0,1200.0,0.5208307796015608,-5.969132613562685,-2.7241509169805624,-5.969132613562685,2.6396221925800583,0.9579955944705796,0.7279735902805347,0.44933603043767306,0.5886548103591038,nan,nan,0.2126281642400576,-4.956663931523813
FIR-Hamming,800.0,1150.0,0.5295789815784571,-5.9590790103240545,-2.7147500143727985,-5.9590790103240545,2.6755426009261103,0.962646190305,0.7283181299122429,0.44975120758554243,0.5890346687488927,nan,nan,0.22041783300687287,-4.957055848050786
FIR-Hamming,750.0,1200.0,0.7653443244486688,-5.969132613562685,-2.6018941445570083,-5.969132613562685,2.9039994499333766,0.9579955944705796,0.7375249792463171,0.44933603043767306,0.5934305048419951,nan,nan,0.2887523687582746,-4.97710417917091
FIR-Hamming,700.0,1150.0,0.8310529301706369,-5.9590790103240545,-2.5640130400767087,-5.9590790103240545,2.993004041945829,0.962646190305,0.740063379230701,0.44975120758554243,0.5949072934081217,nan,nan,0.31257721447496356,-4.97889238737242
FIR-Hamming,800.0,1200.0,0.5295789815784571,-5.969132613562685,-2.7197768159921143,-5.969132613562685,2.6755426009261103,0.9579955944705796,0.7283181299122429,0.44933603043767306,0.588827080174958,nan,nan,0.2269453812263505,-4.980579724876242
FIR-Hamming,900.0,1250.0,0.5552152975037472,-6.01765519398596,-2.7312199482411064,-6.01765519398596,2.657744664193607,0.9459402853375802,0.7293266089842546,0.44733489637768037,0.5883307526809675,nan,nan,0.21287755280544865,-4.989141145483049
FIR-Hamming,700.0,1200.0,0.8310529301706369,-5.969132613562685,-2.569039841696024,-5.969132613562685,2.993004041945829,0.9579955944705796,0.740063379230701,0.44933603043767306,0.594699704834187,nan,nan,0.3172140174555778,-4.998634773720148
FIR-Hamming,850.0,1250.0,0.5208307796015608,-6.01765519398596,-2.7484122071921995,-6.01765519398596,2.6396221925800583,0.9459402853375802,0.7279735902805347,0.44733489637768037,0.5876542433291075,nan,nan,0.21874358186877998,-5.019418481264524
FIR-Hamming,1050.0,1300.0,0.9440509079906436,-6.354592333493361,-2.705270712751359,-6.354592333493361,2.842728290379948,0.8790144283137633,0.7443997284561089,0.433564920686438,0.5889823245712734,nan,nan,0.16417284994102924,-5.032947930237551
FIR-Hamming,750.0,1250.0,0.7653443244486688,-6.01765519398596,-2.6261554347686458,-6.01765519398596,2.9039994499333766,0.9459402853375802,0.7375249792463171,0.44733489637768037,0.5924299378119987,nan,nan,0.29328473322428733,-5.036692622586203
FIR-Hamming,800.0,1250.0,0.5295789815784571,-6.01765519398596,-2.7440381062037513,-6.01765519398596,2.6755426009261103,0.9459402853375802,0.7283181299122429,0.44733489637768037,0.5878265131449616,nan,nan,0.23268487286374284,-5.042582422634293
FIR-Hamming,600.0,1000.0,0.5148217136083029,-5.789064327733804,-2.637121307062751,-5.789064327733804,2.8967736386736376,1.0106321078353604,0.7277368102777756,0.4568004456241547,0.5922686279509651,nan,nan,0.34789938086095124,-5.042914976749625
FIR-Hamming,700.0,1250.0,0.8310529301706369,-6.01765519398596,-2.5933011319076615,-6.01765519398596,2.993004041945829,0.9459402853375802,0.740063379230701,0.44733489637768037,0.5936991378041907,nan,nan,0.3213452161523755,-5.057420885597011
FIR-Hamming,650.0,1050.0,0.6651518694604568,-5.919640979900468,-2.627244555220005,-5.919640979900468,2.942932538487838,0.9786963078471782,0.7336310712395697,0.4513816748538811,0.5925063730467254,nan,nan,0.3331746975647641,-5.068401694206317
FIR-Hamming,1000.0,1300.0,0.907343372463457,-6.354592333493361,-2.7236244805149523,-6.354592333493361,2.831704699752449,0.8790144283137633,0.7429951029769953,0.433564920686438,0.5882800118317166,nan,nan,0.18739517589294682,-5.099150975384093
FIR-Hamming,650.0,1100.0,0.6651518694604568,-5.940110290938229,-2.637479210738886,-5.940110290938229,2.942932538487838,0.9688992428075185,0.7336310712395697,0.4505350608086705,0.5920830660241201,nan,nan,0.347934400582577,-5.119237025324914
FIR-Hamming,650.0,1150.0,0.6651518694604568,-5.9590790103240545,-2.646963570431799,-5.9590790103240545,2.942932538487838,0.962646190305,0.7336310712395697,0.44975120758554243,0.5916911394125561,nan,nan,0.35221647371916104,-5.147553744207036
FIR-Hamming,650.0,1200.0,0.6651518694604568,-5.969132613562685,-2.651990372051114,-5.969132613562685,2.942932538487838,0.9579955944705796,0.7336310712395697,0.44933603043767306,0.5914835508386214,nan,nan,0.35633781724188146,-5.166265211638977
FIR-Hamming,950.0,1300.0,0.7738498748564294,-6.354592333493361,-2.790371229318466,-6.354592333493361,2.770872140248959,0.8790144283137633,0.7378542471795242,0.433564920686438,0.5857095839329811,nan,nan,0.20329772175962757,-5.20284367171844
FIR-Hamming,600.0,1050.0,0.5148217136083029,-5.919640979900468,-2.7024096331460825,-5.919640979900468,2.8967736386736376,0.9786963078471782,0.7277368102777756,0.4513816748538811,0.5895592425658284,nan,nan,0.36031753965620106,-5.2037467172770615
FIR-Hamming,650.0,1250.0,0.6651518694604568,-6.01765519398596,-2.676251662262752,-6.01765519398596,2.942932538487838,0.9459402853375802,0.7336310712395697,0.44733489637768037,0.5904829838086251,nan,nan,0.3600203798271529,-5.224154051292787
FIR-Hamming,600.0,1100.0,0.5148217136083029,-5.940110290938229,-2.712644288664963,-5.940110290938229,2.8967736386736376,0.9688992428075185,0.7277368102777756,0.4505350608086705,0.5891359355432231,nan,nan,0.37400765536528174,-5.252442873778195
FIR-Hamming,600.0,1150.0,0.5148217136083029,-5.9590790103240545,-2.722128648357876,-5.9590790103240545,2.8967736386736376,0.962646190305,0.7277368102777756,0.44975120758554243,0.588744008931659,nan,nan,0.3779946375070705,-5.280169410670726
FIR-Hamming,1250.0,1350.0,1.1212524567949507,-6.763586555346127,-2.8211670492755885,-6.763586555346127,2.899232406083821,0.8101193778241018,0.7511247109270951,0.4171616907200277,0.5841432008235614,nan,nan,0.12467208034247705,-5.284018085986483
FIR-Hamming,600.0,1200.0,0.5148217136083029,-5.969132613562685,-2.7271554499771913,-5.969132613562685,2.8967736386736376,0.9579955944705796,0.7277368102777756,0.44933603043767306,0.5885364203577244,nan,nan,0.3818377040151962,-5.298324324073478
FIR-Hamming,1200.0,1350.0,1.1007860872111264,-6.763586555346127,-2.8314002340675004,-6.763586555346127,2.889602570754961,0.8101193778241018,0.750352757283042,0.4171616907200277,0.5837572240015348,nan,nan,0.13455720549747688,-5.314793474732448
FIR-Hamming,1150.0,1350.0,1.0772985207607357,-6.763586555346127,-2.843144017292696,-6.763586555346127,2.8842516951740924,0.8101193778241018,0.7494653040818784,0.4171616907200277,0.5833134974009531,nan,nan,0.14511185243566474,-5.348534005035183
FIR-Hamming,600.0,1250.0,0.5148217136083029,-6.01765519398596,-2.7514167401888288,-6.01765519398596,2.8967736386736376,0.9459402853375802,0.7277368102777756,0.44733489637768037,0.587535853327728,nan,nan,0.3852766707709846,-5.355725972068322
FIR-Hamming,900.0,1300.0,0.5552152975037472,-6.354592333493361,-2.899688517994807,-6.354592333493361,2.657744664193607,0.8790144283137633,0.7293266089842546,0.433564920686438,0.5814457648353463,nan,nan,0.22964648884206185,-5.373386132754919
FIR-Hamming,1100.0,1350.0,1.047479618297296,-6.763586555346127,-2.8580534685244157,-6.763586555346127,2.878425978832439,0.8101193778241018,0.7483362580450005,0.4171616907200277,0.582748974382514,nan,nan,0.15542306340883458,-5.38519492425012
FIR-Hamming,850.0,1300.0,0.5208307796015608,-6.354592333493361,-2.9168807769459004,-6.354592333493361,2.6396221925800583,0.8790144283137633,0.7279735902805347,0.433564920686438,0.5807692554834863,nan,nan,0.23509444411805702,-5.402827320961722
FIR-Hamming,1300.0,1400.0,1.0972188597219956,-6.903408683483816,-2.90309491188091,-6.903408683483816,2.870589368207847,0.7867789845953242,0.7502180795568699,0.4116364920315112,0.5809272857941905,nan,nan,0.10721189035922865,-5.407368462752895
FIR-Hamming,750.0,1300.0,0.7653443244486688,-6.354592333493361,-2.7946240045223463,-6.354592333493361,2.9039994499333766,0.8790144283137633,0.7375249792463171,0.433564920686438,0.5855449499663775,nan,nan,0.3056739847627494,-5.41217824086177
FIR-Hamming,800.0,1300.0,0.5295789815784571,-6.354592333493361,-2.9125066759574523,-6.354592333493361,2.6755426009261103,0.8790144283137633,0.7283181299122429,0.433564920686438,0.5809415252993404,nan,nan,0.24811871492664453,-5.424157221958741
FIR-Hamming,700.0,1300.0,0.8310529301706369,-6.354592333493361,-2.761769701661362,-6.354592333493361,2.993004041945829,0.8790144283137633,0.740063379230701,0.433564920686438,0.5868141499585695,nan,nan,0.33269111696194853,-5.430819802414801
FIR-Hamming,1250.0,1400.0,1.1212524567949507,-6.903408683483816,-2.8910781133444328,-6.903408683483816,2.899232406083821,0.7867789845953242,0.7511247109270951,0.4116364920315112,0.5813806014793031,nan,nan,0.13586031717439748,-5.45174188647653
FIR-Hamming,1350.0,1450.0,1.0112098620193897,-6.981629314000019,-2.9852097259903143,-6.981629314000019,2.7840729398115336,0.7734526567821519,0.7469594049158196,0.40856447629020803,0.5777619406030138,nan,nan,0.06956781957039206,-5.45963614092508
FIR-Hamming,1200.0,1400.0,1.1007860872111264,-6.903408683483816,-2.9013112981363447,-6.903408683483816,2.889602570754961,0.7867789845953242,0.750352757283042,0.4116364920315112,0.5809946246572766,nan,nan,0.1449846473404896,-5.480995685244679
FIR-Hamming,1050.0,1350.0,0.9440509079906436,-6.763586555346127,-2.909767823677742,-6.763586555346127,2.842728290379948,0.8101193778241018,0.7443997284561089,0.4171616907200277,0.5807807095880683,nan,nan,0.18669899435927298,-5.503397670893215
FIR-Hamming,1300.0,1450.0,1.0972188597219956,-6.981629314000019,-2.9422052271390116,-6.981629314000019,2.870589368207847,0.7734526567821519,0.7502180795568699,0.40856447629020803,0.579391277923539,nan,nan,0.11510339279024528,-5.504444113872434
FIR-Hamming,1150.0,1400.0,1.0772985207607357,-6.903408683483816,-2.91305508136154,-6.903408683483816,2.8842516951740924,0.7867789845953242,0.7494653040818784,0.4116364920315112,0.5805508980566948,nan,nan,0.15483010730058674,-5.513317841591232
FIR-Hamming,1250.0,1450.0,1.1212524567949507,-6.981629314000019,-2.930188428602534,-6.981629314000019,2.899232406083821,0.7734526567821519,0.7511247109270951,0.40856447629020803,0.5798445936086516,nan,nan,0.14217051554802732,-5.545654929481295
FIR-Hamming,1100.0,1400.0,1.047479618297296,-6.903408683483816,-2.92796453259326,-6.903408683483816,2.878425978832439,0.7867789845953242,0.7483362580450005,0.4116364920315112,0.5799863750382559,nan,nan,0.16453333490579924,-5.548762794070255
FIR-Hamming,1000.0,1350.0,0.907343372463457,-6.763586555346127,-2.928121591441335,-6.763586555346127,2.831704699752449,0.8101193778241018,0.7429951029769953,0.4171616907200277,0.5800783968485115,nan,nan,0.20741451384699167,-5.564587103111359
FIR-Hamming,1200.0,1450.0,1.1007860872111264,-6.981629314000019,-2.940421613394446,-6.981629314000019,2.889602570754961,0.7734526567821519,0.750352757283042,0.40856447629020803,0.579458616786625,nan,nan,0.15091376644474133,-5.574146569710688
FIR-Hamming,650.0,1300.0,0.6651518694604568,-6.354592333493361,-2.844720232016452,-6.354592333493361,2.942932538487838,0.8790144283137633,0.7336310712395697,0.433564920686438,0.5835979959630039,nan,nan,0.3701827945985813,-5.595185996034288
FIR-Hamming,1150.0,1450.0,1.0772985207607357,-6.981629314000019,-2.9521653966196415,-6.981629314000019,2.8842516951740924,0.7734526567821519,0.7494653040818784,0.40856447629020803,0.5790148901860432,nan,nan,0.16039560997731298,-5.605741493202191
FIR-Hamming,1100.0,1450.0,1.047479618297296,-6.981629314000019,-2.9670748478513613,-6.981629314000019,2.878425978832439,0.7734526567821519,0.7483362580450005,0.40856447629020803,0.5784503671676042,nan,nan,0.16978115867920573,-5.640551087874575
FIR-Hamming,1400.0,1500.0,0.9913869946764955,-7.152053776775141,-3.0803333910493227,-7.152053776775141,2.7608021124077764,0.745326516838213,0.7462052586169133,0.4019191844647518,0.5740622215408325,nan,nan,0.06962203713350526,-5.647479910622239
FIR-Hamming,1050.0,1400.0,0.9440509079906436,-6.903408683483816,-2.9796788877465863,-6.903408683483816,2.842728290379948,0.7867789845953242,0.7443997284561089,0.4116364920315112,0.57801811024381,nan,nan,0.19434873470025799,-5.664044478401391
FIR-Hamming,950.0,1350.0,0.7738498748564294,-6.763586555346127,-2.994868340244849,-6.763586555346127,2.770872140248959,0.8101193778241018,0.7378542471795242,0.4171616907200277,0.577507968949776,nan,nan,0.22188691220983373,-5.665419504438028
FIR-Hamming,1350.0,1500.0,1.0112098620193897,-7.152053776775141,-3.0704219573778753,-7.152053776775141,2.7840729398115336,0.745326516838213,0.7469594049158196,0.4019191844647518,0.5744392946902857,nan,nan,0.08839998990170139,-5.674370236188277
FIR-Hamming,1300.0,1500.0,1.0972188597219956,-7.152053776775141,-3.0274174585265725,-7.152053776775141,2.870589368207847,0.745326516838213,0.7502180795568699,0.4019191844647518,0.5760686320108108,nan,nan,0.1273721911562302,-5.706051465204982
FIR-Hamming,1000.0,1400.0,0.907343372463457,-6.903408683483816,-2.9980326555101797,-6.903408683483816,2.831704699752449,0.7867789845953242,0.7429951029769953,0.4116364920315112,0.5773157975042533,nan,nan,0.21432611293413786,-5.723757628111857
FIR-Hamming,600.0,1300.0,0.5148217136083029,-6.354592333493361,-2.9198853099425293,-6.354592333493361,2.8967736386736376,0.8790144283137633,0.7277368102777756,0.433564920686438,0.5806508654821068,nan,nan,0.39478958443251744,-5.725458914590031
FIR-Hamming,1250.0,1500.0,1.1212524567949507,-7.152053776775141,-3.015400659990095,-7.152053776775141,2.899232406083821,0.745326516838213,0.7511247109270951,0.4019191844647518,0.5765219476959235,nan,nan,0.15227392152428873,-5.742931496034395
FIR-Hamming,1050.0,1450.0,0.9440509079906436,-6.981629314000019,-3.0187892030046877,-6.981629314000019,2.842728290379948,0.7734526567821519,0.7443997284561089,0.40856447629020803,0.5764821023731584,nan,nan,0.19881109733818733,-5.754261849934755
FIR-Hamming,1200.0,1500.0,1.1007860872111264,-7.152053776775141,-3.025633844782007,-7.152053776775141,2.889602570754961,0.745326516838213,0.750352757283042,0.4019191844647518,0.5761359708738969,nan,nan,0.16046758660172863,-5.770323964625241
FIR-Hamming,1150.0,1500.0,1.0772985207607357,-7.152053776775141,-3.0373776280072025,-7.152053776775141,2.8842516951740924,0.745326516838213,0.7494653040818784,0.4019191844647518,0.5756922442733151,nan,nan,0.16941565208947648,-5.800851332027096
FIR-Hamming,1000.0,1450.0,0.907343372463457,-6.981629314000019,-3.037142970768281,-6.981629314000019,2.831704699752449,0.7734526567821519,0.7429951029769953,0.40856447629020803,0.5757797896336017,nan,nan,0.21838063311049066,-5.813159314722069
FIR-Hamming,950.0,1400.0,0.7738498748564294,-6.903408683483816,-3.0647794043136933,-6.903408683483816,2.770872140248959,0.7867789845953242,0.7378542471795242,0.4116364920315112,0.5747453696055177,nan,nan,0.22836084000699383,-5.823714686858553
FIR-Hamming,900.0,1350.0,0.5552152975037472,-6.763586555346127,-3.10418562892119,-6.763586555346127,2.657744664193607,0.8101193778241018,0.7293266089842546,0.4171616907200277,0.5732441498521411,nan,nan,0.24625456361172257,-5.831999734113416
FIR-Hamming,1100.0,1500.0,1.047479618297296,-7.152053776775141,-3.0522870792389223,-7.152053776775141,2.878425978832439,0.745326516838213,0.7483362580450005,0.4019191844647518,0.5751277212548761,nan,nan,0.17832706159578035,-5.834712648308302
FIR-Hamming,850.0,1350.0,0.5208307796015608,-6.763586555346127,-3.121377887872283,-6.763586555346127,2.6396221925800583,0.8101193778241018,0.7279735902805347,0.4171616907200277,0.5725676405002812,nan,nan,0.2513427674187283,-5.860721419382241
FIR-Hamming,750.0,1350.0,0.7653443244486688,-6.763586555346127,-2.9991211154487294,-6.763586555346127,2.9039994499333766,0.8101193778241018,0.7375249792463171,0.4171616907200277,0.5773433349831724,nan,nan,0.3183401027469974,-5.862907928649443
FIR-Hamming,700.0,1350.0,0.8310529301706369,-6.763586555346127,-2.966266812587745,-6.763586555346127,2.993004041945829,0.8101193778241018,0.740063379230701,0.4171616907200277,0.5786125349753644,nan,nan,0.3443649091930168,-5.879564838696115
FIR-Hamming,800.0,1350.0,0.5295789815784571,-6.763586555346127,-3.117003786883835,-6.763586555346127,2.6755426009261103,0.8101193778241018,0.7283181299122429,0.4171616907200277,0.5727399103161352,nan,nan,0.2635653085315775,-5.880447860987783
FIR-Hamming,950.0,1450.0,0.7738498748564294,-6.981629314000019,-3.1038897195717947,-6.981629314000019,2.770872140248959,0.7734526567821519,0.7378542471795242,0.40856447629020803,0.5732093617348661,nan,nan,0.23217041020780718,-5.912626473517687
FIR-Hamming,1050.0,1500.0,0.9440509079906436,-7.152053776775141,-3.1040014343922486,-7.152053776775141,2.842728290379948,0.745326516838213,0.7443997284561089,0.4019191844647518,0.5731594564604303,nan,nan,0.20615707638809913,-5.9460235626351565
FIR-Hamming,900.0,1400.0,0.5552152975037472,-6.903408683483816,-3.1740966929900343,-6.903408683483816,2.657744664193607,0.7867789845953242,0.7293266089842546,0.4116364920315112,0.5704815505078829,nan,nan,0.25210355300384396,-5.989045039723865
FIR-Hamming,1000.0,1500.0,0.907343372463457,-7.152053776775141,-3.122355202155842,-7.152053776775141,2.831704699752449,0.745326516838213,0.7429951029769953,0.4019191844647518,0.5724571437208735,nan,nan,0.22508877175265946,-6.003645346606985
FIR-Hamming,750.0,1400.0,0.7653443244486688,-6.903408683483816,-3.0690321795175737,-6.903408683483816,2.9039994499333766,0.7867789845953242,0.7375249792463171,0.4116364920315112,0.5745807356389141,nan,nan,0.32288593344323785,-6.017346916868128
FIR-Hamming,850.0,1400.0,0.5208307796015608,-6.903408683483816,-3.191288951941128,-6.903408683483816,2.6396221925800583,0.7867789845953242,0.7279735902805347,0.4116364920315112,0.5698050411560229,nan,nan,0.257076052553362,-6.017535316477714
FIR-Hamming,700.0,1400.0,0.8310529301706369,-6.903408683483816,-3.0361778766565894,-6.903408683483816,2.993004041945829,0.7867789845953242,0.740063379230701,0.4116364920315112,0.5758499356311061,nan,nan,0.34857152630212357,-6.033325399740532
FIR-Hamming,800.0,1400.0,0.5295789815784571,-6.903408683483816,-3.1869148509526797,-6.903408683483816,2.6755426009261103,0.7867789845953242,0.7283181299122429,0.4116364920315112,0.5699773109718771,nan,nan,0.2690383531247847,-6.036741277000402
FIR-Hamming,650.0,1350.0,0.6651518694604568,-6.763586555346127,-3.0492173429428355,-6.763586555346127,2.942932538487838,0.8101193778241018,0.7336310712395697,0.4171616907200277,0.5753963809797987,nan,nan,0.38070868474065434,-6.04163522813761
FIR-Hamming,900.0,1450.0,0.5552152975037472,-6.981629314000019,-3.2132070082481357,-6.981629314000019,2.657744664193607,0.7734526567821519,0.7293266089842546,0.40856447629020803,0.5689455426372313,nan,nan,0.25555944658533764,-6.077249473144358
FIR-Hamming,950.0,1500.0,0.7738498748564294,-7.152053776775141,-3.1891019509593557,-7.152053776775141,2.770872140248959,0.745326516838213,0.7378542471795242,0.4019191844647518,0.569886715822138,nan,nan,0.23849103738682986,-6.10233748247631
FIR-Hamming,750.0,1450.0,0.7653443244486688,-6.981629314000019,-3.108142494775675,-6.981629314000019,2.9039994499333766,0.7734526567821519,0.7375249792463171,0.40856447629020803,0.5730447277682625,nan,nan,0.32559136680329614,-6.104050429845751
FIR-Hamming,850.0,1450.0,0.5208307796015608,-6.981629314000019,-3.230399267199229,-6.981629314000019,2.6396221925800583,0.7734526567821519,0.7279735902805347,0.40856447629020803,0.5682690332853714,nan,nan,0.2604659879373575,-6.105607833503211
FIR-Hamming,700.0,1450.0,0.8310529301706369,-6.981629314000019,-3.075288191914691,-6.981629314000019,2.993004041945829,0.7734526567821519,0.740063379230701,0.40856447629020803,0.5743139277604545,nan,nan,0.35107906626210306,-6.119633125917996
FIR-Hamming,800.0,1450.0,0.5295789815784571,-6.981629314000019,-3.226025166210781,-6.981629314000019,2.6755426009261103,0.7734526567821519,0.7283181299122429,0.40856447629020803,0.5684413031012254,nan,nan,0.27227929482740554,-6.124515806663151
FIR-Hamming,600.0,1350.0,0.5148217136083029,-6.763586555346127,-3.1243824208689124,-6.763586555346127,2.8967736386736376,0.8101193778241018,0.7277368102777756,0.4171616907200277,0.5724492504989016,nan,nan,0.40467594148427694,-6.170629080512726
FIR-Hamming,1450.0,1550.0,0.9824149789098255,-7.610107119147191,-3.3138460701186827,-7.610107119147191,2.7522370630666257,0.6756705016322992,0.7458635450531825,0.3843934870930117,0.5651285160730971,nan,nan,0.10025843499363013,-6.189159467533344
FIR-Hamming,650.0,1400.0,0.6651518694604568,-6.903408683483816,-3.1191284070116794,-6.903408683483816,2.942932538487838,0.7867789845953242,0.7336310712395697,0.4116364920315112,0.5726337816355405,nan,nan,0.3845179728277059,-6.194601131137918
FIR-Hamming,1400.0,1550.0,0.9913869946764955,-7.610107119147191,-3.309360062235348,-7.610107119147191,2.7608021124077764,0.6756705016322992,0.7462052586169133,0.3843934870930117,0.5652993728549625,nan,nan,0.10861108998340287,-6.2010370560658234
FIR-Hamming,1350.0,1550.0,1.0112098620193897,-7.610107119147191,-3.2994486285639004,-7.610107119147191,2.7840729398115336,0.6756705016322992,0.7469594049158196,0.3843934870930117,0.5656764460044157,nan,nan,0.12150597401705768,-6.216161244162779
FIR-Hamming,1300.0,1550.0,1.0972188597219956,-7.610107119147191,-3.2564441297125977,-7.610107119147191,2.870589368207847,0.6756705016322992,0.7502180795568699,0.3843934870930117,0.5673057833249409,nan,nan,0.15222625370234424,-6.231338630041
FIR-Hamming,1250.0,1550.0,1.1212524567949507,-7.610107119147191,-3.2444273311761203,-7.610107119147191,2.899232406083821,0.6756705016322992,0.7511247109270951,0.3843934870930117,0.5677590990100534,nan,nan,0.17359868448810054,-6.26116006170581
FIR-Hamming,900.0,1500.0,0.5552152975037472,-7.152053776775141,-3.2984192396356966,-7.152053776775141,2.657744664193607,0.745326516838213,0.7293266089842546,0.4019191844647518,0.5656228967245032,nan,nan,0.26131499989956586,-6.265830334373393
FIR-Hamming,650.0,1450.0,0.6651518694604568,-6.981629314000019,-3.1582387222697808,-6.981629314000019,2.942932538487838,0.7734526567821519,0.7336310712395697,0.40856447629020803,0.5710977737648889,nan,nan,0.3867925244356443,-6.280442880611301
FIR-Hamming,1200.0,1550.0,1.1007860872111264,-7.610107119147191,-3.254660515968032,-7.610107119147191,2.889602570754961,0.6756705016322992,0.750352757283042,0.3843934870930117,0.5673731221880268,nan,nan,0.1808286959743471,-6.286625223114268
FIR-Hamming,750.0,1500.0,0.7653443244486688,-7.152053776775141,-3.193354726163236,-7.152053776775141,2.9039994499333766,0.745326516838213,0.7375249792463171,0.4019191844647518,0.5697220818555344,nan,nan,0.3301282074743287,-6.290193865788394
FIR-Hamming,850.0,1500.0,0.5208307796015608,-7.152053776775141,-3.31561149858679,-7.152053776775141,2.6396221925800583,0.745326516838213,0.7279735902805347,0.4019191844647518,0.5649463873726432,nan,nan,0.2661154288619978,-6.293976469953069
FIR-Hamming,700.0,1500.0,0.8310529301706369,-7.152053776775141,-3.160500423302252,-7.152053776775141,2.993004041945829,0.745326516838213,0.740063379230701,0.4019191844647518,0.5709912818477264,nan,nan,0.3552905733430802,-6.30512589468053
FIR-Hamming,800.0,1500.0,0.5295789815784571,-7.152053776775141,-3.311237397598342,-7.152053776775141,2.6755426009261103,0.745326516838213,0.7283181299122429,0.4019191844647518,0.5651186571884973,nan,nan,0.2776884876725356,-6.312403946953989
FIR-Hamming,1150.0,1550.0,1.0772985207607357,-7.610107119147191,-3.2664042991932276,-7.610107119147191,2.8842516951740924,0.6756705016322992,0.7494653040818784,0.3843934870930117,0.566929395587445,nan,nan,0.1888141893069883,-6.31522744620591
FIR-Hamming,600.0,1400.0,0.5148217136083029,-6.903408683483816,-3.1942934849377567,-6.903408683483816,2.8967736386736376,0.7867789845953242,0.7277368102777756,0.4116364920315112,0.5696866511546435,nan,nan,0.40826160739617773,-6.323147739162733
FIR-Hamming,1100.0,1550.0,1.047479618297296,-7.610107119147191,-3.2813137504249474,-7.610107119147191,2.878425978832439,0.6756705016322992,0.7483362580450005,0.3843934870930117,0.566364872569006,nan,nan,0.19684942869961888,-6.347336422259769
FIR-Hamming,600.0,1450.0,0.5148217136083029,-6.981629314000019,-3.233403800195858,-6.981629314000019,2.8967736386736376,0.7734526567821519,0.7277368102777756,0.40856447629020803,0.5681506432839918,nan,nan,0.4104046563759703,-6.408726483379825
FIR-Hamming,1050.0,1550.0,0.9440509079906436,-7.610107119147191,-3.333028105578274,-7.610107119147191,2.842728290379948,0.6756705016322992,0.7443997284561089,0.3843934870930117,0.5643966077745604,nan,nan,0.22237333275785098,-6.454035115118451
FIR-Hamming,650.0,1500.0,0.6651518694604568,-7.152053776775141,-3.2434509536573417,-7.152053776775141,2.942932538487838,0.745326516838213,0.7336310712395697,0.4019191844647518,0.5677751278521608,nan,nan,0.39061915311525175,-6.465165892571094
FIR-Hamming,1000.0,1550.0,0.907343372463457,-7.610107119147191,-3.351381873341867,-7.610107119147191,2.831704699752449,0.6756705016322992,0.7429951029769953,0.3843934870930117,0.5636942950350035,nan,nan,0.24002944134484586,-6.509105725535147
FIR-Hamming,600.0,1500.0,0.5148217136083029,-7.152053776775141,-3.318616031583419,-7.152053776775141,2.8967736386736376,0.745326516838213,0.7277368102777756,0.4019191844647518,0.5648279973712637,nan,nan,0.41401311707982086,-6.593013159388104
FIR-Hamming,950.0,1550.0,0.7738498748564294,-7.610107119147191,-3.418128622145381,-7.610107119147191,2.770872140248959,0.6756705016322992,0.7378542471795242,0.3843934870930117,0.5611238671362679,nan,nan,0.2526404154924629,-6.606215278431367
FIR-Hamming,900.0,1550.0,0.5552152975037472,-7.610107119147191,-3.5274459108217218,-7.610107119147191,2.657744664193607,0.6756705016322992,0.7293266089842546,0.3843934870930117,0.5568600480386332,nan,nan,0.2742894306102434,-6.767358235538539
FIR-Hamming,750.0,1550.0,0.7653443244486688,-7.610107119147191,-3.422381397349261,-7.610107119147191,2.9039994499333766,0.6756705016322992,0.7375249792463171,0.3843934870930117,0.5609592331696645,nan,nan,0.3404905468649205,-6.786497584313368
FIR-Hamming,850.0,1550.0,0.5208307796015608,-7.610107119147191,-3.5446381697728153,-7.610107119147191,2.6396221925800583,0.6756705016322992,0.7279735902805347,0.3843934870930117,0.5561835386867732,nan,nan,0.27886655712645453,-6.795057766225773
FIR-Hamming,700.0,1550.0,0.8310529301706369,-7.610107119147191,-3.389527094488277,-7.610107119147191,2.993004041945829,0.6756705016322992,0.740063379230701,0.3843934870930117,0.5622284331618563,nan,nan,0.3649391273012647,-6.800002042340689
FIR-Hamming,800.0,1550.0,0.5295789815784571,-7.610107119147191,-3.540264068784367,-7.610107119147191,2.6755426009261103,0.6756705016322992,0.7283181299122429,0.3843934870930117,0.5563558085026272,nan,nan,0.2899311717079741,-6.812468354768656
FIR-Hamming,650.0,1550.0,0.6651518694604568,-7.610107119147191,-3.472477624843367,-7.610107119147191,2.942932538487838,0.6756705016322992,0.7336310712395697,0.3843934870930117,0.5590122791662907,nan,nan,0.3994152721309186,-6.958337170346218
FIR-Hamming,1500.0,1600.0,0.966759700792045,-8.321348905207618,-3.6772946022077866,-8.321348905207618,2.737084039634239,0.5834035334328,0.7452667233421136,0.3581918704955688,0.5517292969188412,nan,nan,0.1304569640841357,-6.995424389142185
FIR-Hamming,1450.0,1600.0,0.9824149789098255,-8.321348905207618,-3.669466963148896,-8.321348905207618,2.7522370630666257,0.5834035334328,0.7458635450531825,0.3581918704955688,0.5520277077743756,nan,nan,0.14091119733072308,-7.007908394865399
FIR-Hamming,1400.0,1600.0,0.9913869946764955,-8.321348905207618,-3.6649809552655612,-8.321348905207618,2.7608021124077764,0.5834035334328,0.7462052586169133,0.3581918704955688,0.5521985645562411,nan,nan,0.14697141470006217,-7.015201108157012
FIR-Hamming,1350.0,1600.0,1.0112098620193897,-8.321348905207618,-3.655069521594114,-8.321348905207618,2.7840729398115336,0.5834035334328,0.7469594049158196,0.3581918704955688,0.5525756377056942,nan,nan,0.15674158790093906,-7.024075874588412
FIR-Hamming,1300.0,1600.0,1.0972188597219956,-8.321348905207618,-3.612065022742811,-8.321348905207618,2.870589368207847,0.5834035334328,0.7502180795568699,0.3581918704955688,0.5542049750262193,nan,nan,0.1815958573304784,-7.0275212399551386
FIR-Hamming,1250.0,1600.0,1.1212524567949507,-8.321348905207618,-3.6000482242063336,-8.321348905207618,2.899232406083821,0.5834035334328,0.7511247109270951,0.3581918704955688,0.554658290711332,nan,nan,0.1998517021597953,-7.05110949970707
FIR-Hamming,1200.0,1600.0,1.1007860872111264,-8.321348905207618,-3.6102814089982456,-8.321348905207618,2.889602570754961,0.5834035334328,0.750352757283042,0.3581918704955688,0.5542723138893053,nan,nan,0.2061631512377689,-7.074737536298982
FIR-Hamming,600.0,1550.0,0.5148217136083029,-7.610107119147191,-3.547642702769444,-7.610107119147191,2.8967736386736376,0.6756705016322992,0.7277368102777756,0.3843934870930117,0.5560651486853936,nan,nan,0.4223222325123628,-7.0852104299969785
FIR-Hamming,1150.0,1600.0,1.0772985207607357,-8.321348905207618,-3.622025192223441,-8.321348905207618,2.8842516951740924,0.5834035334328,0.7494653040818784,0.3581918704955688,0.5538285872887236,nan,nan,0.21320190840112996,-7.101446287052063
FIR-Hamming,1100.0,1600.0,1.047479618297296,-8.321348905207618,-3.636934643455161,-8.321348905207618,2.878425978832439,0.5834035334328,0.7483362580450005,0.3581918704955688,0.5532640642702846,nan,nan,0.2203495802841124,-7.131780128086626
FIR-Hamming,1050.0,1600.0,0.9440509079906436,-8.321348905207618,-3.688648998608487,-8.321348905207618,2.842728290379948,0.5834035334328,0.7443997284561089,0.3581918704955688,0.5512957994758388,nan,nan,0.2434216712541036,-7.233575194768825
FIR-Hamming,1000.0,1600.0,0.907343372463457,-8.321348905207618,-3.7070027663720806,-8.321348905207618,2.831704699752449,0.5834035334328,0.7429951029769953,0.3581918704955688,0.5505934867362821,nan,nan,0.2596504346672932,-7.285791114837911
FIR-Hamming,950.0,1600.0,0.7738498748564294,-8.321348905207618,-3.773749515175594,-8.321348905207618,2.770872140248959,0.5834035334328,0.7378542471795242,0.3581918704955688,0.5480230588375465,nan,nan,0.2713510277057282,-7.381079905515766
FIR-Hamming,1500.0,1650.0,0.966759700792045,-8.67266036053928,-3.852950329873618,-8.67266036053928,2.737084039634239,0.5407639310083879,0.7452667233421136,0.34572115895919436,0.545493941150654,nan,nan,0.14713669574928212,-7.392566019340515
FIR-Hamming,1450.0,1650.0,0.9824149789098255,-8.67266036053928,-3.8451226908147276,-8.67266036053928,2.7522370630666257,0.5407639310083879,0.7458635450531825,0.34572115895919436,0.5457923520061885,nan,nan,0.1564805104220193,-7.40282918791603
FIR-Hamming,1400.0,1650.0,0.9913869946764955,-8.67266036053928,-3.8406366829313927,-8.67266036053928,2.7608021124077764,0.5407639310083879,0.7462052586169133,0.34572115895919436,0.5459632087880538,nan,nan,0.161959103252541,-7.408958652130007
FIR-Hamming,1300.0,1650.0,1.0972188597219956,-8.67266036053928,-3.7877207504086425,-8.67266036053928,2.870589368207847,0.5407639310083879,0.7502180795568699,0.34572115895919436,0.5479696192580321,nan,nan,0.19392584617138786,-7.415963384504995
FIR-Hamming,1350.0,1650.0,1.0112098620193897,-8.67266036053928,-3.8307252492599453,-8.67266036053928,2.7840729398115336,0.5407639310083879,0.7469594049158196,0.34572115895919436,0.5463402819375069,nan,nan,0.17087453758184593,-7.416123940818265
FIR-Hamming,1250.0,1650.0,1.1212524567949507,-8.67266036053928,-3.775703951872165,-8.67266036053928,2.899232406083821,0.5407639310083879,0.7511247109270951,0.34572115895919436,0.5484229349431448,nan,nan,0.2111182161568106,-7.4374246945691365
FIR-Hamming,1200.0,1650.0,1.1007860872111264,-8.67266036053928,-3.785937136664077,-8.67266036053928,2.889602570754961,0.5407639310083879,0.750352757283042,0.34572115895919436,0.5480369581211182,nan,nan,0.2171023380408124,-7.460398076773106
FIR-Hamming,1150.0,1650.0,1.0772985207607357,-8.67266036053928,-3.7976809198892725,-8.67266036053928,2.8842516951740924,0.5407639310083879,0.7494653040818784,0.34572115895919436,0.5475932315205364,nan,nan,0.22379725495134695,-7.486419147020534
FIR-Hamming,1100.0,1650.0,1.047479618297296,-8.67266036053928,-3.8125903711209923,-8.67266036053928,2.878425978832439,0.5407639310083879,0.7483362580450005,0.34572115895919436,0.5470287085020974,nan,nan,0.23061677210665646,-7.516096678599751
FIR-Hamming,900.0,1600.0,0.5552152975037472,-8.321348905207618,-3.883066803851935,-8.321348905207618,2.657744664193607,0.5834035334328,0.7293266089842546,0.3581918704955688,0.5437592397399117,nan,nan,0.2916144128712749,-7.539451602718471
FIR-Hamming,750.0,1600.0,0.7653443244486688,-8.321348905207618,-3.7780022903794745,-8.321348905207618,2.9039994499333766,0.5834035334328,0.7375249792463171,0.3581918704955688,0.5478584248709429,nan,nan,0.3545955578796216,-7.5521510090006405
FIR-Hamming,700.0,1600.0,0.8310529301706369,-8.321348905207618,-3.7451479875184903,-8.321348905207618,2.993004041945829,0.5834035334328,0.740063379230701,0.3581918704955688,0.5491276248631349,nan,nan,0.37813332463234905,-7.563833839660727
FIR-Hamming,850.0,1600.0,0.5208307796015608,-8.321348905207618,-3.9002590628030287,-8.321348905207618,2.6396221925800583,0.5834035334328,0.7279735902805347,0.3581918704955688,0.5430827303880517,nan,nan,0.2959236817744921,-7.566615418179719
FIR-Hamming,800.0,1600.0,0.5295789815784571,-8.321348905207618,-3.8958849618145805,-8.321348905207618,2.6755426009261103,0.5834035334328,0.7283181299122429,0.3581918704955688,0.5432550002039058,nan,nan,0.30637283697336787,-7.582795087957314
FIR-Hamming,1050.0,1650.0,0.9440509079906436,-8.67266036053928,-3.8643047262743186,-8.67266036053928,2.842728290379948,0.5407639310083879,0.7443997284561089,0.34572115895919436,0.5450604437076516,nan,nan,0.2527535243033424,-7.616021067735341
FIR-Hamming,1000.0,1650.0,0.907343372463457,-8.67266036053928,-3.882658494037912,-8.67266036053928,2.831704699752449,0.5407639310083879,0.7429951029769953,0.34572115895919436,0.5443581309680948,nan,nan,0.2684185491902099,-7.667109510751783
FIR-Hamming,650.0,1600.0,0.6651518694604568,-8.321348905207618,-3.8280985178735802,-8.321348905207618,2.942932538487838,0.5834035334328,0.7336310712395697,0.3581918704955688,0.5459114708675692,nan,nan,0.4115055018895049,-7.719961032521261
FIR-Hamming,950.0,1650.0,0.7738498748564294,-8.67266036053928,-3.9494052428414257,-8.67266036053928,2.770872140248959,0.5407639310083879,0.7378542471795242,0.34572115895919436,0.5417877030693593,nan,nan,0.2797526764521257,-7.761665369876599
FIR-Hamming,600.0,1600.0,0.5148217136083029,-8.321348905207618,-3.9032635957996575,-8.321348905207618,2.8967736386736376,0.5834035334328,0.7277368102777756,0.3581918704955688,0.5429643403866722,nan,nan,0.43377447140253317,-7.845558310435188
FIR-Hamming,1500.0,1700.0,0.966759700792045,-9.134050914301085,-4.08364560675452,-9.134050914301085,2.737084039634239,0.4905725239853597,0.7452667233421136,0.329828547418814,0.5375476353804638,nan,nan,0.16552688315194655,-7.906629559448027
FIR-Hamming,1450.0,1700.0,0.9824149789098255,-9.134050914301085,-4.075817967695629,-9.134050914301085,2.7522370630666257,0.4905725239853597,0.7458635450531825,0.329828547418814,0.5378460462359983,nan,nan,0.17388533087762734,-7.91492199412943
FIR-Hamming,900.0,1650.0,0.5552152975037472,-8.67266036053928,-4.058722531517767,-8.67266036053928,2.657744664193607,0.5407639310083879,0.7293266089842546,0.34572115895919436,0.5375238839717245,nan,nan,0.29944801615458744,-7.918900976153133
FIR-Hamming,1400.0,1700.0,0.9913869946764955,-9.134050914301085,-4.071331959812294,-9.134050914301085,2.7608021124077764,0.4905725239853597,0.7462052586169133,0.329828547418814,0.5380169030178636,nan,nan,0.17883159384730224,-7.919986798621713
FIR-Hamming,1300.0,1700.0,1.0972188597219956,-9.134050914301085,-4.018416027289545,-9.134050914301085,2.870589368207847,0.4905725239853597,0.7502180795568699,0.329828547418814,0.5400233134878419,nan,nan,0.20822395465221794,-7.921842766768839
FIR-Hamming,1350.0,1700.0,1.0112098620193897,-9.134050914301085,-4.061420526140847,-9.134050914301085,2.7840729398115336,0.4905725239853597,0.7469594049158196,0.329828547418814,0.5383939761673168,nan,nan,0.18694407598790125,-7.925546182932558
FIR-Hamming,750.0,1650.0,0.7653443244486688,-8.67266036053928,-3.953658018045306,-8.67266036053928,2.9039994499333766,0.5407639310083879,0.7375249792463171,0.34572115895919436,0.5416230691027557,nan,nan,0.3610653292006919,-7.928872718510818
FIR-Hamming,700.0,1650.0,0.8310529301706369,-8.67266036053928,-3.920803715184322,-8.67266036053928,2.993004041945829,0.5407639310083879,0.740063379230701,0.34572115895919436,0.5428922690949477,nan,nan,0.38420693300157943,-7.939763223267224
FIR-Hamming,1250.0,1700.0,1.1212524567949507,-9.134050914301085,-4.006399228753067,-9.134050914301085,2.899232406083821,0.4905725239853597,0.7511247109270951,0.329828547418814,0.5404766291729546,nan,nan,0.22432307738808926,-7.94111758233388
FIR-Hamming,850.0,1650.0,0.5208307796015608,-8.67266036053928,-4.07591479046886,-8.67266036053928,2.6396221925800583,0.5407639310083879,0.7279735902805347,0.34572115895919436,0.5368473746198645,nan,nan,0.3036462262735939,-7.9458426740459585
FIR-Hamming,800.0,1650.0,0.5295789815784571,-8.67266036053928,-4.071540689480412,-8.67266036053928,2.6755426009261103,0.5407639310083879,0.7283181299122429,0.34572115895919436,0.5370196444357186,nan,nan,0.313838338220343,-7.961508257319301
FIR-Hamming,1200.0,1700.0,1.1007860872111264,-9.134050914301085,-4.016632413544979,-9.134050914301085,2.889602570754961,0.4905725239853597,0.750352757283042,0.329828547418814,0.540090652350928,nan,nan,0.22996381040128341,-7.963404186796232
FIR-Hamming,1150.0,1700.0,1.0772985207607357,-9.134050914301085,-4.028376196770175,-9.134050914301085,2.8842516951740924,0.4905725239853597,0.7494653040818784,0.329828547418814,0.5396469257503462,nan,nan,0.23629470652123397,-7.988697215462493
FIR-Hamming,1100.0,1700.0,1.047479618297296,-9.134050914301085,-4.043285648001895,-9.134050914301085,2.878425978832439,0.4905725239853597,0.7483362580450005,0.329828547418814,0.5390824027319072,nan,nan,0.24276338700242545,-8.017673073693475
FIR-Hamming,650.0,1650.0,0.6651518694604568,-8.67266036053928,-4.003754245539412,-8.67266036053928,2.942932538487838,0.5407639310083879,0.7336310712395697,0.34572115895919436,0.5396761150993821,nan,nan,0.4170934984368351,-8.094919192483959
FIR-Hamming,1050.0,1700.0,0.9440509079906436,-9.134050914301085,-4.095000003155221,-9.134050914301085,2.842728290379948,0.4905725239853597,0.7443997284561089,0.329828547418814,0.5371141379374614,nan,nan,0.2638831190879861,-8.115563422606813
FIR-Hamming,1000.0,1700.0,0.907343372463457,-9.134050914301085,-4.113353770918814,-9.134050914301085,2.831704699752449,0.4905725239853597,0.7429951029769953,0.329828547418814,0.5364118251979046,nan,nan,0.27892388264284307,-8.165403342959232
FIR-Hamming,600.0,1650.0,0.5148217136083029,-8.67266036053928,-4.078919323465489,-8.67266036053928,2.8967736386736376,0.5407639310083879,0.7277368102777756,0.34572115895919436,0.536728984618485,nan,nan,0.4390791505027252,-8.21994983550361
FIR-Hamming,950.0,1700.0,0.7738498748564294,-9.134050914301085,-4.180100519722328,-9.134050914301085,2.770872140248959,0.4905725239853597,0.7378542471795242,0.329828547418814,0.5338413972991691,nan,nan,0.28984744034348536,-8.259138062961501
FIR-Hamming,1500.0,1750.0,0.966759700792045,-9.496352742509641,-4.264796520858798,-9.496352742509641,2.737084039634239,0.4530619411996379,0.7452667233421136,0.3177401914576243,0.5315034573998689,nan,nan,0.17757460777042852,-8.305115192854739
FIR-Hamming,1450.0,1750.0,0.9824149789098255,-9.496352742509641,-4.256968881799908,-9.496352742509641,2.7522370630666257,0.4530619411996379,0.7458635450531825,0.3177401914576243,0.5318018682554034,nan,nan,0.1853906635777599,-8.312322843699441
FIR-Hamming,1300.0,1750.0,1.0972188597219956,-9.496352742509641,-4.199566941393822,-9.496352742509641,2.870589368207847,0.4530619411996379,0.7502180795568699,0.3177401914576243,0.5339791355072471,nan,nan,0.21792387212262587,-8.315632785879401
FIR-Hamming,1400.0,1750.0,0.9913869946764955,-9.496352742509641,-4.2524828739165725,-9.496352742509641,2.7608021124077764,0.4530619411996379,0.7462052586169133,0.3177401914576243,0.5319727250372688,nan,nan,0.19003773549930206,-8.316789266095459
FIR-Hamming,1350.0,1750.0,1.0112098620193897,-9.496352742509641,-4.242571440245126,-9.496352742509641,2.7840729398115336,0.4530619411996379,0.7469594049158196,0.3177401914576243,0.5323497981867219,nan,nan,0.19769084239784399,-8.32142989992219
FIR-Hamming,1250.0,1750.0,1.1212524567949507,-9.496352742509641,-4.187550142857345,-9.496352742509641,2.899232406083821,0.4530619411996379,0.7511247109270951,0.3177401914576243,0.5344324511923597,nan,nan,0.23335472377965294,-8.33357105928675
FIR-Hamming,1200.0,1750.0,1.1007860872111264,-9.496352742509641,-4.197783327649257,-9.496352742509641,2.889602570754961,0.4530619411996379,0.750352757283042,0.3177401914576243,0.5340464743703331,nan,nan,0.2387822728268812,-8.355431295817175
FIR-Hamming,1150.0,1750.0,1.0772985207607357,-9.496352742509641,-4.209527110874452,-9.496352742509641,2.8842516951740924,0.4530619411996379,0.7494653040818784,0.3177401914576243,0.5336027477697514,nan,nan,0.24488523983491817,-8.380268466259606
FIR-Hamming,1100.0,1750.0,1.047479618297296,-9.496352742509641,-4.224436562106172,-9.496352742509641,2.878425978832439,0.4530619411996379,0.7483362580450005,0.3177401914576243,0.5330382247513124,nan,nan,0.25113274312689404,-8.408801970112156
FIR-Hamming,900.0,1700.0,0.5552152975037472,-9.134050914301085,-4.289417808398669,-9.134050914301085,2.657744664193607,0.4905725239853597,0.7293266089842546,0.329828547418814,0.5295775782015343,nan,nan,0.3088998239753243,-8.415087757096792
FIR-Hamming,750.0,1700.0,0.7653443244486688,-9.134050914301085,-4.184353294926208,-9.134050914301085,2.9039994499333766,0.4905725239853597,0.7375249792463171,0.329828547418814,0.5336767633325655,nan,nan,0.3689419830440482,-8.421909191499715
FIR-Hamming,700.0,1700.0,0.8310529301706369,-9.134050914301085,-4.151498992065224,-9.134050914301085,2.993004041945829,0.4905725239853597,0.740063379230701,0.329828547418814,0.5349459633247575,nan,nan,0.3916182872138818,-8.431869096994017
FIR-Hamming,850.0,1700.0,0.5208307796015608,-9.134050914301085,-4.306610067349762,-9.134050914301085,2.6396221925800583,0.4905725239853597,0.7279735902805347,0.329828547418814,0.5289010688496744,nan,nan,0.31297121455463,-8.441775815910216
FIR-Hamming,800.0,1700.0,0.5295789815784571,-9.134050914301085,-4.302235966361314,-9.134050914301085,2.6755426009261103,0.4905725239853597,0.7283181299122429,0.329828547418814,0.5290733386655284,nan,nan,0.32286904423270085,-8.4568528346462
FIR-Hamming,1050.0,1750.0,0.9440509079906436,-9.496352742509641,-4.276150917259499,-9.496352742509641,2.842728290379948,0.4530619411996379,0.7443997284561089,0.3177401914576243,0.5310699599568666,nan,nan,0.2716024098750357,-8.505392188350658
FIR-Hamming,1000.0,1750.0,0.907343372463457,-9.496352742509641,-4.294504685023092,-9.496352742509641,2.831704699752449,0.4530619411996379,0.7429951029769953,0.3177401914576243,0.5303676472173098,nan,nan,0.2862378323770036,-8.554421426597301
FIR-Hamming,650.0,1700.0,0.6651518694604568,-9.134050914301085,-4.234449522420314,-9.134050914301085,2.942932538487838,0.4905725239853597,0.7336310712395697,0.329828547418814,0.5317298093291919,nan,nan,0.4239303561847004,-8.585876073281872
FIR-Hamming,950.0,1750.0,0.7738498748564294,-9.496352742509641,-4.361251433826606,-9.496352742509641,2.770872140248959,0.4530619411996379,0.7378542471795242,0.3177401914576243,0.5277972193185743,nan,nan,0.2968925168551097,-8.647618400154498
FIR-Hamming,600.0,1700.0,0.5148217136083029,-9.134050914301085,-4.309614600346391,-9.134050914301085,2.8967736386736376,0.4905725239853597,0.7277368102777756,0.329828547418814,0.5287826788482948,nan,nan,0.4455786754218686,-8.710232050644082
FIR-Hamming,900.0,1750.0,0.5552152975037472,-9.496352742509641,-4.470568722502947,-9.496352742509641,2.657744664193607,0.4530619411996379,0.7293266089842546,0.3177401914576243,0.5235334002209394,nan,nan,0.31551973624040036,-8.80271776579669
FIR-Hamming,750.0,1750.0,0.7653443244486688,-9.496352742509641,-4.365504209030486,-9.496352742509641,2.9039994499333766,0.4530619411996379,0.7375249792463171,0.3177401914576243,0.5276325853519707,nan,nan,0.3745020315213805,-8.807419472624126
FIR-Hamming,700.0,1750.0,0.8310529301706369,-9.496352742509641,-4.332649906169502,-9.496352742509641,2.993004041945829,0.4530619411996379,0.740063379230701,0.3177401914576243,0.5289017853441627,nan,nan,0.3968608636713196,-8.816744434078636
FIR-Hamming,850.0,1750.0,0.5208307796015608,-9.496352742509641,-4.4877609814540405,-9.496352742509641,2.6396221925800583,0.4530619411996379,0.7279735902805347,0.3177401914576243,0.5228568908690795,nan,nan,0.31950677480494144,-8.829237120580585
FIR-Hamming,800.0,1750.0,0.5295789815784571,-9.496352742509641,-4.483386880465592,-9.496352742509641,2.6755426009261103,0.4530619411996379,0.7283181299122429,0.3177401914576243,0.5230291606849335,nan,nan,0.3292081404593264,-8.8439212112692
FIR-Hamming,650.0,1750.0,0.6651518694604568,-9.496352742509641,-4.415600436524592,-9.496352742509641,2.942932538487838,0.4530619411996379,0.7336310712395697,0.3177401914576243,0.525685631348597,nan,nan,0.42877801099085006,-8.96996156706392
FIR-Hamming,600.0,1750.0,0.5148217136083029,-9.496352742509641,-4.490765514450669,-9.496352742509641,2.8967736386736376,0.4530619411996379,0.7277368102777756,0.3177401914576243,0.5227385008676999,nan,nan,0.4501932666456407,-9.093851417261371
FIR-Hamming,1500.0,1800.0,0.966759700792045,-10.309036864648423,-4.671138581928189,-10.309036864648423,2.737084039634239,0.37962663347994985,0.7452667233421136,0.29188512566319297,0.5185759245026533,nan,nan,0.19837417835156596,-9.185253521950225
FIR-Hamming,1300.0,1800.0,1.0972188597219956,-10.309036864648423,-4.605909002463214,-10.309036864648423,2.870589368207847,0.37962663347994985,0.7502180795568699,0.29188512566319297,0.5210516026100315,nan,nan,0.2351815232325186,-9.1886872760324
FIR-Hamming,1450.0,1800.0,0.9824149789098255,-10.309036864648423,-4.663310942869298,-10.309036864648423,2.7522370630666257,0.37962663347994985,0.7458635450531825,0.29188512566319297,0.5188743353581877,nan,nan,0.20540025920323216,-9.190881222883599
FIR-Hamming,1400.0,1800.0,0.9913869946764955,-10.309036864648423,-4.658824934985963,-10.309036864648423,2.7608021124077764,0.37962663347994985,0.7462052586169133,0.29188512566319297,0.5190451921400532,nan,nan,0.20960413040505782,-9.194461243840184
FIR-Hamming,1350.0,1800.0,1.0112098620193897,-10.309036864648423,-4.648913501314516,-10.309036864648423,2.7840729398115336,0.37962663347994985,0.7469594049158196,0.29188512566319297,0.5194222652895063,nan,nan,0.21656698015892278,-9.19772136337756
FIR-Hamming,1250.0,1800.0,1.1212524567949507,-10.309036864648423,-4.593892203926736,-10.309036864648423,2.899232406083821,0.37962663347994985,0.7511247109270951,0.29188512566319297,0.521504918295144,nan,nan,0.24954765874509974,-9.20449611715086
FIR-Hamming,1200.0,1800.0,1.1007860872111264,-10.309036864648423,-4.604125388718648,-10.309036864648423,2.889602570754961,0.37962663347994985,0.750352757283042,0.29188512566319297,0.5211189414731174,nan,nan,0.2546302202768704,-9.225666378650365
FIR-Hamming,1150.0,1800.0,1.0772985207607357,-10.309036864648423,-4.615869171943844,-10.309036864648423,2.8842516951740924,0.37962663347994985,0.7494653040818784,0.29188512566319297,0.5206752148725357,nan,nan,0.2603619443820224,-9.249761063287028
FIR-Hamming,1100.0,1800.0,1.047479618297296,-10.309036864648423,-4.630778623175564,-10.309036864648423,2.878425978832439,0.37962663347994985,0.7483362580450005,0.29188512566319297,0.5201106918540968,nan,nan,0.26624657414604547,-9.277568820083673
FIR-Hamming,1050.0,1800.0,0.9440509079906436,-10.309036864648423,-4.68249297832889,-10.309036864648423,2.842728290379948,0.37962663347994985,0.7443997284561089,0.29188512566319297,0.518142427059651,nan,nan,0.2856351245363911,-9.371996805606582
FIR-Hamming,1000.0,1800.0,0.907343372463457,-10.309036864648423,-4.700846746092483,-10.309036864648423,2.831704699752449,0.37962663347994985,0.7429951029769953,0.29188512566319297,0.5174401143200942,nan,nan,0.29958589455374895,-9.419656738884003
FIR-Hamming,950.0,1800.0,0.7738498748564294,-10.309036864648423,-4.767593494895997,-10.309036864648423,2.770872140248959,0.37962663347994985,0.7378542471795242,0.29188512566319297,0.5148696864213586,nan,nan,0.30978173040215323,-9.511936015181796
FIR-Hamming,900.0,1800.0,0.5552152975037472,-10.309036864648423,-4.876910783572338,-10.309036864648423,2.657744664193607,0.37962663347994985,0.7293266089842546,0.29188512566319297,0.5106058673237238,nan,nan,0.32767701503636365,-9.66557151132183
FIR-Hamming,750.0,1800.0,0.7653443244486688,-10.309036864648423,-4.771846270099877,-10.309036864648423,2.9039994499333766,0.37962663347994985,0.7375249792463171,0.29188512566319297,0.5147050524547551,nan,nan,0.38480038751080636,-9.666555372536191
FIR-Hamming,700.0,1800.0,0.8310529301706369,-10.309036864648423,-4.738991967238893,-10.309036864648423,2.993004041945829,0.37962663347994985,0.740063379230701,0.29188512566319297,0.515974252446947,nan,nan,0.4065933746850023,-9.674748644039216
FIR-Hamming,850.0,1800.0,0.5208307796015608,-10.309036864648423,-4.894103042523431,-10.309036864648423,2.6396221925800583,0.37962663347994985,0.7279735902805347,0.29188512566319297,0.5099293579718638,nan,nan,0.3315178998647318,-9.69179855863338
FIR-Hamming,800.0,1800.0,0.5295789815784571,-10.309036864648423,-4.889728941534983,-10.309036864648423,2.6755426009261103,0.37962663347994985,0.7283181299122429,0.29188512566319297,0.510101627787718,nan,nan,0.340877795021889,-9.705799708327536
FIR-Hamming,650.0,1800.0,0.6651518694604568,-10.309036864648423,-4.821942497593983,-10.309036864648423,2.942932538487838,0.37962663347994985,0.7336310712395697,0.29188512566319297,0.5127580984513813,nan,nan,0.4378014384681546,-9.82654760995174
FIR-Hamming,600.0,1800.0,0.5148217136083029,-10.309036864648423,-4.89710757552006,-10.309036864648423,2.8967736386736376,0.37962663347994985,0.7277368102777756,0.29188512566319297,0.5098109679704843,nan,nan,0.4587957803904074,-9.949595632684119
FIR-Hamming,1300.0,1850.0,1.0972188597219956,-11.72695457248272,-5.314867856380362,-11.72695457248272,2.870589368207847,0.2795467615600874,0.7502180795568699,0.2509177593092771,0.5005679194330735,nan,nan,0.25785154566925717,-10.692912395094089
FIR-Hamming,1500.0,1850.0,0.966759700792045,-11.72695457248272,-5.380097435845338,-11.72695457248272,2.737084039634239,0.2795467615600874,0.7452667233421136,0.2509177593092771,0.4980922413256954,nan,nan,0.22478730498684849,-10.696964849409005
FIR-Hamming,1450.0,1850.0,0.9824149789098255,-11.72695457248272,-5.372269796786448,-11.72695457248272,2.7522370630666257,0.2795467615600874,0.7458635450531825,0.2509177593092771,0.4983906521812298,nan,nan,0.2310114492593511,-10.70098867718405
FIR-Hamming,1400.0,1850.0,0.9913869946764955,-11.72695457248272,-5.367783788903112,-11.72695457248272,2.7608021124077764,0.2795467615600874,0.7462052586169133,0.2509177593092771,0.49856150896309526,nan,nan,0.23475714890450322,-10.703652355027288
FIR-Hamming,1350.0,1850.0,1.0112098620193897,-11.72695457248272,-5.357872355231665,-11.72695457248272,2.7840729398115336,0.2795467615600874,0.7469594049158196,0.2509177593092771,0.4989385821125484,nan,nan,0.24099434564038302,-10.705461168528695
FIR-Hamming,1250.0,1850.0,1.1212524567949507,-11.72695457248272,-5.302851057843885,-11.72695457248272,2.899232406083821,0.2795467615600874,0.7511247109270951,0.2509177593092771,0.5010212351181861,nan,nan,0.27101858484887664,-10.706323043546625
FIR-Hamming,1200.0,1850.0,1.1007860872111264,-11.72695457248272,-5.313084242635797,-11.72695457248272,2.889602570754961,0.2795467615600874,0.750352757283042,0.2509177593092771,0.5006352582961595,nan,nan,0.27570564169425144,-10.726702295673341
FIR-Hamming,1150.0,1850.0,1.0772985207607357,-11.72695457248272,-5.324828025860992,-11.72695457248272,2.8842516951740924,0.2795467615600874,0.7494653040818784,0.2509177593092771,0.5001915316955777,nan,nan,0.2810078570009242,-10.749937962713044
FIR-Hamming,1100.0,1850.0,1.047479618297296,-11.72695457248272,-5.3397374770927115,-11.72695457248272,2.878425978832439,0.2795467615600874,0.7483362580450005,0.2509177593092771,0.49962700867713883,nan,nan,0.28646869547203946,-10.77689813692387
FIR-Hamming,1050.0,1850.0,0.9440509079906436,-11.72695457248272,-5.391451832246038,-11.72695457248272,2.842728290379948,0.2795467615600874,0.7443997284561089,0.2509177593092771,0.49765874388269304,nan,nan,0.3045727066747801,-10.868757044071574
FIR-Hamming,1000.0,1850.0,0.907343372463457,-11.72695457248272,-5.409805600009632,-11.72695457248272,2.831704699752449,0.2795467615600874,0.7429951029769953,0.2509177593092771,0.49695643114313626,nan,nan,0.3176928961623641,-10.914755816289448
FIR-Hamming,950.0,1850.0,0.7738498748564294,-11.72695457248272,-5.476552348813145,-11.72695457248272,2.770872140248959,0.2795467615600874,0.7378542471795242,0.2509177593092771,0.49438600324440063,nan,nan,0.32732520036787155,-11.005908029301448
FIR-Hamming,750.0,1850.0,0.7653443244486688,-11.72695457248272,-5.480805124017025,-11.72695457248272,2.9039994499333766,0.2795467615600874,0.7375249792463171,0.2509177593092771,0.49422136927779714,nan,nan,0.39905939502425725,-11.153958461751305
FIR-Hamming,900.0,1850.0,0.5552152975037472,-11.72695457248272,-5.585869637489487,-11.72695457248272,2.657744664193607,0.2795467615600874,0.7293266089842546,0.2509177593092771,0.4901221841467659,nan,nan,0.3443098782018906,-11.157722311841097
FIR-Hamming,700.0,1850.0,0.8310529301706369,-11.72695457248272,-5.4479508211560415,-11.72695457248272,2.993004041945829,0.2795467615600874,0.740063379230701,0.2509177593092771,0.495490569269989,nan,nan,0.4201133569881608,-11.160673682833744
FIR-Hamming,850.0,1850.0,0.5208307796015608,-11.72695457248272,-5.60306189644058,-11.72695457248272,2.6396221925800583,0.2795467615600874,0.7279735902805347,0.2509177593092771,0.48944567479490586,nan,nan,0.347967201009277,-11.183582235110682
FIR-Hamming,800.0,1850.0,0.5295789815784571,-11.72695457248272,-5.598687795452132,-11.72695457248272,2.6755426009261103,0.2795467615600874,0.7283181299122429,0.2509177593092771,0.48961794461076,nan,nan,0.3568959511081367,-11.196721094688245
FIR-Hamming,650.0,1850.0,0.6651518694604568,-11.72695457248272,-5.530901351511131,-11.72695457248272,2.942932538487838,0.2795467615600874,0.7336310712395697,0.2509177593092771,0.4922744152744234,nan,nan,0.4503856306159891,-11.310601068435625
FIR-Hamming,600.0,1850.0,0.5148217136083029,-11.72695457248272,-5.606066429437209,-11.72695457248272,2.8967736386736376,0.2795467615600874,0.7277368102777756,0.2509177593092771,0.4893272847935264,nan,nan,0.4708191303798738,-11.432527406851262
FIR-Hamming,1300.0,1900.0,1.0972188597219956,-12.49277066810086,-5.697775904189433,-12.49277066810086,2.870589368207847,0.2366130374925441,0.7502180795568699,0.23092029710825118,0.4905691883325606,nan,nan,0.26722447448220743,-11.497471810539157
FIR-Hamming,1500.0,1900.0,0.966759700792045,-12.49277066810086,-5.763005483654408,-12.49277066810086,2.737084039634239,0.2366130374925441,0.7452667233421136,0.23092029710825118,0.48809351022518244,nan,nan,0.2354799807848708,-11.504163758824214
FIR-Hamming,1450.0,1900.0,0.9824149789098255,-12.49277066810086,-5.755177844595517,-12.49277066810086,2.7522370630666257,0.2366130374925441,0.7458635450531825,0.23092029710825118,0.48839192108071683,nan,nan,0.24142853752730745,-11.507636411539128
FIR-Hamming,1400.0,1900.0,0.9913869946764955,-12.49277066810086,-5.750691836712182,-12.49277066810086,2.7608021124077764,0.2366130374925441,0.7462052586169133,0.23092029710825118,0.4885627778625823,nan,nan,0.24501510620324585,-11.509981827443939
FIR-Hamming,1250.0,1900.0,1.1212524567949507,-12.49277066810086,-5.685759105652955,-12.49277066810086,2.899232406083821,0.2366130374925441,0.7511247109270951,0.23092029710825118,0.4910225040176731,nan,nan,0.2799510024266392,-11.510001436521318
FIR-Hamming,1350.0,1900.0,1.0112098620193897,-12.49277066810086,-5.740780403040735,-12.49277066810086,2.7840729398115336,0.2366130374925441,0.7469594049158196,0.23092029710825118,0.4889398510120354,nan,nan,0.2509974789819248,-11.511280993030944
FIR-Hamming,1200.0,1900.0,1.1007860872111264,-12.49277066810086,-5.695992290444867,-12.49277066810086,2.889602570754961,0.2366130374925441,0.750352757283042,0.23092029710825118,0.49063652719564654,nan,nan,0.2844909275414669,-11.530086425186937
FIR-Hamming,1150.0,1900.0,1.0772985207607357,-12.49277066810086,-5.707736073670063,-12.49277066810086,2.8842516951740924,0.2366130374925441,0.7494653040818784,0.23092029710825118,0.49019280059506476,nan,nan,0.2896323191963554,-11.553000444923075
FIR-Hamming,1100.0,1900.0,1.047479618297296,-12.49277066810086,-5.7226455249017825,-12.49277066810086,2.878425978832439,0.2366130374925441,0.7483362580450005,0.23092029710825118,0.48962827757662586,nan,nan,0.2949335753162382,-11.579641454431437
FIR-Hamming,1050.0,1900.0,0.9440509079906436,-12.49277066810086,-5.774359880055108,-12.49277066810086,2.842728290379948,0.2366130374925441,0.7443997284561089,0.23092029710825118,0.4876600127821801,nan,nan,0.31254755491481107,-11.670520298370802
FIR-Hamming,1000.0,1900.0,0.907343372463457,-12.49277066810086,-5.792713647818702,-12.49277066810086,2.831704699752449,0.2366130374925441,0.7429951029769953,0.23092029710825118,0.4869577000426233,nan,nan,0.32534626636708375,-11.715876114518052
FIR-Hamming,950.0,1900.0,0.7738498748564294,-12.49277066810086,-5.859460396622215,-12.49277066810086,2.770872140248959,0.2366130374925441,0.7378542471795242,0.23092029710825118,0.48438727214388766,nan,nan,0.3347584842232543,-11.806588154831378
FIR-Hamming,750.0,1900.0,0.7653443244486688,-12.49277066810086,-5.863713171826095,-12.49277066810086,2.9039994499333766,0.2366130374925441,0.7375249792463171,0.23092029710825118,0.48422263817728417,nan,nan,0.4051788562835648,-11.952010942089087
FIR-Hamming,900.0,1900.0,0.5552152975037472,-12.49277066810086,-5.968777685298557,-12.49277066810086,2.657744664193607,0.2366130374925441,0.7293266089842546,0.23092029710825118,0.4801234530462529,nan,nan,0.3513840876613121,-11.957684288579106
FIR-Hamming,700.0,1900.0,0.8310529301706369,-12.49277066810086,-5.8308588689651115,-12.49277066810086,2.993004041945829,0.2366130374925441,0.740063379230701,0.23092029710825118,0.48549183816947605,nan,nan,0.42593035467969925,-11.95812123603599
FIR-Hamming,850.0,1900.0,0.5208307796015608,-12.49277066810086,-5.98596994424965,-12.49277066810086,2.6396221925800583,0.2366130374925441,0.7279735902805347,0.23092029710825118,0.4794469436943929,nan,nan,0.3549685122726612,-11.983398415456616
FIR-Hamming,800.0,1900.0,0.5295789815784571,-12.49277066810086,-5.981595843261202,-12.49277066810086,2.6755426009261103,0.2366130374925441,0.7283181299122429,0.23092029710825118,0.47961921351024706,nan,nan,0.3637254362830282,-11.996193622857193
FIR-Hamming,650.0,1900.0,0.6651518694604568,-12.49277066810086,-5.913809399320201,-12.49277066810086,2.942932538487838,0.2366130374925441,0.7336310712395697,0.23092029710825118,0.4822756841739104,nan,nan,0.4558164709904378,-12.107276307003687
FIR-Hamming,1300.0,1950.0,1.0972188597219956,-13.142954475912983,-6.022867808095494,-13.142954475912983,2.870589368207847,0.20497389883104453,0.7502180795568699,0.21506459388417484,0.4826413367205224,nan,nan,0.27392072673121426,-12.176903826073369
FIR-Hamming,1500.0,1950.0,0.966759700792045,-13.142954475912983,-6.088097387560469,-13.142954475912983,2.737084039634239,0.20497389883104453,0.7452667233421136,0.21506459388417484,0.48016565861314425,nan,nan,0.2430524407627192,-12.18534818981611
FIR-Hamming,1450.0,1950.0,0.9824149789098255,-13.142954475912983,-6.080269748501578,-13.142954475912983,2.7522370630666257,0.20497389883104453,0.7458635450531825,0.21506459388417484,0.4804640694686787,nan,nan,0.2488201249687029,-12.18845909745812
FIR-Hamming,1250.0,1950.0,1.1212524567949507,-13.142954475912983,-6.010851009559016,-13.142954475912983,2.899232406083821,0.20497389883104453,0.7511247109270951,0.21506459388417484,0.483094652405635,nan,nan,0.2863498503480043,-12.188838643400247
FIR-Hamming,1400.0,1950.0,0.9913869946764955,-13.142954475912983,-6.0757837406182436,-13.142954475912983,2.7608021124077764,0.20497389883104453,0.7462052586169133,0.21506459388417484,0.4806349262505441,nan,nan,0.25230157805701153,-12.19059428218767
FIR-Hamming,1350.0,1950.0,1.0112098620193897,-13.142954475912983,-6.065872306946797,-13.142954475912983,2.7840729398115336,0.20497389883104453,0.7469594049158196,0.21506459388417484,0.4810119993999972,nan,nan,0.25811517157582475,-12.191555889254943
FIR-Hamming,1200.0,1950.0,1.1007860872111264,-13.142954475912983,-6.021084194350928,-13.142954475912983,2.889602570754961,0.20497389883104453,0.750352757283042,0.21506459388417484,0.4827086755836084,nan,nan,0.2907899259987551,-12.208723933137714
FIR-Hamming,600.0,1900.0,0.5148217136083029,-12.49277066810086,-5.988974477246279,-12.49277066810086,2.8967736386736376,0.2366130374925441,0.7277368102777756,0.23092029710825118,0.4793285536930134,nan,nan,0.4760168319416085,-12.2287363677939
FIR-Hamming,1150.0,1950.0,1.0772985207607357,-13.142954475912983,-6.032827977576124,-13.142954475912983,2.8842516951740924,0.20497389883104453,0.7494653040818784,0.21506459388417484,0.48226494898302663,nan,nan,0.2958219703595875,-12.231419258285738
FIR-Hamming,1100.0,1950.0,1.047479618297296,-13.142954475912983,-6.047737428807844,-13.142954475912983,2.878425978832439,0.20497389883104453,0.7483362580450005,0.21506459388417484,0.4817004259645877,nan,nan,0.3010140860688395,-12.257841986972839
FIR-Hamming,1050.0,1950.0,0.9440509079906436,-13.142954475912983,-6.09945178396117,-13.142954475912983,2.842728290379948,0.20497389883104453,0.7443997284561089,0.21506459388417484,0.4797321611701419,nan,nan,0.31829176725581676,-12.348048234089012
FIR-Hamming,1000.0,1950.0,0.907343372463457,-13.142954475912983,-6.117805551724763,-13.142954475912983,2.831704699752449,0.20497389883104453,0.7429951029769953,0.21506459388417484,0.4790298484305851,nan,nan,0.330868361139668,-12.39295981509942
FIR-Hamming,950.0,1950.0,0.7738498748564294,-13.142954475912983,-6.184552300528277,-13.142954475912983,2.770872140248959,0.20497389883104453,0.7378542471795242,0.21506459388417484,0.47645942053184953,nan,nan,0.34012782379764056,-12.48336634501635
FIR-Hamming,750.0,1950.0,0.7653443244486688,-13.142954475912983,-6.188805075732157,-13.142954475912983,2.9039994499333766,0.20497389883104453,0.7375249792463171,0.21506459388417484,0.476294786565246,nan,nan,0.40962617285420055,-12.626945086266558
FIR-Hamming,700.0,1950.0,0.8310529301706369,-13.142954475912983,-6.155950772871173,-13.142954475912983,2.993004041945829,0.20497389883104453,0.740063379230701,0.21506459388417484,0.4775639865574379,nan,nan,0.43016326479140155,-12.632626567295592
FIR-Hamming,900.0,1950.0,0.5552152975037472,-13.142954475912983,-6.293869589204618,-13.142954475912983,2.657744664193607,0.20497389883104453,0.7293266089842546,0.21506459388417484,0.47219560143421474,nan,nan,0.35650313590626964,-12.63396189610522
FIR-Hamming,850.0,1950.0,0.5208307796015608,-13.142954475912983,-6.3110618481557115,-13.142954475912983,2.6396221925800583,0.20497389883104453,0.7279735902805347,0.21506459388417484,0.47151909208235476,nan,nan,0.36003662957982996,-12.659574161107154
FIR-Hamming,800.0,1950.0,0.5295789815784571,-13.142954475912983,-6.306687747167263,-13.142954475912983,2.6755426009261103,0.20497389883104453,0.7283181299122429,0.21506459388417484,0.47169136189820887,nan,nan,0.3686731098215119,-12.672128480970361
FIR-Hamming,1300.0,2000.0,1.0972188597219956,-13.645064028045464,-6.273922584161735,-13.645064028045464,2.870589368207847,0.18340926266819937,0.7502180795568699,0.20349924618476023,0.4768586628708151,nan,nan,0.27852852841712017,-12.699794329277077
FIR-Hamming,1500.0,2000.0,0.966759700792045,-13.645064028045464,-6.33915216362671,-13.645064028045464,2.737084039634239,0.18340926266819937,0.7452667233421136,0.20349924618476023,0.47438298476343693,nan,nan,0.24823394899452922,-12.709386106111625
FIR-Hamming,1250.0,2000.0,1.1212524567949507,-13.645064028045464,-6.261905785625257,-13.645064028045464,2.899232406083821,0.18340926266819937,0.7511247109270951,0.20349924618476023,0.47731197855592766,nan,nan,0.29076077424337377,-12.711335391022882
FIR-Hamming,1450.0,2000.0,0.9824149789098255,-13.645064028045464,-6.331324524567819,-13.645064028045464,2.7522370630666257,0.18340926266819937,0.7458635450531825,0.20349924618476023,0.4746813956189714,nan,nan,0.2538839353391089,-12.712261618030826
FIR-Hamming,1400.0,2000.0,0.9913869946764955,-13.645064028045464,-6.326838516684484,-13.645064028045464,2.7608021124077764,0.18340926266819937,0.7462052586169133,0.20349924618476023,0.4748522524008368,nan,nan,0.2572968912060635,-12.71425980831767
FIR-Hamming,1350.0,2000.0,1.0112098620193897,-13.645064028045464,-6.316927083013037,-13.645064028045464,2.7840729398115336,0.18340926266819937,0.7469594049158196,0.20349924618476023,0.4752293255502899,nan,nan,0.2630000277833578,-12.715000501501905
FIR-Hamming,1200.0,2000.0,1.1007860872111264,-13.645064028045464,-6.272138970417169,-13.645064028045464,2.889602570754961,0.18340926266819937,0.750352757283042,0.20349924618476023,0.4769260017339011,nan,nan,0.2951345155449439,-12.731088012061987
FIR-Hamming,1150.0,2000.0,1.0772985207607357,-13.645064028045464,-6.283882753642365,-13.645064028045464,2.8842516951740924,0.18340926266819937,0.7494653040818784,0.20349924618476023,0.4764822751333193,nan,nan,0.3000935676718184,-12.753637352742095
FIR-Hamming,1100.0,2000.0,1.047479618297296,-13.645064028045464,-6.2987922048740845,-13.645064028045464,2.878425978832439,0.18340926266819937,0.7483362580450005,0.20349924618476023,0.47591775211488035,nan,nan,0.3052131237215471,-12.77991496211015
FIR-Hamming,650.0,1950.0,0.6651518694604568,-13.142954475912983,-6.238901303226263,-13.142954475912983,2.942932538487838,0.20497389883104453,0.7336310712395697,0.21506459388417484,0.4743478325618723,nan,nan,0.459774263761677,-12.781231403582362
FIR-Hamming,1050.0,2000.0,0.9440509079906436,-13.645064028045464,-6.35050656002741,-13.645064028045464,2.842728290379948,0.18340926266819937,0.7443997284561089,0.20349924618476023,0.47394948732043457,nan,nan,0.3222657345493966,-12.869671068508065
FIR-Hamming,600.0,1950.0,0.5148217136083029,-13.142954475912983,-6.31406638115234,-13.142954475912983,2.8967736386736376,0.20497389883104453,0.7277368102777756,0.21506459388417484,0.47140070208097523,nan,nan,0.47980810236307603,-12.902358419673032
FIR-Hamming,1000.0,2000.0,0.907343372463457,-13.645064028045464,-6.368860327791004,-13.645064028045464,2.831704699752449,0.18340926266819937,0.7429951029769953,0.20349924618476023,0.4732471745808778,nan,nan,0.33469307144569554,-12.91428413554337
FIR-Hamming,950.0,2000.0,0.7738498748564294,-13.645064028045464,-6.4356070765945175,-13.645064028045464,2.770872140248959,0.18340926266819937,0.7378542471795242,0.20349924618476023,0.4706767466821422,nan,nan,0.34384954377304355,-13.004484684799053
FIR-Hamming,1300.0,2050.0,1.0972188597219956,-13.99119224677684,-6.446986693527423,-13.99119224677684,2.870589368207847,0.16975085473811036,0.7502180795568699,0.19586027725631094,0.47303917840659043,nan,nan,0.2814435723021621,-13.059391604706986
FIR-Hamming,1500.0,2050.0,0.966759700792045,-13.99119224677684,-6.512216272992398,-13.99119224677684,2.737084039634239,0.16975085473811036,0.7452667233421136,0.19586027725631094,0.4705635002992123,nan,nan,0.25150041258879674,-13.069686220959987
FIR-Hamming,1250.0,2050.0,1.1212524567949507,-13.99119224677684,-6.434969894990945,-13.99119224677684,2.899232406083821,0.16975085473811036,0.7511247109270951,0.19586027725631094,0.473492494091703,nan,nan,0.29355435875018826,-13.070689747696337
FIR-Hamming,1450.0,2050.0,0.9824149789098255,-13.99119224677684,-6.504388633933507,-13.99119224677684,2.7522370630666257,0.16975085473811036,0.7458635450531825,0.19586027725631094,0.47086191115474674,nan,nan,0.2570785539620496,-13.072418042936533
FIR-Hamming,1400.0,2050.0,0.9913869946764955,-13.99119224677684,-6.499902626050172,-13.99119224677684,2.7608021124077764,0.16975085473811036,0.7462052586169133,0.19586027725631094,0.47103276793661214,nan,nan,0.26044966295434396,-13.074332539474057
FIR-Hamming,1350.0,2050.0,1.0112098620193897,-13.99119224677684,-6.489991192378725,-13.99119224677684,2.7840729398115336,0.16975085473811036,0.7469594049158196,0.19586027725631094,0.47140984108606526,nan,nan,0.2660852614970742,-13.074938156589162
FIR-Hamming,1200.0,2050.0,1.1007860872111264,-13.99119224677684,-6.445203079782857,-13.99119224677684,2.889602570754961,0.16975085473811036,0.750352757283042,0.19586027725631094,0.47310651726967645,nan,nan,0.297887024288047,-13.09036021720802
FIR-Hamming,1150.0,2050.0,1.0772985207607357,-13.99119224677684,-6.456946863008053,-13.99119224677684,2.8842516951740924,0.16975085473811036,0.7494653040818784,0.19586027725631094,0.47266279066909467,nan,nan,0.302801145096466,-13.112819695251217
FIR-Hamming,1100.0,2050.0,1.047479618297296,-13.99119224677684,-6.471856314239773,-13.99119224677684,2.878425978832439,0.16975085473811036,0.7483362580450005,0.19586027725631094,0.4720982676506557,nan,nan,0.3078756193670663,-13.139007141061015
FIR-Hamming,750.0,2000.0,0.7653443244486688,-13.645064028045464,-6.439859851798397,-13.645064028045464,2.9039994499333766,0.18340926266819937,0.7375249792463171,0.20349924618476023,0.47051211271553867,nan,nan,0.41272160027850835,-13.146810840947069
FIR-Hamming,700.0,2000.0,0.8310529301706369,-13.645064028045464,-6.407005548937414,-13.645064028045464,2.993004041945829,0.18340926266819937,0.740063379230701,0.20349924618476023,0.4717813127077306,nan,nan,0.4331119554444287,-13.152198848433542
FIR-Hamming,900.0,2000.0,0.5552152975037472,-13.645064028045464,-6.544924365270859,-13.645064028045464,2.657744664193607,0.18340926266819937,0.7293266089842546,0.20349924618476023,0.4664129275845074,nan,nan,0.3600556628549563,-13.15474184983449
FIR-Hamming,850.0,2000.0,0.5208307796015608,-13.645064028045464,-6.562116624221952,-13.645064028045464,2.6396221925800583,0.18340926266819937,0.7279735902805347,0.20349924618476023,0.46573641823264744,nan,nan,0.3635545505737414,-13.180284902926871
FIR-Hamming,800.0,2000.0,0.5295789815784571,-13.645064028045464,-6.557742523233504,-13.645064028045464,2.6755426009261103,0.18340926266819937,0.7283181299122429,0.20349924618476023,0.46590868804850155,nan,nan,0.37210944351552394,-13.19267604819028
FIR-Hamming,1050.0,2050.0,0.9440509079906436,-13.99119224677684,-6.523570669393099,-13.99119224677684,2.842728290379948,0.16975085473811036,0.7443997284561089,0.19586027725631094,0.4701300028562099,nan,nan,0.3247885086525108,-13.228483804374122
FIR-Hamming,1000.0,2050.0,0.907343372463457,-13.99119224677684,-6.541924437156692,-13.99119224677684,2.831704699752449,0.16975085473811036,0.7429951029769953,0.19586027725631094,0.46942769011665314,nan,nan,0.3371228232377672,-13.272910826787339
FIR-Hamming,650.0,2000.0,0.6651518694604568,-13.645064028045464,-6.4899560792925035,-13.645064028045464,2.942932538487838,0.18340926266819937,0.7336310712395697,0.20349924618476023,0.468565158712165,nan,nan,0.462534163885338,-13.30042610366158
FIR-Hamming,950.0,2050.0,0.7738498748564294,-13.99119224677684,-6.608671185960206,-13.99119224677684,2.770872140248959,0.16975085473811036,0.7378542471795242,0.19586027725631094,0.46685726221791757,nan,nan,0.3462150488577716,-13.362982882628334
FIR-Hamming,600.0,2000.0,0.5148217136083029,-13.645064028045464,-6.565121157218581,-13.645064028045464,2.8967736386736376,0.18340926266819937,0.7277368102777756,0.20349924618476023,0.4656180282312679,nan,nan,0.4824534642994647,-13.421324043377705
FIR-Hamming,750.0,2050.0,0.7653443244486688,-13.99119224677684,-6.6129239611640855,-13.99119224677684,2.9039994499333766,0.16975085473811036,0.7375249792463171,0.19586027725631094,0.466692628251314,nan,nan,0.4146944782372105,-13.504523784524299
FIR-Hamming,700.0,2050.0,0.8310529301706369,-13.99119224677684,-6.580069658303102,-13.99119224677684,2.993004041945829,0.16975085473811036,0.740063379230701,0.19586027725631094,0.46796182824350596,nan,nan,0.43499230008927536,-13.509726725383063
FIR-Hamming,900.0,2050.0,0.5552152975037472,-13.99119224677684,-6.717988474636547,-13.99119224677684,2.657744664193607,0.16975085473811036,0.7293266089842546,0.19586027725631094,0.4625934431202828,nan,nan,0.36231528124110585,-13.513028274266613
FIR-Hamming,850.0,2050.0,0.5208307796015608,-13.99119224677684,-6.73518073358764,-13.99119224677684,2.6396221925800583,0.16975085473811036,0.7279735902805347,0.19586027725631094,0.4619169337684228,nan,nan,0.36579265308366116,-13.538528295606536
FIR-Hamming,800.0,2050.0,0.5295789815784571,-13.99119224677684,-6.730806632599192,-13.99119224677684,2.6755426009261103,0.16975085473811036,0.7283181299122429,0.19586027725631094,0.4620892035842769,nan,nan,0.37429642701181376,-13.550817202842685
FIR-Hamming,1300.0,2100.0,1.0972188597219956,-14.468445209955812,-6.685613175116908,-14.468445209955812,2.870589368207847,0.1524768244196802,0.7502180795568699,0.18576006233178716,0.4679890709443285,nan,nan,0.2849282038721865,-13.55371404595053
FIR-Hamming,1250.0,2100.0,1.1212524567949507,-14.468445209955812,-6.673596376580431,-14.468445209955812,2.899232406083821,0.1524768244196802,0.7511247109270951,0.18576006233178716,0.46844238662944115,nan,nan,0.2968968425994566,-13.564727893498366
FIR-Hamming,1500.0,2100.0,0.966759700792045,-14.468445209955812,-6.750842754581884,-14.468445209955812,2.737084039634239,0.1524768244196802,0.7452667233421136,0.18576006233178716,0.46551339283695037,nan,nan,0.25539380819201946,-13.56482619026993
FIR-Hamming,1450.0,2100.0,0.9824149789098255,-14.468445209955812,-6.743015115522994,-14.468445209955812,2.7522370630666257,0.1524768244196802,0.7458635450531825,0.18576006233178716,0.46581180369248487,nan,nan,0.2608888388510594,-13.567391790818048
FIR-Hamming,1400.0,2100.0,0.9913869946764955,-14.468445209955812,-6.738529107639658,-14.468445209955812,2.7608021124077764,0.1524768244196802,0.7462052586169133,0.18576006233178716,0.4659826604743502,nan,nan,0.26421127381565906,-13.569208939300182
FIR-Hamming,1350.0,2100.0,1.0112098620193897,-14.468445209955812,-6.728617673968211,-14.468445209955812,2.7840729398115336,0.1524768244196802,0.7469594049158196,0.18576006233178716,0.46635973362380334,nan,nan,0.26976831307953264,-13.569657437857577
FIR-Hamming,1200.0,2100.0,1.1007860872111264,-14.468445209955812,-6.683829561372343,-14.468445209955812,2.889602570754961,0.1524768244196802,0.750352757283042,0.18576006233178716,0.4680564098074146,nan,nan,0.30118149237506464,-13.58430233148555
FIR-Hamming,1150.0,2100.0,1.0772985207607357,-14.468445209955812,-6.695573344597538,-14.468445209955812,2.8842516951740924,0.1524768244196802,0.7494653040818784,0.18576006233178716,0.4676126832068328,nan,nan,0.3060425946038579,-13.606655772369495
FIR-Hamming,1100.0,2100.0,1.047479618297296,-14.468445209955812,-6.710482795829257,-14.468445209955812,2.878425978832439,0.1524768244196802,0.7483362580450005,0.18576006233178716,0.4670481601883938,nan,nan,0.3110642759858419,-13.632737632402058
FIR-Hamming,650.0,2050.0,0.6651518694604568,-13.99119224677684,-6.663020188658192,-13.99119224677684,2.942932538487838,0.16975085473811036,0.7336310712395697,0.19586027725631094,0.46474567424794033,nan,nan,0.464295418907556,-13.657715801365843
FIR-Hamming,1050.0,2100.0,0.9440509079906436,-14.468445209955812,-6.762197150982584,-14.468445209955812,2.842728290379948,0.1524768244196802,0.7443997284561089,0.18576006233178716,0.465079895393948,nan,nan,0.3278126553330153,-13.721885275838625
FIR-Hamming,1000.0,2100.0,0.907343372463457,-14.468445209955812,-6.780550918746178,-14.468445209955812,2.831704699752449,0.1524768244196802,0.7429951029769953,0.18576006233178716,0.4643775826543912,nan,nan,0.34003739693320617,-13.766093152281714
FIR-Hamming,600.0,2050.0,0.5148217136083029,-13.99119224677684,-6.738185266584269,-13.99119224677684,2.8967736386736376,0.16975085473811036,0.7277368102777756,0.19586027725631094,0.46179854376704327,nan,nan,0.4841423477380006,-13.778468997914604
FIR-Hamming,950.0,2100.0,0.7738498748564294,-14.468445209955812,-6.847297667549691,-14.468445209955812,2.770872140248959,0.1524768244196802,0.7378542471795242,0.18576006233178716,0.4618071547556557,nan,nan,0.3490536022982098,-13.856013167612707
FIR-Hamming,1300.0,2200.0,1.0972188597219956,-14.802616451307467,-6.852698795792735,-14.802616451307467,2.870589368207847,0.14121289919799643,0.7502180795568699,0.17897790963615742,0.4645979945965137,nan,nan,0.29053978512999934,-13.90589060251344
FIR-Hamming,1250.0,2200.0,1.1212524567949507,-14.802616451307467,-6.840681997256258,-14.802616451307467,2.899232406083821,0.14121289919799643,0.7511247109270951,0.17897790963615742,0.4650513102816263,nan,nan,0.3022863815191844,-13.916460365385108
FIR-Hamming,1500.0,2200.0,0.966759700792045,-14.802616451307467,-6.917928375257711,-14.802616451307467,2.737084039634239,0.14121289919799643,0.7452667233421136,0.17897790963615742,0.46212231648913554,nan,nan,0.26163965641659304,-13.91827128076636
FIR-Hamming,1450.0,2200.0,0.9824149789098255,-14.802616451307467,-6.910100736198821,-14.802616451307467,2.7522370630666257,0.14121289919799643,0.7458635450531825,0.17897790963615742,0.46242072734467,nan,nan,0.26700609962302524,-13.920579706409264
FIR-Hamming,1400.0,2200.0,0.9913869946764955,-14.802616451307467,-6.905614728315485,-14.802616451307467,2.7608021124077764,0.14121289919799643,0.7462052586169133,0.17897790963615742,0.4625915841265354,nan,nan,0.27025336067390937,-13.922246507063967
FIR-Hamming,1350.0,2200.0,1.0112098620193897,-14.802616451307467,-6.895703294644038,-14.802616451307467,2.7840729398115336,0.14121289919799643,0.7469594049158196,0.17897790963615742,0.4629686572759885,nan,nan,0.27568860202304146,-13.92245140979188
FIR-Hamming,1300.0,2150.0,1.0972188597219956,-14.830434158256915,-6.8666076492674595,-14.830434158256915,2.870589368207847,0.14050542947431838,0.7502180795568699,0.1784238731788509,0.4643209763678604,nan,nan,0.28756047573002974,-13.928303727120257
FIR-Hamming,1200.0,2200.0,1.1007860872111264,-14.802616451307467,-6.85091518204817,-14.802616451307467,2.889602570754961,0.14121289919799643,0.750352757283042,0.17897790963615742,0.4646653334595997,nan,nan,0.30649559407489935,-13.935883928932503
FIR-Hamming,1250.0,2150.0,1.1212524567949507,-14.830434158256915,-6.8545908507309825,-14.830434158256915,2.899232406083821,0.14050542947431838,0.7511247109270951,0.1784238731788509,0.464774292052973,nan,nan,0.2994239612545018,-13.939107268262497
FIR-Hamming,1500.0,2150.0,0.966759700792045,-14.830434158256915,-6.9318372287324355,-14.830434158256915,2.737084039634239,0.14050542947431838,0.7452667233421136,0.1784238731788509,0.46184529826048226,nan,nan,0.25832724589432776,-13.940018203128584
FIR-Hamming,1450.0,2150.0,0.9824149789098255,-14.830434158256915,-6.924009589673545,-14.830434158256915,2.7522370630666257,0.14050542947431838,0.7458635450531825,0.1784238731788509,0.4621437091160167,nan,nan,0.2637610766746511,-13.942461403919271
FIR-Hamming,1400.0,2150.0,0.9913869946764955,-14.830434158256915,-6.91952358179021,-14.830434158256915,2.7608021124077764,0.14050542947431838,0.7462052586169133,0.1784238731788509,0.4623145658978821,nan,nan,0.2670478336521808,-13.944207196427264
FIR-Hamming,1350.0,2150.0,1.0112098620193897,-14.830434158256915,-6.909612148118763,-14.830434158256915,2.7840729398115336,0.14050542947431838,0.7469594049158196,0.1784238731788509,0.46269163904733523,nan,nan,0.2725470019797265,-13.944539953112002
FIR-Hamming,1150.0,2200.0,1.0772985207607357,-14.802616451307467,-6.862658965273365,-14.802616451307467,2.8842516951740924,0.14121289919799643,0.7494653040818784,0.17897790963615742,0.4642216068590179,nan,nan,0.3112737172425685,-13.958071411694197
FIR-Hamming,1200.0,2150.0,1.1007860872111264,-14.830434158256915,-6.864824035522894,-14.830434158256915,2.889602570754961,0.14050542947431838,0.750352757283042,0.1784238731788509,0.4643883152309464,nan,nan,0.30367287662028764,-13.958610237430033
FIR-Hamming,1150.0,2150.0,1.0772985207607357,-14.830434158256915,-6.876567818748089,-14.830434158256915,2.8842516951740924,0.14050542947431838,0.7494653040818784,0.1784238731788509,0.46394458863036464,nan,nan,0.3084947086134447,-13.980885137842707
FIR-Hamming,1100.0,2200.0,1.047479618297296,-14.802616451307467,-6.877568416505085,-14.802616451307467,2.878425978832439,0.14121289919799643,0.7483362580450005,0.17897790963615742,0.46365708384057897,nan,nan,0.3162123255255078,-13.983987125528675
FIR-Hamming,750.0,2100.0,0.7653443244486688,-14.468445209955812,-6.851550442753571,-14.468445209955812,2.9039994499333766,0.1524768244196802,0.7375249792463171,0.18576006233178716,0.4616425207890521,nan,nan,0.4170672430494078,-13.996622492252188
FIR-Hamming,700.0,2100.0,0.8310529301706369,-14.468445209955812,-6.818696139892587,-14.468445209955812,2.993004041945829,0.1524768244196802,0.740063379230701,0.18576006233178716,0.4629117207812441,nan,nan,0.43725496530405183,-14.001605233916107
FIR-Hamming,900.0,2100.0,0.5552152975037472,-14.468445209955812,-6.956614956226033,-14.468445209955812,2.657744664193607,0.1524768244196802,0.7293266089842546,0.18576006233178716,0.45754333565802086,nan,nan,0.3650287642471662,-14.00580841838223
FIR-Hamming,1100.0,2150.0,1.047479618297296,-14.830434158256915,-6.891477269979809,-14.830434158256915,2.878425978832439,0.14050542947431838,0.7483362580450005,0.1784238731788509,0.4633800656119257,nan,nan,0.3134771009522083,-14.006888419788831
FIR-Hamming,850.0,2100.0,0.5208307796015608,-14.468445209955812,-6.973807215177126,-14.468445209955812,2.6396221925800583,0.1524768244196802,0.7279735902805347,0.18576006233178716,0.45686682630616093,nan,nan,0.3684804449298177,-14.031257057402344
FIR-Hamming,800.0,2100.0,0.5295789815784571,-14.468445209955812,-6.969433114188678,-14.468445209955812,2.6755426009261103,0.1524768244196802,0.7283181299122429,0.18576006233178716,0.457039096122015,nan,nan,0.37692358320677716,-14.043424693336107
FIR-Hamming,1050.0,2200.0,0.9440509079906436,-14.802616451307467,-6.9292827716584116,-14.802616451307467,2.842728290379948,0.14121289919799643,0.7443997284561089,0.17897790963615742,0.4616888190461332,nan,nan,0.3327017620545587,-14.072616883328998
FIR-Hamming,1300.0,2250.0,1.0972188597219956,-14.974450062237414,-6.938615601257709,-14.974450062237414,2.870589368207847,0.13585213287933498,0.7502180795568699,0.17558109905298563,0.4628995893049278,nan,nan,0.29191787324100227,-14.083877200248565
FIR-Hamming,1250.0,2250.0,1.1212524567949507,-14.974450062237414,-6.926598802721232,-14.974450062237414,2.899232406083821,0.13585213287933498,0.7511247109270951,0.17558109905298563,0.46335290499004034,nan,nan,0.30361113132163164,-14.09434028650312
FIR-Hamming,1050.0,2150.0,0.9440509079906436,-14.830434158256915,-6.943191625133136,-14.830434158256915,2.842728290379948,0.14050542947431838,0.7443997284561089,0.1784238731788509,0.4614118008174799,nan,nan,0.3301031181571166,-14.095791338940867
FIR-Hamming,1500.0,2250.0,0.966759700792045,-14.974450062237414,-7.003845180722685,-14.974450062237414,2.737084039634239,0.13585213287933498,0.7452667233421136,0.17558109905298563,0.46042391119754966,nan,nan,0.2631691267721535,-14.0965606429906
FIR-Hamming,1450.0,2250.0,0.9824149789098255,-14.974450062237414,-6.996017541663795,-14.974450062237414,2.7522370630666257,0.13585213287933498,0.7458635450531825,0.17558109905298563,0.46072232205308405,nan,nan,0.26850497003922735,-14.098807868754788
FIR-Hamming,1400.0,2250.0,0.9913869946764955,-14.974450062237414,-6.991531533780459,-14.974450062237414,2.7608021124077764,0.13585213287933498,0.7462052586169133,0.17558109905298563,0.4608931788349495,nan,nan,0.27173436388520034,-14.100438934999667
FIR-Hamming,1350.0,2250.0,1.0112098620193897,-14.974450062237414,-6.981620100109012,-14.974450062237414,2.7840729398115336,0.13585213287933498,0.7469594049158196,0.17558109905298563,0.46127025198440263,nan,nan,0.27714058513204,-14.100585797522994
FIR-Hamming,1200.0,2250.0,1.1007860872111264,-14.974450062237414,-6.936831987513144,-14.974450062237414,2.889602570754961,0.13585213287933498,0.750352757283042,0.17558109905298563,0.46296692816801377,nan,nan,0.3078022321738419,-14.113727626643506
FIR-Hamming,1000.0,2200.0,0.907343372463457,-14.802616451307467,-6.947636539422005,-14.802616451307467,2.831704699752449,0.14121289919799643,0.7429951029769953,0.17897790963615742,0.4609865063065764,nan,nan,0.3447530977291911,-14.116477947920968
FIR-Hamming,1150.0,2250.0,1.0772985207607357,-14.974450062237414,-6.948575770738339,-14.974450062237414,2.8842516951740924,0.13585213287933498,0.7494653040818784,0.17558109905298563,0.462523201567432,nan,nan,0.31256043810993117,-14.135875274942043
FIR-Hamming,1000.0,2150.0,0.907343372463457,-14.830434158256915,-6.9615453928967295,-14.830434158256915,2.831704699752449,0.14050542947431838,0.7429951029769953,0.1784238731788509,0.4607094880779231,nan,nan,0.3422460091512305,-14.139835514171802
FIR-Hamming,650.0,2100.0,0.6651518694604568,-14.468445209955812,-6.901646670247677,-14.468445209955812,2.942932538487838,0.1524768244196802,0.7336310712395697,0.18576006233178716,0.45969556678567847,nan,nan,0.46641597401674467,-14.149310089687717
FIR-Hamming,1100.0,2250.0,1.047479618297296,-14.974450062237414,-6.963485221970059,-14.974450062237414,2.878425978832439,0.13585213287933498,0.7483362580450005,0.17558109905298563,0.4619586785489931,nan,nan,0.3174789787006177,-14.161750853392014
FIR-Hamming,950.0,2200.0,0.7738498748564294,-14.802616451307467,-7.014383288225519,-14.802616451307467,2.770872140248959,0.14121289919799643,0.7378542471795242,0.17897790963615742,0.4584160784078408,nan,nan,0.35364916024685555,-14.206157677557282
FIR-Hamming,950.0,2150.0,0.7738498748564294,-14.830434158256915,-7.028292141700243,-14.830434158256915,2.770872140248959,0.14050542947431838,0.7378542471795242,0.1784238731788509,0.45813906017918754,nan,nan,0.3512055660728738,-14.229642232616074
FIR-Hamming,1050.0,2250.0,0.9440509079906436,-14.974450062237414,-7.0151995771233855,-14.974450062237414,2.842728290379948,0.13585213287933498,0.7443997284561089,0.17558109905298563,0.4599904137545473,nan,nan,0.3339058988200638,-14.250255578373125
FIR-Hamming,600.0,2100.0,0.5148217136083029,-14.468445209955812,-6.976811748173755,-14.468445209955812,2.8967736386736376,0.1524768244196802,0.7277368102777756,0.18576006233178716,0.45674843630478135,nan,nan,0.4861761246540735,-14.269889729850243
FIR-Hamming,1300.0,2300.0,1.0972188597219956,-15.161189576206699,-7.031985358242352,-15.161189576206699,2.870589368207847,0.13026317352949335,0.7502180795568699,0.1719581311893309,0.4610881053731004,nan,nan,0.29311134610631295,-14.276626627812126
FIR-Hamming,1250.0,2300.0,1.1212524567949507,-15.161189576206699,-7.019968559705874,-15.161189576206699,2.899232406083821,0.13026317352949335,0.7511247109270951,0.1719581311893309,0.461541421058213,nan,nan,0.3047588077196175,-14.286998121132033
FIR-Hamming,1500.0,2300.0,0.966759700792045,-15.161189576206699,-7.097214937707327,-15.161189576206699,2.737084039634239,0.13026317352949335,0.7452667233421136,0.1719581311893309,0.45861242726572227,nan,nan,0.264492315545119,-14.289569502369469
FIR-Hamming,1450.0,2300.0,0.9824149789098255,-15.161189576206699,-7.089387298648436,-15.161189576206699,2.7522370630666257,0.13026317352949335,0.7458635450531825,0.1719581311893309,0.4589108381212567,nan,nan,0.2698020538854385,-14.29176451828015
FIR-Hamming,1400.0,2300.0,0.9913869946764955,-15.161189576206699,-7.084901290765101,-15.161189576206699,2.7608021124077764,0.13026317352949335,0.7462052586169133,0.1719581311893309,0.4590816949031221,nan,nan,0.2730160443200197,-14.293364777702246
FIR-Hamming,1350.0,2300.0,1.0112098620193897,-15.161189576206699,-7.074989857093654,-15.161189576206699,2.7840729398115336,0.13026317352949335,0.7469594049158196,0.1719581311893309,0.45945876805257524,nan,nan,0.27839738313307255,-14.293461875357998
FIR-Hamming,1000.0,2250.0,0.907343372463457,-14.974450062237414,-7.033553344886979,-14.974450062237414,2.831704699752449,0.13585213287933498,0.7429951029769953,0.17558109905298563,0.4592881010149905,nan,nan,0.3459152559669471,-14.294032685909599
FIR-Hamming,1200.0,2300.0,1.1007860872111264,-15.161189576206699,-7.030201744497786,-15.161189576206699,2.889602570754961,0.13026317352949335,0.750352757283042,0.1719581311893309,0.46115544423618643,nan,nan,0.30893437350734715,-14.306354391143458
FIR-Hamming,1150.0,2300.0,1.0772985207607357,-15.161189576206699,-7.041945527722982,-15.161189576206699,2.8842516951740924,0.13026317352949335,0.7494653040818784,0.1719581311893309,0.46071171763560465,nan,nan,0.3136754081191377,-14.328467696793396
FIR-Hamming,750.0,2200.0,0.7653443244486688,-14.802616451307467,-7.0186360634293985,-14.802616451307467,2.9039994499333766,0.14121289919799643,0.7375249792463171,0.17897790963615742,0.4582514444412373,nan,nan,0.42092087941980716,-14.345283159040271
FIR-Hamming,700.0,2200.0,0.8310529301706369,-14.802616451307467,-6.985781760568415,-14.802616451307467,2.993004041945829,0.14121289919799643,0.740063379230701,0.17897790963615742,0.4595206444334292,nan,nan,0.4409321113050976,-14.349912919965485
FIR-Hamming,1100.0,2300.0,1.047479618297296,-15.161189576206699,-7.056854978954702,-15.161189576206699,2.878425978832439,0.13026317352949335,0.7483362580450005,0.1719581311893309,0.4601471946171657,nan,nan,0.3185767021551889,-14.354308782134098
FIR-Hamming,900.0,2200.0,0.5552152975037472,-14.802616451307467,-7.12370057690186,-14.802616451307467,2.657744664193607,0.14121289919799643,0.7293266089842546,0.17897790963615742,0.45415225931020603,nan,nan,0.369425601262032,-14.355555486459245
FIR-Hamming,750.0,2150.0,0.7653443244486688,-14.830434158256915,-7.032544916904123,-14.830434158256915,2.9039994499333766,0.14050542947431838,0.7375249792463171,0.1784238731788509,0.457974426212584,nan,nan,0.4188698747566831,-14.369552893120778
FIR-Hamming,700.0,2150.0,0.8310529301706369,-14.830434158256915,-6.999690614043139,-14.830434158256915,2.993004041945829,0.14050542947431838,0.740063379230701,0.1784238731788509,0.45924362620477593,nan,nan,0.4389747307957078,-14.37436990235346
FIR-Hamming,900.0,2150.0,0.5552152975037472,-14.830434158256915,-7.1376094303765845,-14.830434158256915,2.657744664193607,0.14050542947431838,0.7293266089842546,0.1784238731788509,0.45387524108155275,nan,nan,0.3670870286377594,-14.379250084617455
FIR-Hamming,850.0,2200.0,0.5208307796015608,-14.802616451307467,-7.140892835852953,-14.802616451307467,2.6396221925800583,0.14121289919799643,0.7279735902805347,0.17897790963615742,0.45347574995834605,nan,nan,0.3728366199478226,-14.380922801485639
FIR-Hamming,950.0,2250.0,0.7738498748564294,-14.974450062237414,-7.1003000936904925,-14.974450062237414,2.770872140248959,0.13585213287933498,0.7378542471795242,0.17558109905298563,0.4567176731162549,nan,nan,0.354782129114062,-14.383654036804815
FIR-Hamming,800.0,2200.0,0.5295789815784571,-14.802616451307467,-7.136518734864505,-14.802616451307467,2.6755426009261103,0.14121289919799643,0.7283181299122429,0.17897790963615742,0.45364801977420016,nan,nan,0.38118320008792556,-14.39289732114569
FIR-Hamming,850.0,2150.0,0.5208307796015608,-14.830434158256915,-7.154801689327678,-14.830434158256915,2.6396221925800583,0.14050542947431838,0.7279735902805347,0.1784238731788509,0.45319873172969277,nan,nan,0.37051963843011626,-14.404660581856984
FIR-Hamming,800.0,2150.0,0.5295789815784571,-14.830434158256915,-7.150427588339229,-14.830434158256915,2.6755426009261103,0.14050542947431838,0.7283181299122429,0.1784238731788509,0.4533710015455469,nan,nan,0.3789172623535127,-14.41673718908362
FIR-Hamming,1050.0,2300.0,0.9440509079906436,-15.161189576206699,-7.108569334108028,-15.161189576206699,2.842728290379948,0.13026317352949335,0.7443997284561089,0.1719581311893309,0.4581789298227199,nan,nan,0.33494975735372395,-14.442705777273384
FIR-Hamming,1000.0,2300.0,0.907343372463457,-15.161189576206699,-7.126923101871621,-15.161189576206699,2.831704699752449,0.13026317352949335,0.7429951029769953,0.1719581311893309,0.4574766170831631,nan,nan,0.34692304155427095,-14.486410738917185
FIR-Hamming,650.0,2200.0,0.6651518694604568,-14.802616451307467,-7.068732290923505,-14.802616451307467,2.942932538487838,0.14121289919799643,0.7336310712395697,0.17897790963615742,0.4563044904378636,nan,nan,0.4698649840224515,-14.497161503746414
FIR-Hamming,1300.0,2350.0,1.0972188597219956,-15.385886667409403,-7.1443339038437035,-15.385886667409403,2.870589368207847,0.12379969147558902,0.7502180795568699,0.16769181526581406,0.458954947411342,nan,nan,0.2943991578135544,-14.508165658352832
FIR-Hamming,1250.0,2350.0,1.1212524567949507,-15.385886667409403,-7.1323171053072265,-15.385886667409403,2.899232406083821,0.12379969147558902,0.7511247109270951,0.16769181526581406,0.45940826309645455,nan,nan,0.3059975692474819,-14.518439051313981
FIR-Hamming,1500.0,2350.0,0.966759700792045,-15.385886667409403,-7.2095634833086795,-15.385886667409403,2.737084039634239,0.12379969147558902,0.7452667233421136,0.16769181526581406,0.4564792693039639,nan,nan,0.26591870153213426,-14.521385681469724
FIR-Hamming,650.0,2150.0,0.6651518694604568,-14.830434158256915,-7.082641144398229,-14.830434158256915,2.942932538487838,0.14050542947431838,0.7336310712395697,0.1784238731788509,0.4560274722092103,nan,nan,0.4680285738941021,-14.521860426896472
FIR-Hamming,750.0,2250.0,0.7653443244486688,-14.974450062237414,-7.104552868894372,-14.974450062237414,2.9039994499333766,0.13585213287933498,0.7375249792463171,0.17558109905298563,0.4565530391496514,nan,nan,0.42187329547949065,-14.522418412672758
FIR-Hamming,1450.0,2350.0,0.9824149789098255,-15.385886667409403,-7.201735844249789,-15.385886667409403,2.7522370630666257,0.12379969147558902,0.7458635450531825,0.16769181526581406,0.45677768015949827,nan,nan,0.27120054822520834,-14.523524914085911
FIR-Hamming,1400.0,2350.0,0.9913869946764955,-15.385886667409403,-7.197249836366454,-15.385886667409403,2.7608021124077764,0.12379969147558902,0.7462052586169133,0.16769181526581406,0.4569485369413637,nan,nan,0.2743981384464395,-14.525092373081307
FIR-Hamming,1350.0,2350.0,1.0112098620193897,-15.385886667409403,-7.187338402695007,-15.385886667409403,2.7840729398115336,0.12379969147558902,0.7469594049158196,0.16769181526581406,0.45732561009081685,nan,nan,0.2797529021431351,-14.525136320504345
FIR-Hamming,700.0,2250.0,0.8310529301706369,-14.974450062237414,-7.071698566033389,-14.974450062237414,2.993004041945829,0.13585213287933498,0.740063379230701,0.17558109905298563,0.4578222391418433,nan,nan,0.4418414579971532,-14.526962034862715
FIR-Hamming,900.0,2250.0,0.5552152975037472,-14.974450062237414,-7.209617382366834,-14.974450062237414,2.657744664193607,0.13585213287933498,0.7293266089842546,0.17558109905298563,0.45245385401862015,nan,nan,0.37051038509873074,-14.532955475645762
FIR-Hamming,1200.0,2350.0,1.1007860872111264,-15.385886667409403,-7.142550290099138,-15.385886667409403,2.889602570754961,0.12379969147558902,0.750352757283042,0.16769181526581406,0.459022286274428,nan,nan,0.31015643390051567,-14.537761919056015
FIR-Hamming,850.0,2250.0,0.5208307796015608,-14.974450062237414,-7.226809641317927,-14.974450062237414,2.6396221925800583,0.13585213287933498,0.7279735902805347,0.17558109905298563,0.4517773446667601,nan,nan,0.3739114357649393,-14.558302854632993
FIR-Hamming,1150.0,2350.0,1.0772985207607357,-15.385886667409403,-7.154294073324333,-15.385886667409403,2.8842516951740924,0.12379969147558902,0.7494653040818784,0.16769181526581406,0.4585785596738462,nan,nan,0.3148790746950398,-14.559838437071422
FIR-Hamming,800.0,2250.0,0.5295789815784571,-14.974450062237414,-7.222435540329479,-14.974450062237414,2.6755426009261103,0.13585213287933498,0.7283181299122429,0.17558109905298563,0.4519496144826143,nan,nan,0.382234656885569,-14.570230656254097
FIR-Hamming,950.0,2300.0,0.7738498748564294,-15.161189576206699,-7.193669850675135,-15.161189576206699,2.770872140248959,0.13026317352949335,0.7378542471795242,0.1719581311893309,0.45490618918442755,nan,nan,0.35576478776900555,-14.575981835947639
FIR-Hamming,1100.0,2350.0,1.047479618297296,-15.385886667409403,-7.169203524556053,-15.385886667409403,2.878425978832439,0.12379969147558902,0.7483362580450005,0.16769181526581406,0.4580140366554073,nan,nan,0.3197619184910723,-14.585642621932084
FIR-Hamming,600.0,2200.0,0.5148217136083029,-14.802616451307467,-7.143897368849582,-14.802616451307467,2.8967736386736376,0.14121289919799643,0.7277368102777756,0.17897790963615742,0.4533573599569665,nan,nan,0.48948595853731475,-14.61746279166401
FIR-Hamming,600.0,2150.0,0.5148217136083029,-14.830434158256915,-7.157806222324306,-14.830434158256915,2.8967736386736376,0.14050542947431838,0.7277368102777756,0.1784238731788509,0.45308034172831324,nan,nan,0.48772357506004976,-14.642309768116238
FIR-Hamming,1050.0,2350.0,0.9440509079906436,-15.385886667409403,-7.22091787970938,-15.385886667409403,2.842728290379948,0.12379969147558902,0.7443997284561089,0.16769181526581406,0.4560457718609615,nan,nan,0.33607719679119996,-14.673924063274558
FIR-Hamming,650.0,2250.0,0.6651518694604568,-14.974450062237414,-7.154649096388479,-14.974450062237414,2.942932538487838,0.13585213287933498,0.7336310712395697,0.17558109905298563,0.45460608514627765,nan,nan,0.47071835934417505,-14.674098675902982
FIR-Hamming,750.0,2300.0,0.7653443244486688,-15.161189576206699,-7.1979226258790145,-15.161189576206699,2.9039994499333766,0.13026317352949335,0.7375249792463171,0.1719581311893309,0.454741555217824,nan,nan,0.4226999264165998,-14.714434156379916
FIR-Hamming,1000.0,2350.0,0.907343372463457,-15.385886667409403,-7.2392716474729735,-15.385886667409403,2.831704699752449,0.12379969147558902,0.7429951029769953,0.16769181526581406,0.4553434591214047,nan,nan,0.34801166213812956,-14.717551387211126
FIR-Hamming,700.0,2300.0,0.8310529301706369,-15.161189576206699,-7.165068323018031,-15.161189576206699,2.993004041945829,0.13026317352949335,0.740063379230701,0.1719581311893309,0.45601075521001594,nan,nan,0.44263077468737433,-14.718903150076097
FIR-Hamming,900.0,2300.0,0.5552152975037472,-15.161189576206699,-7.302987139351476,-15.161189576206699,2.657744664193607,0.13026317352949335,0.7293266089842546,0.1719581311893309,0.45064237008679275,nan,nan,0.37145144137760755,-14.725200070036456
FIR-Hamming,850.0,2300.0,0.5208307796015608,-15.161189576206699,-7.320179398302569,-15.161189576206699,2.6396221925800583,0.13026317352949335,0.7279735902805347,0.1719581311893309,0.4499658607349328,nan,nan,0.3748439910157953,-14.750530446967643
FIR-Hamming,1300.0,2400.0,1.0972188597219956,-15.626686441190692,-7.264733790734349,-15.626686441190692,2.870589368207847,0.11726669870122047,0.7502180795568699,0.16323056471381164,0.45672432213534075,nan,nan,0.29588973408516095,-14.756407835229336
FIR-Hamming,800.0,2300.0,0.5295789815784571,-15.161189576206699,-7.315805297314121,-15.161189576206699,2.6755426009261103,0.13026317352949335,0.7283181299122429,0.1719581311893309,0.4501381305507869,nan,nan,0.3831468999455786,-14.762417624207053
FIR-Hamming,1250.0,2400.0,1.1212524567949507,-15.626686441190692,-7.252716992197871,-15.626686441190692,2.899232406083821,0.11726669870122047,0.7511247109270951,0.16323056471381164,0.4571776378204534,nan,nan,0.30743189203499455,-14.766568721222301
FIR-Hamming,1500.0,2400.0,0.966759700792045,-15.626686441190692,-7.329963370199324,-15.626686441190692,2.737084039634239,0.11726669870122047,0.7452667233421136,0.16323056471381164,0.4542486440279626,nan,nan,0.26756799500610395,-14.769945292750952
FIR-Hamming,1450.0,2400.0,0.9824149789098255,-15.626686441190692,-7.322135731140433,-15.626686441190692,2.7522370630666257,0.11726669870122047,0.7458635450531825,0.16323056471381164,0.4545470548834971,nan,nan,0.2728178311910109,-14.772020504350806
FIR-Hamming,1350.0,2400.0,1.0112098620193897,-15.626686441190692,-7.307738289585651,-15.626686441190692,2.7840729398115336,0.11726669870122047,0.7469594049158196,0.16323056471381164,0.4550949848148156,nan,nan,0.28132109731439237,-14.77353373518015
FIR-Hamming,1400.0,2400.0,0.9913869946764955,-15.626686441190692,-7.317649723257098,-15.626686441190692,2.7608021124077764,0.11726669870122047,0.7462052586169133,0.16323056471381164,0.45471791166536246,nan,nan,0.27599678309638215,-14.773550686714485
FIR-Hamming,1200.0,2400.0,1.1007860872111264,-15.626686441190692,-7.262950176989783,-15.626686441190692,2.889602570754961,0.11726669870122047,0.750352757283042,0.16323056471381164,0.45679166099842683,nan,nan,0.3115716481825655,-14.785853371953406
FIR-Hamming,600.0,2250.0,0.5148217136083029,-14.974450062237414,-7.229814174314556,-14.974450062237414,2.8967736386736376,0.13585213287933498,0.7277368102777756,0.17558109905298563,0.45165895466538064,nan,nan,0.4903052545166183,-14.794331805135739
FIR-Hamming,950.0,2350.0,0.7738498748564294,-15.385886667409403,-7.306018396276487,-15.385886667409403,2.770872140248959,0.12379969147558902,0.7378542471795242,0.16769181526581406,0.4527730312226691,nan,nan,0.3568265135075769,-14.807068694551004
FIR-Hamming,1150.0,2400.0,1.0772985207607357,-15.626686441190692,-7.274693960214979,-15.626686441190692,2.8842516951740924,0.11726669870122047,0.7494653040818784,0.16323056471381164,0.45634793439784505,nan,nan,0.31627307402220567,-14.807887460059046
FIR-Hamming,1100.0,2400.0,1.047479618297296,-15.626686441190692,-7.2896034114466985,-15.626686441190692,2.878425978832439,0.11726669870122047,0.7483362580450005,0.16323056471381164,0.45578341137940603,nan,nan,0.32113483451644304,-14.833649478316119
FIR-Hamming,1300.0,2450.0,1.0972188597219956,-15.712335324562705,-7.307558232420355,-15.712335324562705,2.870589368207847,0.11500167072745211,0.7502180795568699,0.16167097330263455,0.45594452642975225,nan,nan,0.29661687290229133,-14.845070587646786
FIR-Hamming,1250.0,2450.0,1.1212524567949507,-15.712335324562705,-7.295541433883877,-15.712335324562705,2.899232406083821,0.11500167072745211,0.7511247109270951,0.16167097330263455,0.45639784211486484,nan,nan,0.30813185389307596,-14.855177119721652
FIR-Hamming,1500.0,2450.0,0.966759700792045,-15.712335324562705,-7.37278781188533,-15.712335324562705,2.737084039634239,0.11500167072745211,0.7452667233421136,0.16167097330263455,0.4534688483223741,nan,nan,0.26837196280435216,-14.858761703130638
FIR-Hamming,1450.0,2450.0,0.9824149789098255,-15.712335324562705,-7.364960172826439,-15.712335324562705,2.7522370630666257,0.11500167072745211,0.7458635450531825,0.16167097330263455,0.45376725917790856,nan,nan,0.2736063767702832,-14.860806070292542
FIR-Hamming,1350.0,2450.0,1.0112098620193897,-15.712335324562705,-7.3505627312716575,-15.712335324562705,2.7840729398115336,0.11500167072745211,0.7469594049158196,0.16167097330263455,0.4543151891092271,nan,nan,0.2820858512997567,-14.862271717934068
FIR-Hamming,1400.0,2450.0,0.9913869946764955,-15.712335324562705,-7.3604741649431045,-15.712335324562705,2.7608021124077764,0.11500167072745211,0.7462052586169133,0.16167097330263455,0.45393811595977396,nan,nan,0.2767762634201101,-14.86231812214513
FIR-Hamming,650.0,2300.0,0.6651518694604568,-15.161189576206699,-7.248018853373121,-15.161189576206699,2.942932538487838,0.13026317352949335,0.7336310712395697,0.1719581311893309,0.4527946012144503,nan,nan,0.471459415773552,-14.865943270594672
FIR-Hamming,1200.0,2450.0,1.1007860872111264,-15.712335324562705,-7.305774618675789,-15.712335324562705,2.889602570754961,0.11500167072745211,0.750352757283042,0.16167097330263455,0.45601186529283827,nan,nan,0.3122622438637566,-14.874443038098978
FIR-Hamming,1150.0,2450.0,1.0772985207607357,-15.712335324562705,-7.317518401900985,-15.712335324562705,2.8842516951740924,0.11500167072745211,0.7494653040818784,0.16167097330263455,0.4555681386922565,nan,nan,0.31695357003072594,-14.896456926859276
FIR-Hamming,1050.0,2400.0,0.9440509079906436,-15.626686441190692,-7.341317766600024,-15.626686441190692,2.842728290379948,0.11726669870122047,0.7443997284561089,0.16323056471381164,0.45381514658496025,nan,nan,0.3373836844294696,-14.92179806288439
FIR-Hamming,1100.0,2450.0,1.047479618297296,-15.712335324562705,-7.332427853132705,-15.712335324562705,2.878425978832439,0.11500167072745211,0.7483362580450005,0.16167097330263455,0.45500361567381753,nan,nan,0.32180494873853077,-14.922198181543484
FIR-Hamming,750.0,2350.0,0.7653443244486688,-15.385886667409403,-7.310271171480367,-15.385886667409403,2.9039994499333766,0.12379969147558902,0.7375249792463171,0.16769181526581406,0.4526083972560656,nan,nan,0.42359400135035247,-14.945185713373641
FIR-Hamming,700.0,2350.0,0.8310529301706369,-15.385886667409403,-7.277416868619383,-15.385886667409403,2.993004041945829,0.12379969147558902,0.740063379230701,0.16769181526581406,0.4538775972482575,nan,nan,0.4434846013911166,-14.949574210609802
FIR-Hamming,900.0,2350.0,0.5552152975037472,-15.385886667409403,-7.4153356849528285,-15.385886667409403,2.657744664193607,0.12379969147558902,0.7293266089842546,0.16769181526581406,0.44850921212503436,nan,nan,0.3724684050659805,-14.956197404539422
FIR-Hamming,1000.0,2400.0,0.907343372463457,-15.626686441190692,-7.359671534363618,-15.626686441190692,2.831704699752449,0.11726669870122047,0.7429951029769953,0.16323056471381164,0.45311283384540346,nan,nan,0.34927361341721014,-14.965336314102577
FIR-Hamming,850.0,2350.0,0.5208307796015608,-15.385886667409403,-7.432527943903922,-15.385886667409403,2.6396221925800583,0.12379969147558902,0.7279735902805347,0.16769181526581406,0.44783270277317433,nan,nan,0.3758518518334556,-14.981509575729186
FIR-Hamming,600.0,2300.0,0.5148217136083029,-15.161189576206699,-7.323183931299198,-15.161189576206699,2.8967736386736376,0.13026317352949335,0.7277368102777756,0.1719581311893309,0.44984747073355325,nan,nan,0.49101682065409985,-14.986117419243639
FIR-Hamming,800.0,2350.0,0.5295789815784571,-15.385886667409403,-7.428153842915473,-15.385886667409403,2.6755426009261103,0.12379969147558902,0.7283181299122429,0.16769181526581406,0.4480049725890285,nan,nan,0.3841329439656633,-14.993353119373444
FIR-Hamming,1300.0,2500.0,1.0972188597219956,-15.862144527569829,-7.382462833923917,-15.862144527569829,2.870589368207847,0.11115231705792088,0.7502180795568699,0.1589769357002895,0.4545975076285797,nan,nan,0.2975947732384533,-14.999529628928578
FIR-Hamming,1250.0,2500.0,1.1212524567949507,-15.862144527569829,-7.370446035387439,-15.862144527569829,2.899232406083821,0.11115231705792088,0.7511247109270951,0.1589769357002895,0.4550508233136923,nan,nan,0.3090732863236351,-15.009563225192238
FIR-Hamming,1050.0,2450.0,0.9440509079906436,-15.712335324562705,-7.384142208286031,-15.712335324562705,2.842728290379948,0.11500167072745211,0.7443997284561089,0.16167097330263455,0.45303535087937175,nan,nan,0.3380216752978855,-15.010282519404411
FIR-Hamming,1500.0,2500.0,0.966759700792045,-15.862144527569829,-7.447692413388892,-15.862144527569829,2.737084039634239,0.11115231705792088,0.7452667233421136,0.1589769357002895,0.45212182952120156,nan,nan,0.26945242089670396,-15.013425859924808
FIR-Hamming,1450.0,2500.0,0.9824149789098255,-15.862144527569829,-7.439864774330001,-15.862144527569829,2.7522370630666257,0.11115231705792088,0.7458635450531825,0.1589769357002895,0.452420240376736,nan,nan,0.2746662029428587,-15.01542896324716
FIR-Hamming,1350.0,2500.0,1.0112098620193897,-15.862144527569829,-7.425467332775219,-15.862144527569829,2.7840729398115336,0.11115231705792088,0.7469594049158196,0.1589769357002895,0.45296817030805453,nan,nan,0.2831139866930951,-15.016831229330215
FIR-Hamming,1400.0,2500.0,0.9913869946764955,-15.862144527569829,-7.435378766446666,-15.862144527569829,2.7608021124077764,0.11115231705792088,0.7462052586169133,0.1589769357002895,0.4525910971586014,nan,nan,0.27782403393126665,-15.016916903776911
FIR-Hamming,1200.0,2500.0,1.1007860872111264,-15.862144527569829,-7.380679220179351,-15.862144527569829,2.889602570754961,0.11115231705792088,0.750352757283042,0.1589769357002895,0.4546648464916657,nan,nan,0.31319137613430326,-15.02880454324954
FIR-Hamming,1150.0,2500.0,1.0772985207607357,-15.862144527569829,-7.392423003404547,-15.862144527569829,2.8842516951740924,0.11115231705792088,0.7494653040818784,0.1589769357002895,0.45422111989108394,nan,nan,0.317868935149699,-15.05079089770669
FIR-Hamming,1000.0,2450.0,0.907343372463457,-15.712335324562705,-7.402495976049624,-15.712335324562705,2.831704699752449,0.11500167072745211,0.7429951029769953,0.16167097330263455,0.45233303813981496,nan,nan,0.34988982510321864,-15.053777212257783
FIR-Hamming,950.0,2400.0,0.7738498748564294,-15.626686441190692,-7.4264182831671315,-15.626686441190692,2.770872140248959,0.11726669870122047,0.7378542471795242,0.16323056471381164,0.45054240594666795,nan,nan,0.3580573194273598,-15.05479133072386
FIR-Hamming,1100.0,2500.0,1.047479618297296,-15.862144527569829,-7.407332454636267,-15.862144527569829,2.878425978832439,0.11115231705792088,0.7483362580450005,0.1589769357002895,0.453656596872645,nan,nan,0.32270662193626665,-15.076504768548425
FIR-Hamming,650.0,2350.0,0.6651518694604568,-15.385886667409403,-7.360367398974473,-15.385886667409403,2.942932538487838,0.12379969147558902,0.7336310712395697,0.16769181526581406,0.45066144325269186,nan,nan,0.47226110785412206,-15.096510061882036
FIR-Hamming,950.0,2450.0,0.7738498748564294,-15.712335324562705,-7.469242724853138,-15.712335324562705,2.770872140248959,0.11500167072745211,0.7378542471795242,0.16167097330263455,0.4497626102410794,nan,nan,0.35865856027641113,-15.143202287205153
FIR-Hamming,1050.0,2500.0,0.9440509079906436,-15.862144527569829,-7.459046809789593,-15.862144527569829,2.842728290379948,0.11115231705792088,0.7443997284561089,0.1589769357002895,0.4516883320781992,nan,nan,0.33888005343698413,-15.164502516292076
FIR-Hamming,1300.0,2550.0,1.0972188597219956,-16.044524350927905,-7.473652745602955,-16.044524350927905,2.870589368207847,0.10663710770037561,0.7502180795568699,0.15575462296219578,0.45298635125953285,nan,nan,0.29882106533804814,-15.187584349223938
FIR-Hamming,750.0,2400.0,0.7653443244486688,-15.626686441190692,-7.430671058371011,-15.626686441190692,2.9039994499333766,0.11726669870122047,0.7375249792463171,0.16323056471381164,0.45037777198006435,nan,nan,0.4246312772295717,-15.192521289465372
FIR-Hamming,700.0,2400.0,0.8310529301706369,-15.626686441190692,-7.397816755510028,-15.626686441190692,2.993004041945829,0.11726669870122047,0.740063379230701,0.16323056471381164,0.45164697197225634,nan,nan,0.44447553538307166,-15.196817102927005
FIR-Hamming,1250.0,2550.0,1.1212524567949507,-16.044524350927905,-7.461635947066477,-16.044524350927905,2.899232406083821,0.10663710770037561,0.7511247109270951,0.15575462296219578,0.45343966694464544,nan,nan,0.3102542333379239,-15.197527255316986
FIR-Hamming,1500.0,2550.0,0.966759700792045,-16.044524350927905,-7.53888232506793,-16.044524350927905,2.737084039634239,0.10663710770037561,0.7452667233421136,0.15575462296219578,0.4505106731521547,nan,nan,0.27080615318627543,-15.201735460600123
FIR-Hamming,1450.0,2550.0,0.9824149789098255,-16.044524350927905,-7.531054686009039,-16.044524350927905,2.7522370630666257,0.10663710770037561,0.7458635450531825,0.15575462296219578,0.45080908400768915,nan,nan,0.2759943757256152,-15.203687444908843
FIR-Hamming,900.0,2400.0,0.5552152975037472,-15.626686441190692,-7.535735571843473,-15.626686441190692,2.657744664193607,0.11726669870122047,0.7293266089842546,0.16323056471381164,0.4462785868490331,nan,nan,0.37364771582045114,-15.203817050381655
FIR-Hamming,1350.0,2550.0,1.0112098620193897,-16.044524350927905,-7.516657244454257,-16.044524350927905,2.7840729398115336,0.10663710770037561,0.7469594049158196,0.15575462296219578,0.4513570139390077,nan,nan,0.28440270116437416,-15.205010794368942
FIR-Hamming,1400.0,2550.0,0.9913869946764955,-16.044524350927905,-7.526568678125704,-16.044524350927905,2.7608021124077764,0.10663710770037561,0.7462052586169133,0.15575462296219578,0.45097994078955456,nan,nan,0.27913717945431366,-15.205145330919175
FIR-Hamming,1000.0,2500.0,0.907343372463457,-15.862144527569829,-7.477400577553186,-15.862144527569829,2.831704699752449,0.11115231705792088,0.7429951029769953,0.1589769357002895,0.4509860193386424,nan,nan,0.3507192771779454,-15.207939357016706
FIR-Hamming,600.0,2350.0,0.5148217136083029,-15.385886667409403,-7.43553247690055,-15.385886667409403,2.8967736386736376,0.12379969147558902,0.7277368102777756,0.16769181526581406,0.44771431277179485,nan,nan,0.491786690302344,-15.21662056566635
FIR-Hamming,1200.0,2550.0,1.1007860872111264,-16.044524350927905,-7.471869131858389,-16.044524350927905,2.889602570754961,0.10663710770037561,0.750352757283042,0.15575462296219578,0.45305369012261887,nan,nan,0.31435678808411144,-15.216737503245326
FIR-Hamming,850.0,2400.0,0.5208307796015608,-15.626686441190692,-7.552927830794566,-15.626686441190692,2.6396221925800583,0.11726669870122047,0.7279735902805347,0.16323056471381164,0.4456020774971732,nan,nan,0.37702055511048427,-15.229108006616535
FIR-Hamming,1150.0,2550.0,1.0772985207607357,-16.044524350927905,-7.483612915083585,-16.044524350927905,2.8842516951740924,0.10663710770037561,0.7494653040818784,0.15575462296219578,0.4526099635220371,nan,nan,0.3190172510055449,-15.238689665514553
FIR-Hamming,800.0,2400.0,0.5295789815784571,-15.626686441190692,-7.548553729806118,-15.626686441190692,2.6755426009261103,0.11726669870122047,0.7283181299122429,0.16323056471381164,0.44577434731302723,nan,nan,0.3852764826951434,-15.240901221165696
FIR-Hamming,1100.0,2550.0,1.047479618297296,-16.044524350927905,-7.498522366315305,-16.044524350927905,2.878425978832439,0.10663710770037561,0.7483362580450005,0.15575462296219578,0.45204544050359813,nan,nan,0.32383778527539786,-15.264369231322856
FIR-Hamming,750.0,2450.0,0.7653443244486688,-15.712335324562705,-7.473495500057018,-15.712335324562705,2.9039994499333766,0.11500167072745211,0.7375249792463171,0.16167097330263455,0.44959797627447584,nan,nan,0.4251383673125335,-15.280743944414485
FIR-Hamming,700.0,2450.0,0.8310529301706369,-15.712335324562705,-7.440641197196034,-15.712335324562705,2.993004041945829,0.11500167072745211,0.740063379230701,0.16167097330263455,0.4508671762666678,nan,nan,0.4449599435195884,-15.28499439398323
FIR-Hamming,900.0,2450.0,0.5552152975037472,-15.712335324562705,-7.578560013529479,-15.712335324562705,2.657744664193607,0.11500167072745211,0.7293266089842546,0.16167097330263455,0.4454987911434446,nan,nan,0.37422386735229046,-15.292177828228523
FIR-Hamming,950.0,2500.0,0.7738498748564294,-15.862144527569829,-7.5441473263567,-15.862144527569829,2.770872140248959,0.11115231705792088,0.7378542471795242,0.1589769357002895,0.44841559143990684,nan,nan,0.3594676249299551,-15.29732365712171
FIR-Hamming,1300.0,2600.0,1.0972188597219956,-16.154146341727508,-7.528463741002756,-16.154146341727508,2.870589368207847,0.10399781605066867,0.7502180795568699,0.15384776466304573,0.4520329221099578,nan,nan,0.2999923076389326,-15.301455682924459
FIR-Hamming,1250.0,2600.0,1.1212524567949507,-16.154146341727508,-7.5164469424662785,-16.154146341727508,2.899232406083821,0.10399781605066867,0.7511247109270951,0.15384776466304573,0.4524862377950704,nan,nan,0.3113824438863487,-15.31131252551259
FIR-Hamming,1500.0,2600.0,0.966759700792045,-16.154146341727508,-7.5936933204677315,-16.154146341727508,2.737084039634239,0.10399781605066867,0.7452667233421136,0.15384776466304573,0.4495572440025797,nan,nan,0.27209800852410204,-15.31584802037453
FIR-Hamming,850.0,2450.0,0.5208307796015608,-15.712335324562705,-7.595752272480572,-15.712335324562705,2.6396221925800583,0.11500167072745211,0.7279735902805347,0.16167097330263455,0.4448222817915846,nan,nan,0.3775915533642755,-15.317458477907305
FIR-Hamming,1450.0,2600.0,0.9824149789098255,-16.154146341727508,-7.5858656814088405,-16.154146341727508,2.7522370630666257,0.10399781605066867,0.7458635450531825,0.15384776466304573,0.44985565485811413,nan,nan,0.27726210093301973,-15.317751744422406
FIR-Hamming,1350.0,2600.0,1.0112098620193897,-16.154146341727508,-7.571468239854059,-16.154146341727508,2.7840729398115336,0.10399781605066867,0.7469594049158196,0.15384776466304573,0.45040358478943265,nan,nan,0.2856330933173065,-15.31900042777356
FIR-Hamming,1400.0,2600.0,0.9913869946764955,-16.154146341727508,-7.581379673525506,-16.154146341727508,2.7608021124077764,0.10399781605066867,0.7462052586169133,0.15384776466304573,0.45002651163997953,nan,nan,0.2803906485129575,-15.319181118135216
FIR-Hamming,800.0,2450.0,0.5295789815784571,-15.712335324562705,-7.591378171492124,-15.712335324562705,2.6755426009261103,0.11500167072745211,0.7283181299122429,0.16167097330263455,0.4449945516074387,nan,nan,0.38583525601925867,-15.329227242597115
FIR-Hamming,1200.0,2600.0,1.1007860872111264,-16.154146341727508,-7.5266801272581905,-16.154146341727508,2.889602570754961,0.10399781605066867,0.750352757283042,0.15384776466304573,0.45210026097304384,nan,nan,0.31547034752450914,-15.330493471224875
FIR-Hamming,650.0,2400.0,0.6651518694604568,-15.626686441190692,-7.4807672858651175,-15.626686441190692,2.942932538487838,0.11726669870122047,0.7336310712395697,0.16323056471381164,0.4484308179766907,nan,nan,0.4731917447313981,-15.343632359969877
FIR-Hamming,1050.0,2550.0,0.9440509079906436,-16.044524350927905,-7.550236721468631,-16.044524350927905,2.842728290379948,0.10663710770037561,0.7443997284561089,0.15575462296219578,0.45007717570915234,nan,nan,0.33995746470070903,-15.352259474915696
FIR-Hamming,1150.0,2600.0,1.0772985207607357,-16.154146341727508,-7.538423910483386,-16.154146341727508,2.8842516951740924,0.10399781605066867,0.7494653040818784,0.15384776466304573,0.45165653437246206,nan,nan,0.32011459830843375,-15.352413209219085
FIR-Hamming,1100.0,2600.0,1.047479618297296,-16.154146341727508,-7.553333361715106,-16.154146341727508,2.878425978832439,0.10399781605066867,0.7483362580450005,0.15384776466304573,0.4510920113540231,nan,nan,0.3249188075952732,-15.378060125061362
FIR-Hamming,1000.0,2550.0,0.907343372463457,-16.044524350927905,-7.568590489232224,-16.044524350927905,2.831704699752449,0.10663710770037561,0.7429951029769953,0.15575462296219578,0.44937486296959556,nan,nan,0.35176035218915624,-15.395623643135297
FIR-Hamming,650.0,2450.0,0.6651518694604568,-15.712335324562705,-7.523591727551124,-15.712335324562705,2.942932538487838,0.11500167072745211,0.7336310712395697,0.16167097330263455,0.44765102227110215,nan,nan,0.4736468130366923,-15.431750971363657
FIR-Hamming,750.0,2500.0,0.7653443244486688,-15.862144527569829,-7.5484001015605795,-15.862144527569829,2.9039994499333766,0.11115231705792088,0.7375249792463171,0.1589769357002895,0.4482509574733033,nan,nan,0.4258212330766526,-15.434612916552192
FIR-Hamming,700.0,2500.0,0.8310529301706369,-15.862144527569829,-7.515545798699596,-15.862144527569829,2.993004041945829,0.11115231705792088,0.740063379230701,0.1589769357002895,0.44952015746549523,nan,nan,0.44561237861260616,-15.438802504778732
FIR-Hamming,900.0,2500.0,0.5552152975037472,-15.862144527569829,-7.653464615033041,-15.862144527569829,2.657744664193607,0.11115231705792088,0.7293266089842546,0.1589769357002895,0.44415177234227204,nan,nan,0.37499941689093796,-15.446232167915287
FIR-Hamming,600.0,2400.0,0.5148217136083029,-15.626686441190692,-7.555932363791195,-15.626686441190692,2.8967736386736376,0.11726669870122047,0.7277368102777756,0.16323056471381164,0.4454836874957936,nan,nan,0.4926802762389096,-15.463668761872773
FIR-Hamming,1050.0,2600.0,0.9440509079906436,-16.154146341727508,-7.605047716868432,-16.154146341727508,2.842728290379948,0.10399781605066867,0.7443997284561089,0.15384776466304573,0.4491237465595773,nan,nan,0.34098748085245917,-15.46584835631795
FIR-Hamming,850.0,2500.0,0.5208307796015608,-15.862144527569829,-7.670656873984134,-15.862144527569829,2.6396221925800583,0.11115231705792088,0.7279735902805347,0.1589769357002895,0.44347526299041207,nan,nan,0.37836025694230446,-15.471499125672834
FIR-Hamming,800.0,2500.0,0.5295789815784571,-15.862144527569829,-7.666282772995686,-15.862144527569829,2.6755426009261103,0.11115231705792088,0.7283181299122429,0.1589769357002895,0.4436475328062662,nan,nan,0.3865875969991058,-15.48323516516628
FIR-Hamming,950.0,2550.0,0.7738498748564294,-16.044524350927905,-7.635337238035738,-16.044524350927905,2.770872140248959,0.10663710770037561,0.7378542471795242,0.15575462296219578,0.44680443507086,nan,nan,0.36048349777844924,-15.484957538914868
FIR-Hamming,1000.0,2600.0,0.907343372463457,-16.154146341727508,-7.6234014846320255,-16.154146341727508,2.831704699752449,0.10399781605066867,0.7429951029769953,0.15384776466304573,0.44842143382002053,nan,nan,0.3527558752316358,-15.509143538319009
FIR-Hamming,600.0,2450.0,0.5148217136083029,-15.712335324562705,-7.598756805477201,-15.712335324562705,2.8967736386736376,0.11500167072745211,0.7277368102777756,0.16167097330263455,0.4447038917902051,nan,nan,0.49311728926345155,-15.551751262705046
FIR-Hamming,650.0,2500.0,0.6651518694604568,-15.862144527569829,-7.598496329054686,-15.862144527569829,2.942932538487838,0.11115231705792088,0.7336310712395697,0.1589769357002895,0.4463040034699296,nan,nan,0.47425982743340095,-15.585480240766541
FIR-Hamming,950.0,2600.0,0.7738498748564294,-16.154146341727508,-7.690148233435539,-16.154146341727508,2.770872140248959,0.10399781605066867,0.7378542471795242,0.15384776466304573,0.44585100592128496,nan,nan,0.36145502234359556,-15.598429437143913
FIR-Hamming,750.0,2550.0,0.7653443244486688,-16.044524350927905,-7.6395900132396175,-16.044524350927905,2.9039994499333766,0.10663710770037561,0.7375249792463171,0.15575462296219578,0.44663980110425644,nan,nan,0.42667908460339593,-15.62193075570185
FIR-Hamming,700.0,2550.0,0.8310529301706369,-16.044524350927905,-7.606735710378634,-16.044524350927905,2.993004041945829,0.10663710770037561,0.740063379230701,0.15575462296219578,0.4479090010964484,nan,nan,0.4464322764346015,-15.626044436518892
FIR-Hamming,900.0,2550.0,0.5552152975037472,-16.044524350927905,-7.744654526712079,-16.044524350927905,2.657744664193607,0.10663710770037561,0.7293266089842546,0.15575462296219578,0.4425406159732252,nan,nan,0.375973311211683,-15.633782092652947
FIR-Hamming,850.0,2550.0,0.5208307796015608,-16.044524350927905,-7.761846785663172,-16.044524350927905,2.6396221925800583,0.10663710770037561,0.7279735902805347,0.15575462296219578,0.4418641066213652,nan,nan,0.37932553738952396,-15.659031822663442
FIR-Hamming,800.0,2550.0,0.5295789815784571,-16.044524350927905,-7.757472684674724,-16.044524350927905,2.6755426009261103,0.10663710770037561,0.7283181299122429,0.15575462296219578,0.4420363764372193,nan,nan,0.3875323771796378,-15.670726861623514
FIR-Hamming,600.0,2500.0,0.5148217136083029,-15.862144527569829,-7.673661406980763,-15.862144527569829,2.8967736386736376,0.11115231705792088,0.7277368102777756,0.1589769357002895,0.44335687298903254,nan,nan,0.4937062675676587,-15.705432459922928
FIR-Hamming,750.0,2600.0,0.7653443244486688,-16.154146341727508,-7.694401008639419,-16.154146341727508,2.9039994499333766,0.10399781605066867,0.7375249792463171,0.15384776466304573,0.4456863719546814,nan,nan,0.42750014849560647,-15.735101732585022
FIR-Hamming,700.0,2600.0,0.8310529301706369,-16.154146341727508,-7.661546705778435,-16.154146341727508,2.993004041945829,0.10399781605066867,0.740063379230701,0.15384776466304573,0.44695557194687335,nan,nan,0.44721711691980276,-15.73914296658805
FIR-Hamming,900.0,2600.0,0.5552152975037472,-16.154146341727508,-7.7994655221118805,-16.154146341727508,2.657744664193607,0.10399781605066867,0.7293266089842546,0.15384776466304573,0.44158718682365017,nan,nan,0.3769048884681649,-15.747174096264663
FIR-Hamming,850.0,2600.0,0.5208307796015608,-16.154146341727508,-7.816657781062974,-16.154146341727508,2.6396221925800583,0.10399781605066867,0.7279735902805347,0.15384776466304573,0.4409106774717902,nan,nan,0.38024880169382613,-15.772407200370798
FIR-Hamming,650.0,2550.0,0.6651518694604568,-16.044524350927905,-7.689686240733724,-16.044524350927905,2.942932538487838,0.10663710770037561,0.7336310712395697,0.15575462296219578,0.44469284710088275,nan,nan,0.47503029892433685,-15.772623319844584
FIR-Hamming,800.0,2600.0,0.5295789815784571,-16.154146341727508,-7.8122836800745254,-16.154146341727508,2.6755426009261103,0.10399781605066867,0.7283181299122429,0.15384776466304573,0.4410829472876443,nan,nan,0.3884361568267948,-15.78406327001658
FIR-Hamming,650.0,2600.0,0.6651518694604568,-16.154146341727508,-7.744497236133525,-16.154146341727508,2.942932538487838,0.10399781605066867,0.7336310712395697,0.15384776466304573,0.4437394179513077,nan,nan,0.47576778191273156,-15.885627134920124
FIR-Hamming,600.0,2550.0,0.5148217136083029,-16.044524350927905,-7.764851318659801,-16.044524350927905,2.8967736386736376,0.10663710770037561,0.7277368102777756,0.15575462296219578,0.4417457166199857,nan,nan,0.4944463836178298,-15.892514828119442
FIR-Hamming,600.0,2600.0,0.5148217136083029,-16.154146341727508,-7.819662314059602,-16.154146341727508,2.8967736386736376,0.10399781605066867,0.7277368102777756,0.15384776466304573,0.44079228747041066,nan,nan,0.4951550910025255,-16.005461091987584
